o 
v 2.245067596435547 10.750395774841309 0
v 2.009000062942505 12.739999771118164 0
v 7.056000232696533 12.739999771118164 0
v 3.3297030925750732 7.199937343597412 0
v 2.6766250133514404 8.901666641235352 0
v 2.245067596435547 10.750395774841309 0
v 5.404546737670898 4.261979103088379 0
v 4.23033332824707 5.651333332061768 0
v 3.3297030925750732 7.199937343597412 0
v 8.677848815917969 1.985520839691162 0
v 6.878375053405762 3.0380001068115234 0
v 5.404546737670898 4.261979103088379 0
v 13.35785961151123 0.4195624887943268 0
v 10.829000473022461 1.1106666326522827 0
v 8.677848815917969 1.985520839691162 0
v 19.652828216552734 -0.3868958353996277 0
v 16.29045867919922 -0.08166666328907013 0
v 13.35785961151123 0.4195624887943268 0
v 27.208101272583008 -0.39701908826828003 0
v 23.47100067138672 -0.49000000953674316 0
v 19.652828216552734 -0.3868958353996277 0
v 33.36134338378906 0.3116093873977661 0
v 30.497055053710938 -0.12590277194976807 0
v 27.208101272583008 -0.39701908826828003 0
v 37.90983581542969 1.6388628482818604 0
v 35.82444381713867 0.9037777781486511 0
v 33.36134338378906 0.3116093873977661 0
v 41.041412353515625 3.4908246994018555 0
v 39.64099884033203 2.505125045776367 0
v 37.90983581542969 1.6388628482818604 0
v 42.943904876708984 5.77357816696167 0
v 42.13455581665039 4.584222316741943 0
v 41.041412353515625 3.4908246994018555 0
v 43.80514907836914 8.393206596374512 0
v 43.492942810058594 7.047152996063232 0
v 42.943904876708984 5.77357816696167 0
v 43.822105407714844 11.176735877990723 0
v 43.90399932861328 9.800000190734863 0
v 43.80514907836914 8.393206596374512 0
v 43.07099914550781 13.657984733581543 0
v 43.55510330200195 12.463467597961426 0
v 43.822105407714844 11.176735877990723 0
v 41.32355880737305 15.76152515411377 0
v 42.33781433105469 14.758073806762695 0
v 43.07099914550781 13.657984733581543 0
v 38.32389831542969 17.469661712646484 0
v 39.99625015258789 16.66612434387207 0
v 41.32355880737305 15.76152515411377 0
v 33.816123962402344 18.76470375061035 0
v 36.27451705932617 18.169925689697266 0
v 38.32389831542969 17.469661712646484 0
v 27.54435157775879 19.628952026367188 0
v 30.916730880737305 19.251781463623047 0
v 33.816123962402344 18.76470375061035 0
v 20.5654239654541 20.096040725708008 0
v 23.66699981689453 19.893999099731445 0
v 27.54435157775879 19.628952026367188 0
v 42.630001068115234 23.128000259399414 0
v 37.63199996948242 23.128000259399414 0
v 37.453922271728516 24.53127670288086 0
v 41.958744049072266 26.856990814208984 0
v 42.39194869995117 25.05391502380371 0
v 42.630001068115234 23.128000259399414 0
v 40.42863082885742 30.060592651367188 0
v 41.310829162597656 28.528718948364258 0
v 41.958744049072266 26.856990814208984 0
v 37.88312530517578 32.67074966430664 0
v 39.29258346557617 31.44410514831543 0
v 40.42863082885742 30.060592651367188 0
v 34.16570281982422 34.619407653808594 0
v 36.180686950683594 33.73202133178711 0
v 37.88312530517578 32.67074966430664 0
v 29.11983871459961 35.83850860595703 0
v 31.8186092376709 35.324405670166016 0
v 34.16570281982422 34.619407653808594 0
v 22.589000701904297 36.2599983215332 0
v 26.049823760986328 36.1532096862793 0
v 29.11983871459961 35.83850860595703 0
v 16.113059997558594 35.88909912109375 0
v 19.1539249420166 36.16514587402344 0
v 22.589000701904297 36.2599983215332 0
v 11.141148567199707 34.844444274902344 0
v 13.448203086853027 35.444610595703125 0
v 16.113059997558594 35.88909912109375 0
v 7.52762508392334 33.228126525878906 0
v 9.173690795898438 34.10136413574219 0
v 11.141148567199707 34.844444274902344 0
v 5.126852035522461 31.142221450805664 0
v 6.184747219085693 32.237491607666016 0
v 7.52762508392334 33.228126525878906 0
v 3.793189764022827 28.688819885253906 0
v 4.3357343673706055 29.955078125 0
v 5.126852035522461 31.142221450805664 0
v 3.38100004196167 25.969999313354492 0
v 3.481013298034668 27.3562068939209 0
v 3.793189764022827 28.688819885253906 0
v 3.719916582107544 23.3194637298584 0
v 3.4601144790649414 24.602537155151367 0
v 3.38100004196167 25.969999313354492 0
v 4.916333198547363 21.017370223999023 0
v 4.194093704223633 22.12350082397461 0
v 3.719916582107544 23.3194637298584 0
v 7.239749908447266 19.085500717163086 0
v 5.920322895050049 20.003795623779297 0
v 4.916333198547363 21.017370223999023 0
v 10.95966625213623 17.545629501342773 0
v 8.908302307128906 18.26520347595215 0
v 7.239749908447266 19.085500717163086 0
v 16.345582962036133 16.419536590576172 0
v 13.427531242370605 16.929500579833984 0
v 10.95966625213623 17.545629501342773 0
v 23.66699981689453 15.729000091552734 0
v 19.74751091003418 16.018463134765625 0
v 16.345582962036133 16.419536590576172 0
v 2.245067596435547 10.750395774841309 0
v 7.056000232696533 12.739999771118164 0
v 7.263881206512451 11.35538101196289 0
v 5.404546737670898 4.261979103088379 0
v 3.3297030925750732 7.199937343597412 0
v 2.245067596435547 10.750395774841309 0
v 13.35785961151123 0.4195624887943268 0
v 8.677848815917969 1.985520839691162 0
v 5.404546737670898 4.261979103088379 0
v 27.208101272583008 -0.39701908826828003 0
v 19.652828216552734 -0.3868958353996277 0
v 13.35785961151123 0.4195624887943268 0
v 37.90983581542969 1.6388628482818604 0
v 33.36134338378906 0.3116093873977661 0
v 27.208101272583008 -0.39701908826828003 0
v 42.943904876708984 5.77357816696167 0
v 41.041412353515625 3.4908246994018555 0
v 37.90983581542969 1.6388628482818604 0
v 43.822105407714844 11.176735877990723 0
v 43.80514907836914 8.393206596374512 0
v 42.943904876708984 5.77357816696167 0
v 41.32355880737305 15.76152515411377 0
v 43.07099914550781 13.657984733581543 0
v 43.822105407714844 11.176735877990723 0
v 33.816123962402344 18.76470375061035 0
v 38.32389831542969 17.469661712646484 0
v 41.32355880737305 15.76152515411377 0
v 20.5654239654541 20.096040725708008 0
v 27.54435157775879 19.628952026367188 0
v 33.816123962402344 18.76470375061035 0
v 42.630001068115234 23.128000259399414 0
v 37.453922271728516 24.53127670288086 0
v 37.15061950683594 25.824134826660156 0
v 40.42863082885742 30.060592651367188 0
v 41.958744049072266 26.856990814208984 0
v 42.630001068115234 23.128000259399414 0
v 34.16570281982422 34.619407653808594 0
v 37.88312530517578 32.67074966430664 0
v 40.42863082885742 30.060592651367188 0
v 22.589000701904297 36.2599983215332 0
v 29.11983871459961 35.83850860595703 0
v 34.16570281982422 34.619407653808594 0
v 11.141148567199707 34.844444274902344 0
v 16.113059997558594 35.88909912109375 0
v 22.589000701904297 36.2599983215332 0
v 5.126852035522461 31.142221450805664 0
v 7.52762508392334 33.228126525878906 0
v 11.141148567199707 34.844444274902344 0
v 3.38100004196167 25.969999313354492 0
v 3.793189764022827 28.688819885253906 0
v 5.126852035522461 31.142221450805664 0
v 4.916333198547363 21.017370223999023 0
v 3.719916582107544 23.3194637298584 0
v 3.38100004196167 25.969999313354492 0
v 10.95966625213623 17.545629501342773 0
v 7.239749908447266 19.085500717163086 0
v 4.916333198547363 21.017370223999023 0
v 23.66699981689453 15.729000091552734 0
v 16.345582962036133 16.419536590576172 0
v 10.95966625213623 17.545629501342773 0
v 2.245067596435547 10.750395774841309 0
v 7.263881206512451 11.35538101196289 0
v 7.608384132385254 10.070633888244629 0
v 13.35785961151123 0.4195624887943268 0
v 5.404546737670898 4.261979103088379 0
v 2.245067596435547 10.750395774841309 0
v 37.90983581542969 1.6388628482818604 0
v 27.208101272583008 -0.39701908826828003 0
v 13.35785961151123 0.4195624887943268 0
v 43.822105407714844 11.176735877990723 0
v 42.943904876708984 5.77357816696167 0
v 37.90983581542969 1.6388628482818604 0
v 33.816123962402344 18.76470375061035 0
v 41.32355880737305 15.76152515411377 0
v 43.822105407714844 11.176735877990723 0
v 17.903148651123047 20.35881996154785 0
v 20.5654239654541 20.096040725708008 0
v 33.816123962402344 18.76470375061035 0
v 42.630001068115234 23.128000259399414 0
v 37.15061950683594 25.824134826660156 0
v 36.70100021362305 27.00436019897461 0
v 34.16570281982422 34.619407653808594 0
v 40.42863082885742 30.060592651367188 0
v 42.630001068115234 23.128000259399414 0
v 11.141148567199707 34.844444274902344 0
v 22.589000701904297 36.2599983215332 0
v 34.16570281982422 34.619407653808594 0
v 3.38100004196167 25.969999313354492 0
v 5.126852035522461 31.142221450805664 0
v 11.141148567199707 34.844444274902344 0
v 10.95966625213623 17.545629501342773 0
v 4.916333198547363 21.017370223999023 0
v 3.38100004196167 25.969999313354492 0
v 26.7573184967041 15.516779899597168 0
v 23.66699981689453 15.729000091552734 0
v 10.95966625213623 17.545629501342773 0
v 2.245067596435547 10.750395774841309 0
v 7.608384132385254 10.070633888244629 0
v 8.111797332763672 8.88967227935791 0
v 17.903148651123047 20.35881996154785 0
v 33.816123962402344 18.76470375061035 0
v 43.822105407714844 11.176735877990723 0
v 42.630001068115234 23.128000259399414 0
v 36.70100021362305 27.00436019897461 0
v 36.083961486816406 28.069740295410156 0
v 29.410207748413086 15.248074531555176 0
v 26.7573184967041 15.516779899597168 0
v 10.95966625213623 17.545629501342773 0
v 2.245067596435547 10.750395774841309 0
v 8.111797332763672 8.88967227935791 0
v 8.796407699584961 7.816407203674316 0
v 15.647843360900879 20.681827545166016 0
v 17.903148651123047 20.35881996154785 0
v 43.822105407714844 11.176735877990723 0
v 42.630001068115234 23.128000259399414 0
v 36.083961486816406 28.069740295410156 0
v 35.278411865234375 29.01806640625 0
v 2.245067596435547 10.750395774841309 0
v 8.796407699584961 7.816407203674316 0
v 9.684504508972168 6.8547539710998535 0
v 42.630001068115234 23.128000259399414 0
v 35.278411865234375 29.01806640625 0
v 34.263248443603516 29.847124099731445 0
v 2.245067596435547 10.750395774841309 0
v 9.684504508972168 6.8547539710998535 0
v 10.798375129699707 6.008625030517578 0
v 34.16570281982422 34.619407653808594 0
v 42.630001068115234 23.128000259399414 0
v 34.263248443603516 29.847124099731445 0
v 13.35785961151123 0.4195624887943268 0
v 2.245067596435547 10.750395774841309 0
v 10.798375129699707 6.008625030517578 0
v 34.16570281982422 34.619407653808594 0
v 34.263248443603516 29.847124099731445 0
v 33.01737976074219 30.554704666137695 0
v 13.35785961151123 0.4195624887943268 0
v 10.798375129699707 6.008625030517578 0
v 12.160308837890625 5.281933307647705 0
v 34.16570281982422 34.619407653808594 0
v 33.01737976074219 30.554704666137695 0
v 31.519702911376953 31.138591766357422 0
v 13.35785961151123 0.4195624887943268 0
v 12.160308837890625 5.281933307647705 0
v 13.792593002319336 4.678592681884766 0
v 34.16570281982422 34.619407653808594 0
v 31.519702911376953 31.138591766357422 0
v 29.74912452697754 31.59657859802246 0
v 13.35785961151123 0.4195624887943268 0
v 13.792593002319336 4.678592681884766 0
v 15.71751594543457 4.202515602111816 0
v 34.16570281982422 34.619407653808594 0
v 29.74912452697754 31.59657859802246 0
v 27.684545516967773 31.926448822021484 0
v 13.35785961151123 0.4195624887943268 0
v 15.71751594543457 4.202515602111816 0
v 17.957365036010742 3.8576157093048096 0
v 34.16570281982422 34.619407653808594 0
v 27.684545516967773 31.926448822021484 0
v 25.30487060546875 32.12599182128906 0
v 13.35785961151123 0.4195624887943268 0
v 17.957365036010742 3.8576157093048096 0
v 20.53443145751953 3.647806167602539 0
v 34.16570281982422 34.619407653808594 0
v 25.30487060546875 32.12599182128906 0
v 22.589000701904297 32.19300079345703 0
v 13.35785961151123 0.4195624887943268 0
v 20.53443145751953 3.647806167602539 0
v 23.47100067138672 3.5769999027252197 0
v 34.16570281982422 34.619407653808594 0
v 22.589000701904297 32.19300079345703 0
v 19.86890411376953 32.139007568359375 0
v 13.35785961151123 0.4195624887943268 0
v 23.47100067138672 3.5769999027252197 0
v 26.4725341796875 3.629147529602051 0
v 34.16570281982422 34.619407653808594 0
v 19.86890411376953 32.139007568359375 0
v 17.500486373901367 31.98157501220703 0
v 13.35785961151123 0.4195624887943268 0
v 26.4725341796875 3.629147529602051 0
v 29.07560157775879 3.7818472385406494 0
v 34.16570281982422 34.619407653808594 0
v 17.500486373901367 31.98157501220703 0
v 15.461796760559082 31.727500915527344 0
v 13.35785961151123 0.4195624887943268 0
v 29.07560157775879 3.7818472385406494 0
v 31.306406021118164 4.029484272003174 0
v 11.141148567199707 34.844444274902344 0
v 34.16570281982422 34.619407653808594 0
v 15.461796760559082 31.727500915527344 0
v 13.35785961151123 0.4195624887943268 0
v 31.306406021118164 4.029484272003174 0
v 33.19114685058594 4.3664445877075195 0
v 11.141148567199707 34.844444274902344 0
v 15.461796760559082 31.727500915527344 0
v 13.730889320373535 31.38359260559082 0
v 37.90983581542969 1.6388628482818604 0
v 13.35785961151123 0.4195624887943268 0
v 33.19114685058594 4.3664445877075195 0
v 11.141148567199707 34.844444274902344 0
v 13.730889320373535 31.38359260559082 0
v 12.28581428527832 30.95665740966797 0
v 37.90983581542969 1.6388628482818604 0
v 33.19114685058594 4.3664445877075195 0
v 34.75602722167969 4.787112712860107 0
v 11.141148567199707 34.844444274902344 0
v 12.28581428527832 30.95665740966797 0
v 11.10462474822998 30.453500747680664 0
v 37.90983581542969 1.6388628482818604 0
v 34.75602722167969 4.787112712860107 0
v 36.02724838256836 5.285874843597412 0
v 11.141148567199707 34.844444274902344 0
v 11.10462474822998 30.453500747680664 0
v 10.165372848510742 29.88092613220215 0
v 37.90983581542969 1.6388628482818604 0
v 36.02724838256836 5.285874843597412 0
v 37.03101348876953 5.857116222381592 0
v 11.141148567199707 34.844444274902344 0
v 10.165372848510742 29.88092613220215 0
v 9.446110725402832 29.24574089050293 0
v 37.90983581542969 1.6388628482818604 0
v 37.03101348876953 5.857116222381592 0
v 37.79351806640625 6.495222091674805 0
v 11.141148567199707 34.844444274902344 0
v 9.446110725402832 29.24574089050293 0
v 8.924890518188477 28.554750442504883 0
v 37.90983581542969 1.6388628482818604 0
v 37.79351806640625 6.495222091674805 0
v 38.34096908569336 7.194578170776367 0
v 11.141148567199707 34.844444274902344 0
v 8.924890518188477 28.554750442504883 0
v 8.579763412475586 27.814760208129883 0
v 37.90983581542969 1.6388628482818604 0
v 38.34096908569336 7.194578170776367 0
v 38.69956588745117 7.949569225311279 0
v 3.38100004196167 25.969999313354492 0
v 11.141148567199707 34.844444274902344 0
v 8.579763412475586 27.814760208129883 0
v 37.90983581542969 1.6388628482818604 0
v 38.69956588745117 7.949569225311279 0
v 38.8955078125 8.754581451416016 0
v 3.38100004196167 25.969999313354492 0
v 8.579763412475586 27.814760208129883 0
v 8.38878345489502 27.032573699951172 0
v 43.822105407714844 11.176735877990723 0
v 37.90983581542969 1.6388628482818604 0
v 38.8955078125 8.754581451416016 0
v 3.38100004196167 25.969999313354492 0
v 8.38878345489502 27.032573699951172 0
v 8.329999923706055 26.21500015258789 0
v 43.822105407714844 11.176735877990723 0
v 38.8955078125 8.754581451416016 0
v 38.95500183105469 9.604000091552734 0
v 3.38100004196167 25.969999313354492 0
v 8.329999923706055 26.21500015258789 0
v 8.377242088317871 25.37289810180664 0
v 43.822105407714844 11.176735877990723 0
v 38.95500183105469 9.604000091552734 0
v 38.90778732299805 10.400136947631836 0
v 3.38100004196167 25.969999313354492 0
v 8.377242088317871 25.37289810180664 0
v 8.540518760681152 24.5864315032959 0
v 43.822105407714844 11.176735877990723 0
v 38.90778732299805 10.400136947631836 0
v 38.74470901489258 11.146592140197754 0
v 3.38100004196167 25.969999313354492 0
v 8.540518760681152 24.5864315032959 0
v 8.852156639099121 23.856109619140625 0
v 43.822105407714844 11.176735877990723 0
v 38.74470901489258 11.146592140197754 0
v 38.43360900878906 11.842687606811523 0
v 3.38100004196167 25.969999313354492 0
v 8.852156639099121 23.856109619140625 0
v 9.344481468200684 23.182443618774414 0
v 43.822105407714844 11.176735877990723 0
v 38.43360900878906 11.842687606811523 0
v 37.94233322143555 12.487740516662598 0
v 3.38100004196167 25.969999313354492 0
v 9.344481468200684 23.182443618774414 0
v 10.049820899963379 22.565946578979492 0
v 43.822105407714844 11.176735877990723 0
v 37.94233322143555 12.487740516662598 0
v 37.23872375488281 13.081071853637695 0
v 3.38100004196167 25.969999313354492 0
v 10.049820899963379 22.565946578979492 0
v 11.000499725341797 22.007125854492188 0
v 43.822105407714844 11.176735877990723 0
v 37.23872375488281 13.081071853637695 0
v 36.290626525878906 13.621999740600586 0
v 10.95966625213623 17.545629501342773 0
v 3.38100004196167 25.969999313354492 0
v 11.000499725341797 22.007125854492188 0
v 43.822105407714844 11.176735877990723 0
v 36.290626525878906 13.621999740600586 0
v 35.065879821777344 14.109845161437988 0
v 10.95966625213623 17.545629501342773 0
v 11.000499725341797 22.007125854492188 0
v 12.228845596313477 21.50649070739746 0
v 15.647843360900879 20.681827545166016 0
v 43.822105407714844 11.176735877990723 0
v 35.065879821777344 14.109845161437988 0
v 10.95966625213623 17.545629501342773 0
v 12.228845596313477 21.50649070739746 0
v 13.76718521118164 21.064556121826172 0
v 15.647843360900879 20.681827545166016 0
v 35.065879821777344 14.109845161437988 0
v 33.53233337402344 14.543926239013672 0
v 10.95966625213623 17.545629501342773 0
v 13.76718521118164 21.064556121826172 0
v 15.647843360900879 20.681827545166016 0
v 15.647843360900879 20.681827545166016 0
v 33.53233337402344 14.543926239013672 0
v 31.657827377319336 14.923562049865723 0
v 29.410207748413086 15.248074531555176 0
v 10.95966625213623 17.545629501342773 0
v 15.647843360900879 20.681827545166016 0
v 15.647843360900879 20.681827545166016 0
v 31.657827377319336 14.923562049865723 0
v 29.410207748413086 15.248074531555176 0
v 7.056000232696533 12.739999771118164 10
v 2.009000062942505 12.739999771118164 10
v 2.245067596435547 10.750395774841309 10
v 2.245067596435547 10.750395774841309 10
v 2.6766250133514404 8.901666641235352 10
v 3.3297030925750732 7.199937343597412 10
v 3.3297030925750732 7.199937343597412 10
v 4.23033332824707 5.651333332061768 10
v 5.404546737670898 4.261979103088379 10
v 5.404546737670898 4.261979103088379 10
v 6.878375053405762 3.0380001068115234 10
v 8.677848815917969 1.985520839691162 10
v 8.677848815917969 1.985520839691162 10
v 10.829000473022461 1.1106666326522827 10
v 13.35785961151123 0.4195624887943268 10
v 13.35785961151123 0.4195624887943268 10
v 16.29045867919922 -0.08166666328907013 10
v 19.652828216552734 -0.3868958353996277 10
v 19.652828216552734 -0.3868958353996277 10
v 23.47100067138672 -0.49000000953674316 10
v 27.208101272583008 -0.39701908826828003 10
v 27.208101272583008 -0.39701908826828003 10
v 30.497055053710938 -0.12590277194976807 10
v 33.36134338378906 0.3116093873977661 10
v 33.36134338378906 0.3116093873977661 10
v 35.82444381713867 0.9037777781486511 10
v 37.90983581542969 1.6388628482818604 10
v 37.90983581542969 1.6388628482818604 10
v 39.64099884033203 2.505125045776367 10
v 41.041412353515625 3.4908246994018555 10
v 41.041412353515625 3.4908246994018555 10
v 42.13455581665039 4.584222316741943 10
v 42.943904876708984 5.77357816696167 10
v 42.943904876708984 5.77357816696167 10
v 43.492942810058594 7.047152996063232 10
v 43.80514907836914 8.393206596374512 10
v 43.80514907836914 8.393206596374512 10
v 43.90399932861328 9.800000190734863 10
v 43.822105407714844 11.176735877990723 10
v 43.822105407714844 11.176735877990723 10
v 43.55510330200195 12.463467597961426 10
v 43.07099914550781 13.657984733581543 10
v 43.07099914550781 13.657984733581543 10
v 42.33781433105469 14.758073806762695 10
v 41.32355880737305 15.76152515411377 10
v 41.32355880737305 15.76152515411377 10
v 39.99625015258789 16.66612434387207 10
v 38.32389831542969 17.469661712646484 10
v 38.32389831542969 17.469661712646484 10
v 36.27451705932617 18.169925689697266 10
v 33.816123962402344 18.76470375061035 10
v 33.816123962402344 18.76470375061035 10
v 30.916730880737305 19.251781463623047 10
v 27.54435157775879 19.628952026367188 10
v 27.54435157775879 19.628952026367188 10
v 23.66699981689453 19.893999099731445 10
v 20.5654239654541 20.096040725708008 10
v 37.453922271728516 24.53127670288086 10
v 37.63199996948242 23.128000259399414 10
v 42.630001068115234 23.128000259399414 10
v 42.630001068115234 23.128000259399414 10
v 42.39194869995117 25.05391502380371 10
v 41.958744049072266 26.856990814208984 10
v 41.958744049072266 26.856990814208984 10
v 41.310829162597656 28.528718948364258 10
v 40.42863082885742 30.060592651367188 10
v 40.42863082885742 30.060592651367188 10
v 39.29258346557617 31.44410514831543 10
v 37.88312530517578 32.67074966430664 10
v 37.88312530517578 32.67074966430664 10
v 36.180686950683594 33.73202133178711 10
v 34.16570281982422 34.619407653808594 10
v 34.16570281982422 34.619407653808594 10
v 31.8186092376709 35.324405670166016 10
v 29.11983871459961 35.83850860595703 10
v 29.11983871459961 35.83850860595703 10
v 26.049823760986328 36.1532096862793 10
v 22.589000701904297 36.2599983215332 10
v 22.589000701904297 36.2599983215332 10
v 19.1539249420166 36.16514587402344 10
v 16.113059997558594 35.88909912109375 10
v 16.113059997558594 35.88909912109375 10
v 13.448203086853027 35.444610595703125 10
v 11.141148567199707 34.844444274902344 10
v 11.141148567199707 34.844444274902344 10
v 9.173690795898438 34.10136413574219 10
v 7.52762508392334 33.228126525878906 10
v 7.52762508392334 33.228126525878906 10
v 6.184747219085693 32.237491607666016 10
v 5.126852035522461 31.142221450805664 10
v 5.126852035522461 31.142221450805664 10
v 4.3357343673706055 29.955078125 10
v 3.793189764022827 28.688819885253906 10
v 3.793189764022827 28.688819885253906 10
v 3.481013298034668 27.3562068939209 10
v 3.38100004196167 25.969999313354492 10
v 3.38100004196167 25.969999313354492 10
v 3.4601144790649414 24.602537155151367 10
v 3.719916582107544 23.3194637298584 10
v 3.719916582107544 23.3194637298584 10
v 4.194093704223633 22.12350082397461 10
v 4.916333198547363 21.017370223999023 10
v 4.916333198547363 21.017370223999023 10
v 5.920322895050049 20.003795623779297 10
v 7.239749908447266 19.085500717163086 10
v 7.239749908447266 19.085500717163086 10
v 8.908302307128906 18.26520347595215 10
v 10.95966625213623 17.545629501342773 10
v 10.95966625213623 17.545629501342773 10
v 13.427531242370605 16.929500579833984 10
v 16.345582962036133 16.419536590576172 10
v 16.345582962036133 16.419536590576172 10
v 19.74751091003418 16.018463134765625 10
v 23.66699981689453 15.729000091552734 10
v 7.263881206512451 11.35538101196289 10
v 7.056000232696533 12.739999771118164 10
v 2.245067596435547 10.750395774841309 10
v 2.245067596435547 10.750395774841309 10
v 3.3297030925750732 7.199937343597412 10
v 5.404546737670898 4.261979103088379 10
v 5.404546737670898 4.261979103088379 10
v 8.677848815917969 1.985520839691162 10
v 13.35785961151123 0.4195624887943268 10
v 13.35785961151123 0.4195624887943268 10
v 19.652828216552734 -0.3868958353996277 10
v 27.208101272583008 -0.39701908826828003 10
v 27.208101272583008 -0.39701908826828003 10
v 33.36134338378906 0.3116093873977661 10
v 37.90983581542969 1.6388628482818604 10
v 37.90983581542969 1.6388628482818604 10
v 41.041412353515625 3.4908246994018555 10
v 42.943904876708984 5.77357816696167 10
v 42.943904876708984 5.77357816696167 10
v 43.80514907836914 8.393206596374512 10
v 43.822105407714844 11.176735877990723 10
v 43.822105407714844 11.176735877990723 10
v 43.07099914550781 13.657984733581543 10
v 41.32355880737305 15.76152515411377 10
v 41.32355880737305 15.76152515411377 10
v 38.32389831542969 17.469661712646484 10
v 33.816123962402344 18.76470375061035 10
v 33.816123962402344 18.76470375061035 10
v 27.54435157775879 19.628952026367188 10
v 20.5654239654541 20.096040725708008 10
v 37.15061950683594 25.824134826660156 10
v 37.453922271728516 24.53127670288086 10
v 42.630001068115234 23.128000259399414 10
v 42.630001068115234 23.128000259399414 10
v 41.958744049072266 26.856990814208984 10
v 40.42863082885742 30.060592651367188 10
v 40.42863082885742 30.060592651367188 10
v 37.88312530517578 32.67074966430664 10
v 34.16570281982422 34.619407653808594 10
v 34.16570281982422 34.619407653808594 10
v 29.11983871459961 35.83850860595703 10
v 22.589000701904297 36.2599983215332 10
v 22.589000701904297 36.2599983215332 10
v 16.113059997558594 35.88909912109375 10
v 11.141148567199707 34.844444274902344 10
v 11.141148567199707 34.844444274902344 10
v 7.52762508392334 33.228126525878906 10
v 5.126852035522461 31.142221450805664 10
v 5.126852035522461 31.142221450805664 10
v 3.793189764022827 28.688819885253906 10
v 3.38100004196167 25.969999313354492 10
v 3.38100004196167 25.969999313354492 10
v 3.719916582107544 23.3194637298584 10
v 4.916333198547363 21.017370223999023 10
v 4.916333198547363 21.017370223999023 10
v 7.239749908447266 19.085500717163086 10
v 10.95966625213623 17.545629501342773 10
v 10.95966625213623 17.545629501342773 10
v 16.345582962036133 16.419536590576172 10
v 23.66699981689453 15.729000091552734 10
v 7.608384132385254 10.070633888244629 10
v 7.263881206512451 11.35538101196289 10
v 2.245067596435547 10.750395774841309 10
v 2.245067596435547 10.750395774841309 10
v 5.404546737670898 4.261979103088379 10
v 13.35785961151123 0.4195624887943268 10
v 13.35785961151123 0.4195624887943268 10
v 27.208101272583008 -0.39701908826828003 10
v 37.90983581542969 1.6388628482818604 10
v 37.90983581542969 1.6388628482818604 10
v 42.943904876708984 5.77357816696167 10
v 43.822105407714844 11.176735877990723 10
v 43.822105407714844 11.176735877990723 10
v 41.32355880737305 15.76152515411377 10
v 33.816123962402344 18.76470375061035 10
v 33.816123962402344 18.76470375061035 10
v 20.5654239654541 20.096040725708008 10
v 17.903148651123047 20.35881996154785 10
v 36.70100021362305 27.00436019897461 10
v 37.15061950683594 25.824134826660156 10
v 42.630001068115234 23.128000259399414 10
v 42.630001068115234 23.128000259399414 10
v 40.42863082885742 30.060592651367188 10
v 34.16570281982422 34.619407653808594 10
v 34.16570281982422 34.619407653808594 10
v 22.589000701904297 36.2599983215332 10
v 11.141148567199707 34.844444274902344 10
v 11.141148567199707 34.844444274902344 10
v 5.126852035522461 31.142221450805664 10
v 3.38100004196167 25.969999313354492 10
v 3.38100004196167 25.969999313354492 10
v 4.916333198547363 21.017370223999023 10
v 10.95966625213623 17.545629501342773 10
v 10.95966625213623 17.545629501342773 10
v 23.66699981689453 15.729000091552734 10
v 26.7573184967041 15.516779899597168 10
v 8.111797332763672 8.88967227935791 10
v 7.608384132385254 10.070633888244629 10
v 2.245067596435547 10.750395774841309 10
v 43.822105407714844 11.176735877990723 10
v 33.816123962402344 18.76470375061035 10
v 17.903148651123047 20.35881996154785 10
v 36.083961486816406 28.069740295410156 10
v 36.70100021362305 27.00436019897461 10
v 42.630001068115234 23.128000259399414 10
v 10.95966625213623 17.545629501342773 10
v 26.7573184967041 15.516779899597168 10
v 29.410207748413086 15.248074531555176 10
v 8.796407699584961 7.816407203674316 10
v 8.111797332763672 8.88967227935791 10
v 2.245067596435547 10.750395774841309 10
v 43.822105407714844 11.176735877990723 10
v 17.903148651123047 20.35881996154785 10
v 15.647843360900879 20.681827545166016 10
v 35.278411865234375 29.01806640625 10
v 36.083961486816406 28.069740295410156 10
v 42.630001068115234 23.128000259399414 10
v 9.684504508972168 6.8547539710998535 10
v 8.796407699584961 7.816407203674316 10
v 2.245067596435547 10.750395774841309 10
v 34.263248443603516 29.847124099731445 10
v 35.278411865234375 29.01806640625 10
v 42.630001068115234 23.128000259399414 10
v 10.798375129699707 6.008625030517578 10
v 9.684504508972168 6.8547539710998535 10
v 2.245067596435547 10.750395774841309 10
v 34.263248443603516 29.847124099731445 10
v 42.630001068115234 23.128000259399414 10
v 34.16570281982422 34.619407653808594 10
v 10.798375129699707 6.008625030517578 10
v 2.245067596435547 10.750395774841309 10
v 13.35785961151123 0.4195624887943268 10
v 33.01737976074219 30.554704666137695 10
v 34.263248443603516 29.847124099731445 10
v 34.16570281982422 34.619407653808594 10
v 12.160308837890625 5.281933307647705 10
v 10.798375129699707 6.008625030517578 10
v 13.35785961151123 0.4195624887943268 10
v 31.519702911376953 31.138591766357422 10
v 33.01737976074219 30.554704666137695 10
v 34.16570281982422 34.619407653808594 10
v 13.792593002319336 4.678592681884766 10
v 12.160308837890625 5.281933307647705 10
v 13.35785961151123 0.4195624887943268 10
v 29.74912452697754 31.59657859802246 10
v 31.519702911376953 31.138591766357422 10
v 34.16570281982422 34.619407653808594 10
v 15.71751594543457 4.202515602111816 10
v 13.792593002319336 4.678592681884766 10
v 13.35785961151123 0.4195624887943268 10
v 27.684545516967773 31.926448822021484 10
v 29.74912452697754 31.59657859802246 10
v 34.16570281982422 34.619407653808594 10
v 17.957365036010742 3.8576157093048096 10
v 15.71751594543457 4.202515602111816 10
v 13.35785961151123 0.4195624887943268 10
v 25.30487060546875 32.12599182128906 10
v 27.684545516967773 31.926448822021484 10
v 34.16570281982422 34.619407653808594 10
v 20.53443145751953 3.647806167602539 10
v 17.957365036010742 3.8576157093048096 10
v 13.35785961151123 0.4195624887943268 10
v 22.589000701904297 32.19300079345703 10
v 25.30487060546875 32.12599182128906 10
v 34.16570281982422 34.619407653808594 10
v 23.47100067138672 3.5769999027252197 10
v 20.53443145751953 3.647806167602539 10
v 13.35785961151123 0.4195624887943268 10
v 19.86890411376953 32.139007568359375 10
v 22.589000701904297 32.19300079345703 10
v 34.16570281982422 34.619407653808594 10
v 26.4725341796875 3.629147529602051 10
v 23.47100067138672 3.5769999027252197 10
v 13.35785961151123 0.4195624887943268 10
v 17.500486373901367 31.98157501220703 10
v 19.86890411376953 32.139007568359375 10
v 34.16570281982422 34.619407653808594 10
v 29.07560157775879 3.7818472385406494 10
v 26.4725341796875 3.629147529602051 10
v 13.35785961151123 0.4195624887943268 10
v 15.461796760559082 31.727500915527344 10
v 17.500486373901367 31.98157501220703 10
v 34.16570281982422 34.619407653808594 10
v 31.306406021118164 4.029484272003174 10
v 29.07560157775879 3.7818472385406494 10
v 13.35785961151123 0.4195624887943268 10
v 15.461796760559082 31.727500915527344 10
v 34.16570281982422 34.619407653808594 10
v 11.141148567199707 34.844444274902344 10
v 33.19114685058594 4.3664445877075195 10
v 31.306406021118164 4.029484272003174 10
v 13.35785961151123 0.4195624887943268 10
v 13.730889320373535 31.38359260559082 10
v 15.461796760559082 31.727500915527344 10
v 11.141148567199707 34.844444274902344 10
v 33.19114685058594 4.3664445877075195 10
v 13.35785961151123 0.4195624887943268 10
v 37.90983581542969 1.6388628482818604 10
v 12.28581428527832 30.95665740966797 10
v 13.730889320373535 31.38359260559082 10
v 11.141148567199707 34.844444274902344 10
v 34.75602722167969 4.787112712860107 10
v 33.19114685058594 4.3664445877075195 10
v 37.90983581542969 1.6388628482818604 10
v 11.10462474822998 30.453500747680664 10
v 12.28581428527832 30.95665740966797 10
v 11.141148567199707 34.844444274902344 10
v 36.02724838256836 5.285874843597412 10
v 34.75602722167969 4.787112712860107 10
v 37.90983581542969 1.6388628482818604 10
v 10.165372848510742 29.88092613220215 10
v 11.10462474822998 30.453500747680664 10
v 11.141148567199707 34.844444274902344 10
v 37.03101348876953 5.857116222381592 10
v 36.02724838256836 5.285874843597412 10
v 37.90983581542969 1.6388628482818604 10
v 9.446110725402832 29.24574089050293 10
v 10.165372848510742 29.88092613220215 10
v 11.141148567199707 34.844444274902344 10
v 37.79351806640625 6.495222091674805 10
v 37.03101348876953 5.857116222381592 10
v 37.90983581542969 1.6388628482818604 10
v 8.924890518188477 28.554750442504883 10
v 9.446110725402832 29.24574089050293 10
v 11.141148567199707 34.844444274902344 10
v 38.34096908569336 7.194578170776367 10
v 37.79351806640625 6.495222091674805 10
v 37.90983581542969 1.6388628482818604 10
v 8.579763412475586 27.814760208129883 10
v 8.924890518188477 28.554750442504883 10
v 11.141148567199707 34.844444274902344 10
v 38.69956588745117 7.949569225311279 10
v 38.34096908569336 7.194578170776367 10
v 37.90983581542969 1.6388628482818604 10
v 8.579763412475586 27.814760208129883 10
v 11.141148567199707 34.844444274902344 10
v 3.38100004196167 25.969999313354492 10
v 38.8955078125 8.754581451416016 10
v 38.69956588745117 7.949569225311279 10
v 37.90983581542969 1.6388628482818604 10
v 8.38878345489502 27.032573699951172 10
v 8.579763412475586 27.814760208129883 10
v 3.38100004196167 25.969999313354492 10
v 38.8955078125 8.754581451416016 10
v 37.90983581542969 1.6388628482818604 10
v 43.822105407714844 11.176735877990723 10
v 8.329999923706055 26.21500015258789 10
v 8.38878345489502 27.032573699951172 10
v 3.38100004196167 25.969999313354492 10
v 38.95500183105469 9.604000091552734 10
v 38.8955078125 8.754581451416016 10
v 43.822105407714844 11.176735877990723 10
v 8.377242088317871 25.37289810180664 10
v 8.329999923706055 26.21500015258789 10
v 3.38100004196167 25.969999313354492 10
v 38.90778732299805 10.400136947631836 10
v 38.95500183105469 9.604000091552734 10
v 43.822105407714844 11.176735877990723 10
v 8.540518760681152 24.5864315032959 10
v 8.377242088317871 25.37289810180664 10
v 3.38100004196167 25.969999313354492 10
v 38.74470901489258 11.146592140197754 10
v 38.90778732299805 10.400136947631836 10
v 43.822105407714844 11.176735877990723 10
v 8.852156639099121 23.856109619140625 10
v 8.540518760681152 24.5864315032959 10
v 3.38100004196167 25.969999313354492 10
v 38.43360900878906 11.842687606811523 10
v 38.74470901489258 11.146592140197754 10
v 43.822105407714844 11.176735877990723 10
v 9.344481468200684 23.182443618774414 10
v 8.852156639099121 23.856109619140625 10
v 3.38100004196167 25.969999313354492 10
v 37.94233322143555 12.487740516662598 10
v 38.43360900878906 11.842687606811523 10
v 43.822105407714844 11.176735877990723 10
v 10.049820899963379 22.565946578979492 10
v 9.344481468200684 23.182443618774414 10
v 3.38100004196167 25.969999313354492 10
v 37.23872375488281 13.081071853637695 10
v 37.94233322143555 12.487740516662598 10
v 43.822105407714844 11.176735877990723 10
v 11.000499725341797 22.007125854492188 10
v 10.049820899963379 22.565946578979492 10
v 3.38100004196167 25.969999313354492 10
v 36.290626525878906 13.621999740600586 10
v 37.23872375488281 13.081071853637695 10
v 43.822105407714844 11.176735877990723 10
v 11.000499725341797 22.007125854492188 10
v 3.38100004196167 25.969999313354492 10
v 10.95966625213623 17.545629501342773 10
v 35.065879821777344 14.109845161437988 10
v 36.290626525878906 13.621999740600586 10
v 43.822105407714844 11.176735877990723 10
v 12.228845596313477 21.50649070739746 10
v 11.000499725341797 22.007125854492188 10
v 10.95966625213623 17.545629501342773 10
v 35.065879821777344 14.109845161437988 10
v 43.822105407714844 11.176735877990723 10
v 15.647843360900879 20.681827545166016 10
v 13.76718521118164 21.064556121826172 10
v 12.228845596313477 21.50649070739746 10
v 10.95966625213623 17.545629501342773 10
v 33.53233337402344 14.543926239013672 10
v 35.065879821777344 14.109845161437988 10
v 15.647843360900879 20.681827545166016 10
v 15.647843360900879 20.681827545166016 10
v 13.76718521118164 21.064556121826172 10
v 10.95966625213623 17.545629501342773 10
v 31.657827377319336 14.923562049865723 10
v 33.53233337402344 14.543926239013672 10
v 15.647843360900879 20.681827545166016 10
v 15.647843360900879 20.681827545166016 10
v 10.95966625213623 17.545629501342773 10
v 29.410207748413086 15.248074531555176 10
v 29.410207748413086 15.248074531555176 10
v 31.657827377319336 14.923562049865723 10
v 15.647843360900879 20.681827545166016 10
v 2.245067596435547 10.750395774841309 0
v 2.6766250133514404 8.901666641235352 0
v 2.245067596435547 10.750395774841309 10
v 2.6766250133514404 8.901666641235352 0
v 2.6766250133514404 8.901666641235352 10
v 2.245067596435547 10.750395774841309 10
v 2.6766250133514404 8.901666641235352 0
v 3.3297030925750732 7.199937343597412 0
v 2.6766250133514404 8.901666641235352 10
v 3.3297030925750732 7.199937343597412 0
v 3.3297030925750732 7.199937343597412 10
v 2.6766250133514404 8.901666641235352 10
v 3.3297030925750732 7.199937343597412 0
v 4.23033332824707 5.651333332061768 0
v 3.3297030925750732 7.199937343597412 10
v 4.23033332824707 5.651333332061768 0
v 4.23033332824707 5.651333332061768 10
v 3.3297030925750732 7.199937343597412 10
v 4.23033332824707 5.651333332061768 0
v 5.404546737670898 4.261979103088379 0
v 4.23033332824707 5.651333332061768 10
v 5.404546737670898 4.261979103088379 0
v 5.404546737670898 4.261979103088379 10
v 4.23033332824707 5.651333332061768 10
v 5.404546737670898 4.261979103088379 0
v 6.878375053405762 3.0380001068115234 0
v 5.404546737670898 4.261979103088379 10
v 6.878375053405762 3.0380001068115234 0
v 6.878375053405762 3.0380001068115234 10
v 5.404546737670898 4.261979103088379 10
v 6.878375053405762 3.0380001068115234 0
v 8.677848815917969 1.985520839691162 0
v 6.878375053405762 3.0380001068115234 10
v 8.677848815917969 1.985520839691162 0
v 8.677848815917969 1.985520839691162 10
v 6.878375053405762 3.0380001068115234 10
v 8.677848815917969 1.985520839691162 0
v 10.829000473022461 1.1106666326522827 0
v 8.677848815917969 1.985520839691162 10
v 10.829000473022461 1.1106666326522827 0
v 10.829000473022461 1.1106666326522827 10
v 8.677848815917969 1.985520839691162 10
v 10.829000473022461 1.1106666326522827 0
v 13.35785961151123 0.4195624887943268 0
v 10.829000473022461 1.1106666326522827 10
v 13.35785961151123 0.4195624887943268 0
v 13.35785961151123 0.4195624887943268 10
v 10.829000473022461 1.1106666326522827 10
v 13.35785961151123 0.4195624887943268 0
v 16.29045867919922 -0.08166666328907013 0
v 13.35785961151123 0.4195624887943268 10
v 16.29045867919922 -0.08166666328907013 0
v 16.29045867919922 -0.08166666328907013 10
v 13.35785961151123 0.4195624887943268 10
v 16.29045867919922 -0.08166666328907013 0
v 19.652828216552734 -0.3868958353996277 0
v 16.29045867919922 -0.08166666328907013 10
v 19.652828216552734 -0.3868958353996277 0
v 19.652828216552734 -0.3868958353996277 10
v 16.29045867919922 -0.08166666328907013 10
v 19.652828216552734 -0.3868958353996277 0
v 23.47100067138672 -0.49000000953674316 0
v 19.652828216552734 -0.3868958353996277 10
v 23.47100067138672 -0.49000000953674316 0
v 23.47100067138672 -0.49000000953674316 10
v 19.652828216552734 -0.3868958353996277 10
v 23.47100067138672 -0.49000000953674316 0
v 27.208101272583008 -0.39701908826828003 0
v 23.47100067138672 -0.49000000953674316 10
v 27.208101272583008 -0.39701908826828003 0
v 27.208101272583008 -0.39701908826828003 10
v 23.47100067138672 -0.49000000953674316 10
v 27.208101272583008 -0.39701908826828003 0
v 30.497055053710938 -0.12590277194976807 0
v 27.208101272583008 -0.39701908826828003 10
v 30.497055053710938 -0.12590277194976807 0
v 30.497055053710938 -0.12590277194976807 10
v 27.208101272583008 -0.39701908826828003 10
v 30.497055053710938 -0.12590277194976807 0
v 33.36134338378906 0.3116093873977661 0
v 30.497055053710938 -0.12590277194976807 10
v 33.36134338378906 0.3116093873977661 0
v 33.36134338378906 0.3116093873977661 10
v 30.497055053710938 -0.12590277194976807 10
v 33.36134338378906 0.3116093873977661 0
v 35.82444381713867 0.9037777781486511 0
v 33.36134338378906 0.3116093873977661 10
v 35.82444381713867 0.9037777781486511 0
v 35.82444381713867 0.9037777781486511 10
v 33.36134338378906 0.3116093873977661 10
v 35.82444381713867 0.9037777781486511 0
v 37.90983581542969 1.6388628482818604 0
v 35.82444381713867 0.9037777781486511 10
v 37.90983581542969 1.6388628482818604 0
v 37.90983581542969 1.6388628482818604 10
v 35.82444381713867 0.9037777781486511 10
v 37.90983581542969 1.6388628482818604 0
v 39.64099884033203 2.505125045776367 0
v 37.90983581542969 1.6388628482818604 10
v 39.64099884033203 2.505125045776367 0
v 39.64099884033203 2.505125045776367 10
v 37.90983581542969 1.6388628482818604 10
v 39.64099884033203 2.505125045776367 0
v 41.041412353515625 3.4908246994018555 0
v 39.64099884033203 2.505125045776367 10
v 41.041412353515625 3.4908246994018555 0
v 41.041412353515625 3.4908246994018555 10
v 39.64099884033203 2.505125045776367 10
v 41.041412353515625 3.4908246994018555 0
v 42.13455581665039 4.584222316741943 0
v 41.041412353515625 3.4908246994018555 10
v 42.13455581665039 4.584222316741943 0
v 42.13455581665039 4.584222316741943 10
v 41.041412353515625 3.4908246994018555 10
v 42.13455581665039 4.584222316741943 0
v 42.943904876708984 5.77357816696167 0
v 42.13455581665039 4.584222316741943 10
v 42.943904876708984 5.77357816696167 0
v 42.943904876708984 5.77357816696167 10
v 42.13455581665039 4.584222316741943 10
v 42.943904876708984 5.77357816696167 0
v 43.492942810058594 7.047152996063232 0
v 42.943904876708984 5.77357816696167 10
v 43.492942810058594 7.047152996063232 0
v 43.492942810058594 7.047152996063232 10
v 42.943904876708984 5.77357816696167 10
v 43.492942810058594 7.047152996063232 0
v 43.80514907836914 8.393206596374512 0
v 43.492942810058594 7.047152996063232 10
v 43.80514907836914 8.393206596374512 0
v 43.80514907836914 8.393206596374512 10
v 43.492942810058594 7.047152996063232 10
v 43.80514907836914 8.393206596374512 0
v 43.90399932861328 9.800000190734863 0
v 43.80514907836914 8.393206596374512 10
v 43.90399932861328 9.800000190734863 0
v 43.90399932861328 9.800000190734863 10
v 43.80514907836914 8.393206596374512 10
v 43.90399932861328 9.800000190734863 0
v 43.822105407714844 11.176735877990723 0
v 43.90399932861328 9.800000190734863 10
v 43.822105407714844 11.176735877990723 0
v 43.822105407714844 11.176735877990723 10
v 43.90399932861328 9.800000190734863 10
v 43.822105407714844 11.176735877990723 0
v 43.55510330200195 12.463467597961426 0
v 43.822105407714844 11.176735877990723 10
v 43.55510330200195 12.463467597961426 0
v 43.55510330200195 12.463467597961426 10
v 43.822105407714844 11.176735877990723 10
v 43.55510330200195 12.463467597961426 0
v 43.07099914550781 13.657984733581543 0
v 43.55510330200195 12.463467597961426 10
v 43.07099914550781 13.657984733581543 0
v 43.07099914550781 13.657984733581543 10
v 43.55510330200195 12.463467597961426 10
v 43.07099914550781 13.657984733581543 0
v 42.33781433105469 14.758073806762695 0
v 43.07099914550781 13.657984733581543 10
v 42.33781433105469 14.758073806762695 0
v 42.33781433105469 14.758073806762695 10
v 43.07099914550781 13.657984733581543 10
v 42.33781433105469 14.758073806762695 0
v 41.32355880737305 15.76152515411377 0
v 42.33781433105469 14.758073806762695 10
v 41.32355880737305 15.76152515411377 0
v 41.32355880737305 15.76152515411377 10
v 42.33781433105469 14.758073806762695 10
v 41.32355880737305 15.76152515411377 0
v 39.99625015258789 16.66612434387207 0
v 41.32355880737305 15.76152515411377 10
v 39.99625015258789 16.66612434387207 0
v 39.99625015258789 16.66612434387207 10
v 41.32355880737305 15.76152515411377 10
v 39.99625015258789 16.66612434387207 0
v 38.32389831542969 17.469661712646484 0
v 39.99625015258789 16.66612434387207 10
v 38.32389831542969 17.469661712646484 0
v 38.32389831542969 17.469661712646484 10
v 39.99625015258789 16.66612434387207 10
v 38.32389831542969 17.469661712646484 0
v 36.27451705932617 18.169925689697266 0
v 38.32389831542969 17.469661712646484 10
v 36.27451705932617 18.169925689697266 0
v 36.27451705932617 18.169925689697266 10
v 38.32389831542969 17.469661712646484 10
v 36.27451705932617 18.169925689697266 0
v 33.816123962402344 18.76470375061035 0
v 36.27451705932617 18.169925689697266 10
v 33.816123962402344 18.76470375061035 0
v 33.816123962402344 18.76470375061035 10
v 36.27451705932617 18.169925689697266 10
v 33.816123962402344 18.76470375061035 0
v 30.916730880737305 19.251781463623047 0
v 33.816123962402344 18.76470375061035 10
v 30.916730880737305 19.251781463623047 0
v 30.916730880737305 19.251781463623047 10
v 33.816123962402344 18.76470375061035 10
v 30.916730880737305 19.251781463623047 0
v 27.54435157775879 19.628952026367188 0
v 30.916730880737305 19.251781463623047 10
v 27.54435157775879 19.628952026367188 0
v 27.54435157775879 19.628952026367188 10
v 30.916730880737305 19.251781463623047 10
v 27.54435157775879 19.628952026367188 0
v 23.66699981689453 19.893999099731445 0
v 27.54435157775879 19.628952026367188 10
v 23.66699981689453 19.893999099731445 0
v 23.66699981689453 19.893999099731445 10
v 27.54435157775879 19.628952026367188 10
v 23.66699981689453 19.893999099731445 0
v 20.5654239654541 20.096040725708008 0
v 23.66699981689453 19.893999099731445 10
v 20.5654239654541 20.096040725708008 0
v 20.5654239654541 20.096040725708008 10
v 23.66699981689453 19.893999099731445 10
v 20.5654239654541 20.096040725708008 0
v 17.903148651123047 20.35881996154785 0
v 20.5654239654541 20.096040725708008 10
v 17.903148651123047 20.35881996154785 0
v 17.903148651123047 20.35881996154785 10
v 20.5654239654541 20.096040725708008 10
v 17.903148651123047 20.35881996154785 0
v 15.647843360900879 20.681827545166016 0
v 17.903148651123047 20.35881996154785 10
v 15.647843360900879 20.681827545166016 0
v 15.647843360900879 20.681827545166016 10
v 17.903148651123047 20.35881996154785 10
v 15.647843360900879 20.681827545166016 0
v 13.76718521118164 21.064556121826172 0
v 15.647843360900879 20.681827545166016 10
v 13.76718521118164 21.064556121826172 0
v 13.76718521118164 21.064556121826172 10
v 15.647843360900879 20.681827545166016 10
v 13.76718521118164 21.064556121826172 0
v 12.228845596313477 21.50649070739746 0
v 13.76718521118164 21.064556121826172 10
v 12.228845596313477 21.50649070739746 0
v 12.228845596313477 21.50649070739746 10
v 13.76718521118164 21.064556121826172 10
v 12.228845596313477 21.50649070739746 0
v 11.000499725341797 22.007125854492188 0
v 12.228845596313477 21.50649070739746 10
v 11.000499725341797 22.007125854492188 0
v 11.000499725341797 22.007125854492188 10
v 12.228845596313477 21.50649070739746 10
v 11.000499725341797 22.007125854492188 0
v 10.049820899963379 22.565946578979492 0
v 11.000499725341797 22.007125854492188 10
v 10.049820899963379 22.565946578979492 0
v 10.049820899963379 22.565946578979492 10
v 11.000499725341797 22.007125854492188 10
v 10.049820899963379 22.565946578979492 0
v 9.344481468200684 23.182443618774414 0
v 10.049820899963379 22.565946578979492 10
v 9.344481468200684 23.182443618774414 0
v 9.344481468200684 23.182443618774414 10
v 10.049820899963379 22.565946578979492 10
v 9.344481468200684 23.182443618774414 0
v 8.852156639099121 23.856109619140625 0
v 9.344481468200684 23.182443618774414 10
v 8.852156639099121 23.856109619140625 0
v 8.852156639099121 23.856109619140625 10
v 9.344481468200684 23.182443618774414 10
v 8.852156639099121 23.856109619140625 0
v 8.540518760681152 24.5864315032959 0
v 8.852156639099121 23.856109619140625 10
v 8.540518760681152 24.5864315032959 0
v 8.540518760681152 24.5864315032959 10
v 8.852156639099121 23.856109619140625 10
v 8.540518760681152 24.5864315032959 0
v 8.377242088317871 25.37289810180664 0
v 8.540518760681152 24.5864315032959 10
v 8.377242088317871 25.37289810180664 0
v 8.377242088317871 25.37289810180664 10
v 8.540518760681152 24.5864315032959 10
v 8.377242088317871 25.37289810180664 0
v 8.329999923706055 26.21500015258789 0
v 8.377242088317871 25.37289810180664 10
v 8.329999923706055 26.21500015258789 0
v 8.329999923706055 26.21500015258789 10
v 8.377242088317871 25.37289810180664 10
v 8.329999923706055 26.21500015258789 0
v 8.38878345489502 27.032573699951172 0
v 8.329999923706055 26.21500015258789 10
v 8.38878345489502 27.032573699951172 0
v 8.38878345489502 27.032573699951172 10
v 8.329999923706055 26.21500015258789 10
v 8.38878345489502 27.032573699951172 0
v 8.579763412475586 27.814760208129883 0
v 8.38878345489502 27.032573699951172 10
v 8.579763412475586 27.814760208129883 0
v 8.579763412475586 27.814760208129883 10
v 8.38878345489502 27.032573699951172 10
v 8.579763412475586 27.814760208129883 0
v 8.924890518188477 28.554750442504883 0
v 8.579763412475586 27.814760208129883 10
v 8.924890518188477 28.554750442504883 0
v 8.924890518188477 28.554750442504883 10
v 8.579763412475586 27.814760208129883 10
v 8.924890518188477 28.554750442504883 0
v 9.446110725402832 29.24574089050293 0
v 8.924890518188477 28.554750442504883 10
v 9.446110725402832 29.24574089050293 0
v 9.446110725402832 29.24574089050293 10
v 8.924890518188477 28.554750442504883 10
v 9.446110725402832 29.24574089050293 0
v 10.165372848510742 29.88092613220215 0
v 9.446110725402832 29.24574089050293 10
v 10.165372848510742 29.88092613220215 0
v 10.165372848510742 29.88092613220215 10
v 9.446110725402832 29.24574089050293 10
v 10.165372848510742 29.88092613220215 0
v 11.10462474822998 30.453500747680664 0
v 10.165372848510742 29.88092613220215 10
v 11.10462474822998 30.453500747680664 0
v 11.10462474822998 30.453500747680664 10
v 10.165372848510742 29.88092613220215 10
v 11.10462474822998 30.453500747680664 0
v 12.28581428527832 30.95665740966797 0
v 11.10462474822998 30.453500747680664 10
v 12.28581428527832 30.95665740966797 0
v 12.28581428527832 30.95665740966797 10
v 11.10462474822998 30.453500747680664 10
v 12.28581428527832 30.95665740966797 0
v 13.730889320373535 31.38359260559082 0
v 12.28581428527832 30.95665740966797 10
v 13.730889320373535 31.38359260559082 0
v 13.730889320373535 31.38359260559082 10
v 12.28581428527832 30.95665740966797 10
v 13.730889320373535 31.38359260559082 0
v 15.461796760559082 31.727500915527344 0
v 13.730889320373535 31.38359260559082 10
v 15.461796760559082 31.727500915527344 0
v 15.461796760559082 31.727500915527344 10
v 13.730889320373535 31.38359260559082 10
v 15.461796760559082 31.727500915527344 0
v 17.500486373901367 31.98157501220703 0
v 15.461796760559082 31.727500915527344 10
v 17.500486373901367 31.98157501220703 0
v 17.500486373901367 31.98157501220703 10
v 15.461796760559082 31.727500915527344 10
v 17.500486373901367 31.98157501220703 0
v 19.86890411376953 32.139007568359375 0
v 17.500486373901367 31.98157501220703 10
v 19.86890411376953 32.139007568359375 0
v 19.86890411376953 32.139007568359375 10
v 17.500486373901367 31.98157501220703 10
v 19.86890411376953 32.139007568359375 0
v 22.589000701904297 32.19300079345703 0
v 19.86890411376953 32.139007568359375 10
v 22.589000701904297 32.19300079345703 0
v 22.589000701904297 32.19300079345703 10
v 19.86890411376953 32.139007568359375 10
v 22.589000701904297 32.19300079345703 0
v 25.30487060546875 32.12599182128906 0
v 22.589000701904297 32.19300079345703 10
v 25.30487060546875 32.12599182128906 0
v 25.30487060546875 32.12599182128906 10
v 22.589000701904297 32.19300079345703 10
v 25.30487060546875 32.12599182128906 0
v 27.684545516967773 31.926448822021484 0
v 25.30487060546875 32.12599182128906 10
v 27.684545516967773 31.926448822021484 0
v 27.684545516967773 31.926448822021484 10
v 25.30487060546875 32.12599182128906 10
v 27.684545516967773 31.926448822021484 0
v 29.74912452697754 31.59657859802246 0
v 27.684545516967773 31.926448822021484 10
v 29.74912452697754 31.59657859802246 0
v 29.74912452697754 31.59657859802246 10
v 27.684545516967773 31.926448822021484 10
v 29.74912452697754 31.59657859802246 0
v 31.519702911376953 31.138591766357422 0
v 29.74912452697754 31.59657859802246 10
v 31.519702911376953 31.138591766357422 0
v 31.519702911376953 31.138591766357422 10
v 29.74912452697754 31.59657859802246 10
v 31.519702911376953 31.138591766357422 0
v 33.01737976074219 30.554704666137695 0
v 31.519702911376953 31.138591766357422 10
v 33.01737976074219 30.554704666137695 0
v 33.01737976074219 30.554704666137695 10
v 31.519702911376953 31.138591766357422 10
v 33.01737976074219 30.554704666137695 0
v 34.263248443603516 29.847124099731445 0
v 33.01737976074219 30.554704666137695 10
v 34.263248443603516 29.847124099731445 0
v 34.263248443603516 29.847124099731445 10
v 33.01737976074219 30.554704666137695 10
v 34.263248443603516 29.847124099731445 0
v 35.278411865234375 29.01806640625 0
v 34.263248443603516 29.847124099731445 10
v 35.278411865234375 29.01806640625 0
v 35.278411865234375 29.01806640625 10
v 34.263248443603516 29.847124099731445 10
v 35.278411865234375 29.01806640625 0
v 36.083961486816406 28.069740295410156 0
v 35.278411865234375 29.01806640625 10
v 36.083961486816406 28.069740295410156 0
v 36.083961486816406 28.069740295410156 10
v 35.278411865234375 29.01806640625 10
v 36.083961486816406 28.069740295410156 0
v 36.70100021362305 27.00436019897461 0
v 36.083961486816406 28.069740295410156 10
v 36.70100021362305 27.00436019897461 0
v 36.70100021362305 27.00436019897461 10
v 36.083961486816406 28.069740295410156 10
v 36.70100021362305 27.00436019897461 0
v 37.15061950683594 25.824134826660156 0
v 36.70100021362305 27.00436019897461 10
v 37.15061950683594 25.824134826660156 0
v 37.15061950683594 25.824134826660156 10
v 36.70100021362305 27.00436019897461 10
v 37.15061950683594 25.824134826660156 0
v 37.453922271728516 24.53127670288086 0
v 37.15061950683594 25.824134826660156 10
v 37.453922271728516 24.53127670288086 0
v 37.453922271728516 24.53127670288086 10
v 37.15061950683594 25.824134826660156 10
v 37.453922271728516 24.53127670288086 0
v 37.63199996948242 23.128000259399414 0
v 37.453922271728516 24.53127670288086 10
v 37.63199996948242 23.128000259399414 0
v 37.63199996948242 23.128000259399414 10
v 37.453922271728516 24.53127670288086 10
v 37.63199996948242 23.128000259399414 0
v 42.630001068115234 23.128000259399414 0
v 37.63199996948242 23.128000259399414 10
v 42.630001068115234 23.128000259399414 0
v 42.630001068115234 23.128000259399414 10
v 37.63199996948242 23.128000259399414 10
v 42.630001068115234 23.128000259399414 0
v 42.39194869995117 25.05391502380371 0
v 42.630001068115234 23.128000259399414 10
v 42.39194869995117 25.05391502380371 0
v 42.39194869995117 25.05391502380371 10
v 42.630001068115234 23.128000259399414 10
v 42.39194869995117 25.05391502380371 0
v 41.958744049072266 26.856990814208984 0
v 42.39194869995117 25.05391502380371 10
v 41.958744049072266 26.856990814208984 0
v 41.958744049072266 26.856990814208984 10
v 42.39194869995117 25.05391502380371 10
v 41.958744049072266 26.856990814208984 0
v 41.310829162597656 28.528718948364258 0
v 41.958744049072266 26.856990814208984 10
v 41.310829162597656 28.528718948364258 0
v 41.310829162597656 28.528718948364258 10
v 41.958744049072266 26.856990814208984 10
v 41.310829162597656 28.528718948364258 0
v 40.42863082885742 30.060592651367188 0
v 41.310829162597656 28.528718948364258 10
v 40.42863082885742 30.060592651367188 0
v 40.42863082885742 30.060592651367188 10
v 41.310829162597656 28.528718948364258 10
v 40.42863082885742 30.060592651367188 0
v 39.29258346557617 31.44410514831543 0
v 40.42863082885742 30.060592651367188 10
v 39.29258346557617 31.44410514831543 0
v 39.29258346557617 31.44410514831543 10
v 40.42863082885742 30.060592651367188 10
v 39.29258346557617 31.44410514831543 0
v 37.88312530517578 32.67074966430664 0
v 39.29258346557617 31.44410514831543 10
v 37.88312530517578 32.67074966430664 0
v 37.88312530517578 32.67074966430664 10
v 39.29258346557617 31.44410514831543 10
v 37.88312530517578 32.67074966430664 0
v 36.180686950683594 33.73202133178711 0
v 37.88312530517578 32.67074966430664 10
v 36.180686950683594 33.73202133178711 0
v 36.180686950683594 33.73202133178711 10
v 37.88312530517578 32.67074966430664 10
v 36.180686950683594 33.73202133178711 0
v 34.16570281982422 34.619407653808594 0
v 36.180686950683594 33.73202133178711 10
v 34.16570281982422 34.619407653808594 0
v 34.16570281982422 34.619407653808594 10
v 36.180686950683594 33.73202133178711 10
v 34.16570281982422 34.619407653808594 0
v 31.8186092376709 35.324405670166016 0
v 34.16570281982422 34.619407653808594 10
v 31.8186092376709 35.324405670166016 0
v 31.8186092376709 35.324405670166016 10
v 34.16570281982422 34.619407653808594 10
v 31.8186092376709 35.324405670166016 0
v 29.11983871459961 35.83850860595703 0
v 31.8186092376709 35.324405670166016 10
v 29.11983871459961 35.83850860595703 0
v 29.11983871459961 35.83850860595703 10
v 31.8186092376709 35.324405670166016 10
v 29.11983871459961 35.83850860595703 0
v 26.049823760986328 36.1532096862793 0
v 29.11983871459961 35.83850860595703 10
v 26.049823760986328 36.1532096862793 0
v 26.049823760986328 36.1532096862793 10
v 29.11983871459961 35.83850860595703 10
v 26.049823760986328 36.1532096862793 0
v 22.589000701904297 36.2599983215332 0
v 26.049823760986328 36.1532096862793 10
v 22.589000701904297 36.2599983215332 0
v 22.589000701904297 36.2599983215332 10
v 26.049823760986328 36.1532096862793 10
v 22.589000701904297 36.2599983215332 0
v 19.1539249420166 36.16514587402344 0
v 22.589000701904297 36.2599983215332 10
v 19.1539249420166 36.16514587402344 0
v 19.1539249420166 36.16514587402344 10
v 22.589000701904297 36.2599983215332 10
v 19.1539249420166 36.16514587402344 0
v 16.113059997558594 35.88909912109375 0
v 19.1539249420166 36.16514587402344 10
v 16.113059997558594 35.88909912109375 0
v 16.113059997558594 35.88909912109375 10
v 19.1539249420166 36.16514587402344 10
v 16.113059997558594 35.88909912109375 0
v 13.448203086853027 35.444610595703125 0
v 16.113059997558594 35.88909912109375 10
v 13.448203086853027 35.444610595703125 0
v 13.448203086853027 35.444610595703125 10
v 16.113059997558594 35.88909912109375 10
v 13.448203086853027 35.444610595703125 0
v 11.141148567199707 34.844444274902344 0
v 13.448203086853027 35.444610595703125 10
v 11.141148567199707 34.844444274902344 0
v 11.141148567199707 34.844444274902344 10
v 13.448203086853027 35.444610595703125 10
v 11.141148567199707 34.844444274902344 0
v 9.173690795898438 34.10136413574219 0
v 11.141148567199707 34.844444274902344 10
v 9.173690795898438 34.10136413574219 0
v 9.173690795898438 34.10136413574219 10
v 11.141148567199707 34.844444274902344 10
v 9.173690795898438 34.10136413574219 0
v 7.52762508392334 33.228126525878906 0
v 9.173690795898438 34.10136413574219 10
v 7.52762508392334 33.228126525878906 0
v 7.52762508392334 33.228126525878906 10
v 9.173690795898438 34.10136413574219 10
v 7.52762508392334 33.228126525878906 0
v 6.184747219085693 32.237491607666016 0
v 7.52762508392334 33.228126525878906 10
v 6.184747219085693 32.237491607666016 0
v 6.184747219085693 32.237491607666016 10
v 7.52762508392334 33.228126525878906 10
v 6.184747219085693 32.237491607666016 0
v 5.126852035522461 31.142221450805664 0
v 6.184747219085693 32.237491607666016 10
v 5.126852035522461 31.142221450805664 0
v 5.126852035522461 31.142221450805664 10
v 6.184747219085693 32.237491607666016 10
v 5.126852035522461 31.142221450805664 0
v 4.3357343673706055 29.955078125 0
v 5.126852035522461 31.142221450805664 10
v 4.3357343673706055 29.955078125 0
v 4.3357343673706055 29.955078125 10
v 5.126852035522461 31.142221450805664 10
v 4.3357343673706055 29.955078125 0
v 3.793189764022827 28.688819885253906 0
v 4.3357343673706055 29.955078125 10
v 3.793189764022827 28.688819885253906 0
v 3.793189764022827 28.688819885253906 10
v 4.3357343673706055 29.955078125 10
v 3.793189764022827 28.688819885253906 0
v 3.481013298034668 27.3562068939209 0
v 3.793189764022827 28.688819885253906 10
v 3.481013298034668 27.3562068939209 0
v 3.481013298034668 27.3562068939209 10
v 3.793189764022827 28.688819885253906 10
v 3.481013298034668 27.3562068939209 0
v 3.38100004196167 25.969999313354492 0
v 3.481013298034668 27.3562068939209 10
v 3.38100004196167 25.969999313354492 0
v 3.38100004196167 25.969999313354492 10
v 3.481013298034668 27.3562068939209 10
v 3.38100004196167 25.969999313354492 0
v 3.4601144790649414 24.602537155151367 0
v 3.38100004196167 25.969999313354492 10
v 3.4601144790649414 24.602537155151367 0
v 3.4601144790649414 24.602537155151367 10
v 3.38100004196167 25.969999313354492 10
v 3.4601144790649414 24.602537155151367 0
v 3.719916582107544 23.3194637298584 0
v 3.4601144790649414 24.602537155151367 10
v 3.719916582107544 23.3194637298584 0
v 3.719916582107544 23.3194637298584 10
v 3.4601144790649414 24.602537155151367 10
v 3.719916582107544 23.3194637298584 0
v 4.194093704223633 22.12350082397461 0
v 3.719916582107544 23.3194637298584 10
v 4.194093704223633 22.12350082397461 0
v 4.194093704223633 22.12350082397461 10
v 3.719916582107544 23.3194637298584 10
v 4.194093704223633 22.12350082397461 0
v 4.916333198547363 21.017370223999023 0
v 4.194093704223633 22.12350082397461 10
v 4.916333198547363 21.017370223999023 0
v 4.916333198547363 21.017370223999023 10
v 4.194093704223633 22.12350082397461 10
v 4.916333198547363 21.017370223999023 0
v 5.920322895050049 20.003795623779297 0
v 4.916333198547363 21.017370223999023 10
v 5.920322895050049 20.003795623779297 0
v 5.920322895050049 20.003795623779297 10
v 4.916333198547363 21.017370223999023 10
v 5.920322895050049 20.003795623779297 0
v 7.239749908447266 19.085500717163086 0
v 5.920322895050049 20.003795623779297 10
v 7.239749908447266 19.085500717163086 0
v 7.239749908447266 19.085500717163086 10
v 5.920322895050049 20.003795623779297 10
v 7.239749908447266 19.085500717163086 0
v 8.908302307128906 18.26520347595215 0
v 7.239749908447266 19.085500717163086 10
v 8.908302307128906 18.26520347595215 0
v 8.908302307128906 18.26520347595215 10
v 7.239749908447266 19.085500717163086 10
v 8.908302307128906 18.26520347595215 0
v 10.95966625213623 17.545629501342773 0
v 8.908302307128906 18.26520347595215 10
v 10.95966625213623 17.545629501342773 0
v 10.95966625213623 17.545629501342773 10
v 8.908302307128906 18.26520347595215 10
v 10.95966625213623 17.545629501342773 0
v 13.427531242370605 16.929500579833984 0
v 10.95966625213623 17.545629501342773 10
v 13.427531242370605 16.929500579833984 0
v 13.427531242370605 16.929500579833984 10
v 10.95966625213623 17.545629501342773 10
v 13.427531242370605 16.929500579833984 0
v 16.345582962036133 16.419536590576172 0
v 13.427531242370605 16.929500579833984 10
v 16.345582962036133 16.419536590576172 0
v 16.345582962036133 16.419536590576172 10
v 13.427531242370605 16.929500579833984 10
v 16.345582962036133 16.419536590576172 0
v 19.74751091003418 16.018463134765625 0
v 16.345582962036133 16.419536590576172 10
v 19.74751091003418 16.018463134765625 0
v 19.74751091003418 16.018463134765625 10
v 16.345582962036133 16.419536590576172 10
v 19.74751091003418 16.018463134765625 0
v 23.66699981689453 15.729000091552734 0
v 19.74751091003418 16.018463134765625 10
v 23.66699981689453 15.729000091552734 0
v 23.66699981689453 15.729000091552734 10
v 19.74751091003418 16.018463134765625 10
v 23.66699981689453 15.729000091552734 0
v 26.7573184967041 15.516779899597168 0
v 23.66699981689453 15.729000091552734 10
v 26.7573184967041 15.516779899597168 0
v 26.7573184967041 15.516779899597168 10
v 23.66699981689453 15.729000091552734 10
v 26.7573184967041 15.516779899597168 0
v 29.410207748413086 15.248074531555176 0
v 26.7573184967041 15.516779899597168 10
v 29.410207748413086 15.248074531555176 0
v 29.410207748413086 15.248074531555176 10
v 26.7573184967041 15.516779899597168 10
v 29.410207748413086 15.248074531555176 0
v 31.657827377319336 14.923562049865723 0
v 29.410207748413086 15.248074531555176 10
v 31.657827377319336 14.923562049865723 0
v 31.657827377319336 14.923562049865723 10
v 29.410207748413086 15.248074531555176 10
v 31.657827377319336 14.923562049865723 0
v 33.53233337402344 14.543926239013672 0
v 31.657827377319336 14.923562049865723 10
v 33.53233337402344 14.543926239013672 0
v 33.53233337402344 14.543926239013672 10
v 31.657827377319336 14.923562049865723 10
v 33.53233337402344 14.543926239013672 0
v 35.065879821777344 14.109845161437988 0
v 33.53233337402344 14.543926239013672 10
v 35.065879821777344 14.109845161437988 0
v 35.065879821777344 14.109845161437988 10
v 33.53233337402344 14.543926239013672 10
v 35.065879821777344 14.109845161437988 0
v 36.290626525878906 13.621999740600586 0
v 35.065879821777344 14.109845161437988 10
v 36.290626525878906 13.621999740600586 0
v 36.290626525878906 13.621999740600586 10
v 35.065879821777344 14.109845161437988 10
v 36.290626525878906 13.621999740600586 0
v 37.23872375488281 13.081071853637695 0
v 36.290626525878906 13.621999740600586 10
v 37.23872375488281 13.081071853637695 0
v 37.23872375488281 13.081071853637695 10
v 36.290626525878906 13.621999740600586 10
v 37.23872375488281 13.081071853637695 0
v 37.94233322143555 12.487740516662598 0
v 37.23872375488281 13.081071853637695 10
v 37.94233322143555 12.487740516662598 0
v 37.94233322143555 12.487740516662598 10
v 37.23872375488281 13.081071853637695 10
v 37.94233322143555 12.487740516662598 0
v 38.43360900878906 11.842687606811523 0
v 37.94233322143555 12.487740516662598 10
v 38.43360900878906 11.842687606811523 0
v 38.43360900878906 11.842687606811523 10
v 37.94233322143555 12.487740516662598 10
v 38.43360900878906 11.842687606811523 0
v 38.74470901489258 11.146592140197754 0
v 38.43360900878906 11.842687606811523 10
v 38.74470901489258 11.146592140197754 0
v 38.74470901489258 11.146592140197754 10
v 38.43360900878906 11.842687606811523 10
v 38.74470901489258 11.146592140197754 0
v 38.90778732299805 10.400136947631836 0
v 38.74470901489258 11.146592140197754 10
v 38.90778732299805 10.400136947631836 0
v 38.90778732299805 10.400136947631836 10
v 38.74470901489258 11.146592140197754 10
v 38.90778732299805 10.400136947631836 0
v 38.95500183105469 9.604000091552734 0
v 38.90778732299805 10.400136947631836 10
v 38.95500183105469 9.604000091552734 0
v 38.95500183105469 9.604000091552734 10
v 38.90778732299805 10.400136947631836 10
v 38.95500183105469 9.604000091552734 0
v 38.8955078125 8.754581451416016 0
v 38.95500183105469 9.604000091552734 10
v 38.8955078125 8.754581451416016 0
v 38.8955078125 8.754581451416016 10
v 38.95500183105469 9.604000091552734 10
v 38.8955078125 8.754581451416016 0
v 38.69956588745117 7.949569225311279 0
v 38.8955078125 8.754581451416016 10
v 38.69956588745117 7.949569225311279 0
v 38.69956588745117 7.949569225311279 10
v 38.8955078125 8.754581451416016 10
v 38.69956588745117 7.949569225311279 0
v 38.34096908569336 7.194578170776367 0
v 38.69956588745117 7.949569225311279 10
v 38.34096908569336 7.194578170776367 0
v 38.34096908569336 7.194578170776367 10
v 38.69956588745117 7.949569225311279 10
v 38.34096908569336 7.194578170776367 0
v 37.79351806640625 6.495222091674805 0
v 38.34096908569336 7.194578170776367 10
v 37.79351806640625 6.495222091674805 0
v 37.79351806640625 6.495222091674805 10
v 38.34096908569336 7.194578170776367 10
v 37.79351806640625 6.495222091674805 0
v 37.03101348876953 5.857116222381592 0
v 37.79351806640625 6.495222091674805 10
v 37.03101348876953 5.857116222381592 0
v 37.03101348876953 5.857116222381592 10
v 37.79351806640625 6.495222091674805 10
v 37.03101348876953 5.857116222381592 0
v 36.02724838256836 5.285874843597412 0
v 37.03101348876953 5.857116222381592 10
v 36.02724838256836 5.285874843597412 0
v 36.02724838256836 5.285874843597412 10
v 37.03101348876953 5.857116222381592 10
v 36.02724838256836 5.285874843597412 0
v 34.75602722167969 4.787112712860107 0
v 36.02724838256836 5.285874843597412 10
v 34.75602722167969 4.787112712860107 0
v 34.75602722167969 4.787112712860107 10
v 36.02724838256836 5.285874843597412 10
v 34.75602722167969 4.787112712860107 0
v 33.19114685058594 4.3664445877075195 0
v 34.75602722167969 4.787112712860107 10
v 33.19114685058594 4.3664445877075195 0
v 33.19114685058594 4.3664445877075195 10
v 34.75602722167969 4.787112712860107 10
v 33.19114685058594 4.3664445877075195 0
v 31.306406021118164 4.029484272003174 0
v 33.19114685058594 4.3664445877075195 10
v 31.306406021118164 4.029484272003174 0
v 31.306406021118164 4.029484272003174 10
v 33.19114685058594 4.3664445877075195 10
v 31.306406021118164 4.029484272003174 0
v 29.07560157775879 3.7818472385406494 0
v 31.306406021118164 4.029484272003174 10
v 29.07560157775879 3.7818472385406494 0
v 29.07560157775879 3.7818472385406494 10
v 31.306406021118164 4.029484272003174 10
v 29.07560157775879 3.7818472385406494 0
v 26.4725341796875 3.629147529602051 0
v 29.07560157775879 3.7818472385406494 10
v 26.4725341796875 3.629147529602051 0
v 26.4725341796875 3.629147529602051 10
v 29.07560157775879 3.7818472385406494 10
v 26.4725341796875 3.629147529602051 0
v 23.47100067138672 3.5769999027252197 0
v 26.4725341796875 3.629147529602051 10
v 23.47100067138672 3.5769999027252197 0
v 23.47100067138672 3.5769999027252197 10
v 26.4725341796875 3.629147529602051 10
v 23.47100067138672 3.5769999027252197 0
v 20.53443145751953 3.647806167602539 0
v 23.47100067138672 3.5769999027252197 10
v 20.53443145751953 3.647806167602539 0
v 20.53443145751953 3.647806167602539 10
v 23.47100067138672 3.5769999027252197 10
v 20.53443145751953 3.647806167602539 0
v 17.957365036010742 3.8576157093048096 0
v 20.53443145751953 3.647806167602539 10
v 17.957365036010742 3.8576157093048096 0
v 17.957365036010742 3.8576157093048096 10
v 20.53443145751953 3.647806167602539 10
v 17.957365036010742 3.8576157093048096 0
v 15.71751594543457 4.202515602111816 0
v 17.957365036010742 3.8576157093048096 10
v 15.71751594543457 4.202515602111816 0
v 15.71751594543457 4.202515602111816 10
v 17.957365036010742 3.8576157093048096 10
v 15.71751594543457 4.202515602111816 0
v 13.792593002319336 4.678592681884766 0
v 15.71751594543457 4.202515602111816 10
v 13.792593002319336 4.678592681884766 0
v 13.792593002319336 4.678592681884766 10
v 15.71751594543457 4.202515602111816 10
v 13.792593002319336 4.678592681884766 0
v 12.160308837890625 5.281933307647705 0
v 13.792593002319336 4.678592681884766 10
v 12.160308837890625 5.281933307647705 0
v 12.160308837890625 5.281933307647705 10
v 13.792593002319336 4.678592681884766 10
v 12.160308837890625 5.281933307647705 0
v 10.798375129699707 6.008625030517578 0
v 12.160308837890625 5.281933307647705 10
v 10.798375129699707 6.008625030517578 0
v 10.798375129699707 6.008625030517578 10
v 12.160308837890625 5.281933307647705 10
v 10.798375129699707 6.008625030517578 0
v 9.684504508972168 6.8547539710998535 0
v 10.798375129699707 6.008625030517578 10
v 9.684504508972168 6.8547539710998535 0
v 9.684504508972168 6.8547539710998535 10
v 10.798375129699707 6.008625030517578 10
v 9.684504508972168 6.8547539710998535 0
v 8.796407699584961 7.816407203674316 0
v 9.684504508972168 6.8547539710998535 10
v 8.796407699584961 7.816407203674316 0
v 8.796407699584961 7.816407203674316 10
v 9.684504508972168 6.8547539710998535 10
v 8.796407699584961 7.816407203674316 0
v 8.111797332763672 8.88967227935791 0
v 8.796407699584961 7.816407203674316 10
v 8.111797332763672 8.88967227935791 0
v 8.111797332763672 8.88967227935791 10
v 8.796407699584961 7.816407203674316 10
v 8.111797332763672 8.88967227935791 0
v 7.608384132385254 10.070633888244629 0
v 8.111797332763672 8.88967227935791 10
v 7.608384132385254 10.070633888244629 0
v 7.608384132385254 10.070633888244629 10
v 8.111797332763672 8.88967227935791 10
v 7.608384132385254 10.070633888244629 0
v 7.263881206512451 11.35538101196289 0
v 7.608384132385254 10.070633888244629 10
v 7.263881206512451 11.35538101196289 0
v 7.263881206512451 11.35538101196289 10
v 7.608384132385254 10.070633888244629 10
v 7.263881206512451 11.35538101196289 0
v 7.056000232696533 12.739999771118164 0
v 7.263881206512451 11.35538101196289 10
v 7.056000232696533 12.739999771118164 0
v 7.056000232696533 12.739999771118164 10
v 7.263881206512451 11.35538101196289 10
v 7.056000232696533 12.739999771118164 0
v 2.009000062942505 12.739999771118164 0
v 7.056000232696533 12.739999771118164 10
v 2.009000062942505 12.739999771118164 0
v 2.009000062942505 12.739999771118164 10
v 7.056000232696533 12.739999771118164 10
v 2.009000062942505 12.739999771118164 0
v 2.245067596435547 10.750395774841309 0
v 2.009000062942505 12.739999771118164 10
v 2.245067596435547 10.750395774841309 0
v 2.245067596435547 10.750395774841309 10
v 2.009000062942505 12.739999771118164 10
v 70.78152465820312 -0.02812962979078293 0
v 68.26128387451172 -0.37203702330589294 0
v 65.50199890136719 -0.49000000953674316 0
v 75.10418701171875 1.2776296138763428 0
v 73.06254577636719 0.5267500281333923 0
v 70.78152465820312 -0.02812962979078293 0
v 78.4686279296875 3.307499885559082 0
v 76.90626525878906 2.2095370292663574 0
v 75.10418701171875 1.2776296138763428 0
v 80.87348175048828 5.941703796386719 0
v 79.79108428955078 4.556546211242676 0
v 78.4686279296875 3.307499885559082 0
v 82.31739044189453 9.060462951660156 0
v 81.71563720703125 7.447999954223633 0
v 80.87348175048828 5.941703796386719 0
v 82.79900360107422 12.543999671936035 0
v 82.67857360839844 10.764120101928711 0
v 82.31739044189453 9.060462951660156 0
v 82.67857360839844 15.205879211425781 0
v 82.79900360107422 13.425999641418457 0
v 82.79900360107422 12.543999671936035 0
v 81.71563720703125 18.52199935913086 0
v 82.31739044189453 16.909536361694336 0
v 82.67857360839844 15.205879211425781 0
v 79.79108428955078 21.413454055786133 0
v 80.87348175048828 20.028295516967773 0
v 81.71563720703125 18.52199935913086 0
v 76.90626525878906 23.76046371459961 0
v 78.4686279296875 22.662500381469727 0
v 79.79108428955078 21.413454055786133 0
v 73.06254577636719 25.44325065612793 0
v 75.10418701171875 24.69236946105957 0
v 76.90626525878906 23.76046371459961 0
v 68.26128387451172 26.342037200927734 0
v 70.78152465820312 25.99812889099121 0
v 73.06254577636719 25.44325065612793 0
v 62.74271774291992 26.342037200927734 0
v 65.50199890136719 26.459999084472656 0
v 68.26128387451172 26.342037200927734 0
v 57.94145202636719 25.44325065612793 0
v 60.222476959228516 25.99812889099121 0
v 62.74271774291992 26.342037200927734 0
v 54.09773254394531 23.76046371459961 0
v 55.89981460571289 24.69236946105957 0
v 57.94145202636719 25.44325065612793 0
v 51.212913513183594 21.413454055786133 0
v 52.53537368774414 22.662500381469727 0
v 54.09773254394531 23.76046371459961 0
v 49.288360595703125 18.52199935913086 0
v 50.13051986694336 20.028295516967773 0
v 51.212913513183594 21.413454055786133 0
v 48.32543182373047 15.205879211425781 0
v 48.686607360839844 16.909536361694336 0
v 49.288360595703125 18.52199935913086 0
v 48.20500183105469 12.543999671936035 0
v 48.20500183105469 13.425999641418457 0
v 48.32543182373047 15.205879211425781 0
v 52.98834228515625 14.353852272033691 0
v 52.909000396728516 12.984999656677246 0
v 48.20500183105469 12.543999671936035 0
v 48.20500183105469 12.543999671936035 0
v 52.909000396728516 12.984999656677246 0
v 52.98834228515625 11.616147994995117 0
v 48.686607360839844 9.060462951660156 0
v 48.32543182373047 10.764120101928711 0
v 48.20500183105469 12.543999671936035 0
v 50.13051986694336 5.941703796386719 0
v 49.288360595703125 7.447999954223633 0
v 48.686607360839844 9.060462951660156 0
v 52.53537368774414 3.307499885559082 0
v 51.212913513183594 4.556546211242676 0
v 50.13051986694336 5.941703796386719 0
v 55.89981460571289 1.2776296138763428 0
v 54.09773254394531 2.2095370292663574 0
v 52.53537368774414 3.307499885559082 0
v 60.222476959228516 -0.02812962979078293 0
v 57.94145202636719 0.5267500281333923 0
v 55.89981460571289 1.2776296138763428 0
v 65.50199890136719 -0.49000000953674316 0
v 62.74271774291992 -0.37203702330589294 0
v 60.222476959228516 -0.02812962979078293 0
v 75.10418701171875 1.2776296138763428 0
v 70.78152465820312 -0.02812962979078293 0
v 65.50199890136719 -0.49000000953674316 0
v 80.87348175048828 5.941703796386719 0
v 78.4686279296875 3.307499885559082 0
v 75.10418701171875 1.2776296138763428 0
v 82.79900360107422 12.543999671936035 0
v 82.31739044189453 9.060462951660156 0
v 80.87348175048828 5.941703796386719 0
v 81.71563720703125 18.52199935913086 0
v 82.67857360839844 15.205879211425781 0
v 82.79900360107422 12.543999671936035 0
v 76.90626525878906 23.76046371459961 0
v 79.79108428955078 21.413454055786133 0
v 81.71563720703125 18.52199935913086 0
v 68.26128387451172 26.342037200927734 0
v 73.06254577636719 25.44325065612793 0
v 76.90626525878906 23.76046371459961 0
v 57.94145202636719 25.44325065612793 0
v 62.74271774291992 26.342037200927734 0
v 68.26128387451172 26.342037200927734 0
v 51.212913513183594 21.413454055786133 0
v 54.09773254394531 23.76046371459961 0
v 57.94145202636719 25.44325065612793 0
v 48.32543182373047 15.205879211425781 0
v 49.288360595703125 18.52199935913086 0
v 51.212913513183594 21.413454055786133 0
v 52.98834228515625 14.353852272033691 0
v 48.20500183105469 12.543999671936035 0
v 48.32543182373047 15.205879211425781 0
v 48.20500183105469 12.543999671936035 0
v 52.98834228515625 11.616147994995117 0
v 53.22931671142578 10.331514358520508 0
v 50.13051986694336 5.941703796386719 0
v 48.686607360839844 9.060462951660156 0
v 48.20500183105469 12.543999671936035 0
v 55.89981460571289 1.2776296138763428 0
v 52.53537368774414 3.307499885559082 0
v 50.13051986694336 5.941703796386719 0
v 65.50199890136719 -0.49000000953674316 0
v 60.222476959228516 -0.02812962979078293 0
v 55.89981460571289 1.2776296138763428 0
v 80.87348175048828 5.941703796386719 0
v 75.10418701171875 1.2776296138763428 0
v 65.50199890136719 -0.49000000953674316 0
v 81.71563720703125 18.52199935913086 0
v 82.79900360107422 12.543999671936035 0
v 80.87348175048828 5.941703796386719 0
v 68.26128387451172 26.342037200927734 0
v 76.90626525878906 23.76046371459961 0
v 81.71563720703125 18.52199935913086 0
v 51.212913513183594 21.413454055786133 0
v 57.94145202636719 25.44325065612793 0
v 68.26128387451172 26.342037200927734 0
v 52.98834228515625 14.353852272033691 0
v 48.32543182373047 15.205879211425781 0
v 51.212913513183594 21.413454055786133 0
v 48.20500183105469 12.543999671936035 0
v 53.22931671142578 10.331514358520508 0
v 53.63634490966797 9.137734413146973 0
v 55.89981460571289 1.2776296138763428 0
v 50.13051986694336 5.941703796386719 0
v 48.20500183105469 12.543999671936035 0
v 80.87348175048828 5.941703796386719 0
v 65.50199890136719 -0.49000000953674316 0
v 55.89981460571289 1.2776296138763428 0
v 53.22931671142578 15.6384859085083 0
v 52.98834228515625 14.353852272033691 0
v 51.212913513183594 21.413454055786133 0
v 48.20500183105469 12.543999671936035 0
v 53.63634490966797 9.137734413146973 0
v 54.21385192871094 8.041444778442383 0
v 53.63634490966797 16.832265853881836 0
v 53.22931671142578 15.6384859085083 0
v 51.212913513183594 21.413454055786133 0
v 48.20500183105469 12.543999671936035 0
v 54.21385192871094 8.041444778442383 0
v 54.96626281738281 7.049279689788818 0
v 54.21385192871094 17.928556442260742 0
v 53.63634490966797 16.832265853881836 0
v 51.212913513183594 21.413454055786133 0
v 48.20500183105469 12.543999671936035 0
v 54.96626281738281 7.049279689788818 0
v 55.89799880981445 6.167874813079834 0
v 54.96626281738281 18.92072105407715 0
v 54.21385192871094 17.928556442260742 0
v 51.212913513183594 21.413454055786133 0
v 55.89981460571289 1.2776296138763428 0
v 48.20500183105469 12.543999671936035 0
v 55.89799880981445 6.167874813079834 0
v 55.89799880981445 19.802125930786133 0
v 54.96626281738281 18.92072105407715 0
v 51.212913513183594 21.413454055786133 0
v 55.89981460571289 1.2776296138763428 0
v 55.89799880981445 6.167874813079834 0
v 57.01348876953125 5.403866291046143 0
v 57.01348876953125 20.566133499145508 0
v 55.89799880981445 19.802125930786133 0
v 51.212913513183594 21.413454055786133 0
v 55.89981460571289 1.2776296138763428 0
v 57.01348876953125 5.403866291046143 0
v 58.31714630126953 4.763888835906982 0
v 57.01348876953125 20.566133499145508 0
v 51.212913513183594 21.413454055786133 0
v 68.26128387451172 26.342037200927734 0
v 55.89981460571289 1.2776296138763428 0
v 58.31714630126953 4.763888835906982 0
v 59.81340789794922 4.254578113555908 0
v 58.31714630126953 21.206111907958984 0
v 57.01348876953125 20.566133499145508 0
v 68.26128387451172 26.342037200927734 0
v 55.89981460571289 1.2776296138763428 0
v 59.81340789794922 4.254578113555908 0
v 61.506683349609375 3.8825695514678955 0
v 59.81340789794922 21.715421676635742 0
v 58.31714630126953 21.206111907958984 0
v 68.26128387451172 26.342037200927734 0
v 55.89981460571289 1.2776296138763428 0
v 61.506683349609375 3.8825695514678955 0
v 63.40140914916992 3.654498338699341 0
v 61.506683349609375 22.087430953979492 0
v 59.81340789794922 21.715421676635742 0
v 68.26128387451172 26.342037200927734 0
v 55.89981460571289 1.2776296138763428 0
v 63.40140914916992 3.654498338699341 0
v 65.50199890136719 3.5769999027252197 0
v 63.40140914916992 22.315502166748047 0
v 61.506683349609375 22.087430953979492 0
v 68.26128387451172 26.342037200927734 0
v 55.89981460571289 1.2776296138763428 0
v 65.50199890136719 3.5769999027252197 0
v 67.60259246826172 3.654498338699341 0
v 65.50199890136719 22.39299964904785 0
v 63.40140914916992 22.315502166748047 0
v 68.26128387451172 26.342037200927734 0
v 55.89981460571289 1.2776296138763428 0
v 67.60259246826172 3.654498338699341 0
v 69.497314453125 3.8825695514678955 0
v 67.60259246826172 22.315502166748047 0
v 65.50199890136719 22.39299964904785 0
v 68.26128387451172 26.342037200927734 0
v 80.87348175048828 5.941703796386719 0
v 55.89981460571289 1.2776296138763428 0
v 69.497314453125 3.8825695514678955 0
v 69.497314453125 22.087430953979492 0
v 67.60259246826172 22.315502166748047 0
v 68.26128387451172 26.342037200927734 0
v 80.87348175048828 5.941703796386719 0
v 69.497314453125 3.8825695514678955 0
v 71.19059753417969 4.254578113555908 0
v 71.19059753417969 21.715421676635742 0
v 69.497314453125 22.087430953979492 0
v 68.26128387451172 26.342037200927734 0
v 80.87348175048828 5.941703796386719 0
v 71.19059753417969 4.254578113555908 0
v 72.68685150146484 4.763888835906982 0
v 71.19059753417969 21.715421676635742 0
v 68.26128387451172 26.342037200927734 0
v 81.71563720703125 18.52199935913086 0
v 80.87348175048828 5.941703796386719 0
v 72.68685150146484 4.763888835906982 0
v 73.99050903320312 5.403866291046143 0
v 72.68685150146484 21.206111907958984 0
v 71.19059753417969 21.715421676635742 0
v 81.71563720703125 18.52199935913086 0
v 80.87348175048828 5.941703796386719 0
v 73.99050903320312 5.403866291046143 0
v 75.10600280761719 6.167874813079834 0
v 73.99050903320312 20.566133499145508 0
v 72.68685150146484 21.206111907958984 0
v 81.71563720703125 18.52199935913086 0
v 80.87348175048828 5.941703796386719 0
v 75.10600280761719 6.167874813079834 0
v 76.03773498535156 7.049279689788818 0
v 75.10600280761719 19.802125930786133 0
v 73.99050903320312 20.566133499145508 0
v 81.71563720703125 18.52199935913086 0
v 80.87348175048828 5.941703796386719 0
v 76.03773498535156 7.049279689788818 0
v 76.79014587402344 8.041444778442383 0
v 76.03773498535156 18.92072105407715 0
v 75.10600280761719 19.802125930786133 0
v 81.71563720703125 18.52199935913086 0
v 80.87348175048828 5.941703796386719 0
v 76.79014587402344 8.041444778442383 0
v 77.3676528930664 9.137734413146973 0
v 76.79014587402344 17.928556442260742 0
v 76.03773498535156 18.92072105407715 0
v 81.71563720703125 18.52199935913086 0
v 80.87348175048828 5.941703796386719 0
v 77.3676528930664 9.137734413146973 0
v 77.77468872070312 10.331514358520508 0
v 77.3676528930664 16.832265853881836 0
v 76.79014587402344 17.928556442260742 0
v 81.71563720703125 18.52199935913086 0
v 80.87348175048828 5.941703796386719 0
v 77.77468872070312 10.331514358520508 0
v 78.01565551757812 11.616147994995117 0
v 77.77468872070312 15.6384859085083 0
v 77.3676528930664 16.832265853881836 0
v 81.71563720703125 18.52199935913086 0
v 80.87348175048828 5.941703796386719 0
v 78.01565551757812 11.616147994995117 0
v 78.09500122070312 12.984999656677246 0
v 77.77468872070312 15.6384859085083 0
v 81.71563720703125 18.52199935913086 0
v 80.87348175048828 5.941703796386719 0
v 80.87348175048828 5.941703796386719 0
v 78.09500122070312 12.984999656677246 0
v 78.01565551757812 14.353852272033691 0
v 78.01565551757812 14.353852272033691 0
v 77.77468872070312 15.6384859085083 0
v 80.87348175048828 5.941703796386719 0
v 65.50199890136719 -0.49000000953674316 10
v 68.26128387451172 -0.37203702330589294 10
v 70.78152465820312 -0.02812962979078293 10
v 70.78152465820312 -0.02812962979078293 10
v 73.06254577636719 0.5267500281333923 10
v 75.10418701171875 1.2776296138763428 10
v 75.10418701171875 1.2776296138763428 10
v 76.90626525878906 2.2095370292663574 10
v 78.4686279296875 3.307499885559082 10
v 78.4686279296875 3.307499885559082 10
v 79.79108428955078 4.556546211242676 10
v 80.87348175048828 5.941703796386719 10
v 80.87348175048828 5.941703796386719 10
v 81.71563720703125 7.447999954223633 10
v 82.31739044189453 9.060462951660156 10
v 82.31739044189453 9.060462951660156 10
v 82.67857360839844 10.764120101928711 10
v 82.79900360107422 12.543999671936035 10
v 82.79900360107422 12.543999671936035 10
v 82.79900360107422 13.425999641418457 10
v 82.67857360839844 15.205879211425781 10
v 82.67857360839844 15.205879211425781 10
v 82.31739044189453 16.909536361694336 10
v 81.71563720703125 18.52199935913086 10
v 81.71563720703125 18.52199935913086 10
v 80.87348175048828 20.028295516967773 10
v 79.79108428955078 21.413454055786133 10
v 79.79108428955078 21.413454055786133 10
v 78.4686279296875 22.662500381469727 10
v 76.90626525878906 23.76046371459961 10
v 76.90626525878906 23.76046371459961 10
v 75.10418701171875 24.69236946105957 10
v 73.06254577636719 25.44325065612793 10
v 73.06254577636719 25.44325065612793 10
v 70.78152465820312 25.99812889099121 10
v 68.26128387451172 26.342037200927734 10
v 68.26128387451172 26.342037200927734 10
v 65.50199890136719 26.459999084472656 10
v 62.74271774291992 26.342037200927734 10
v 62.74271774291992 26.342037200927734 10
v 60.222476959228516 25.99812889099121 10
v 57.94145202636719 25.44325065612793 10
v 57.94145202636719 25.44325065612793 10
v 55.89981460571289 24.69236946105957 10
v 54.09773254394531 23.76046371459961 10
v 54.09773254394531 23.76046371459961 10
v 52.53537368774414 22.662500381469727 10
v 51.212913513183594 21.413454055786133 10
v 51.212913513183594 21.413454055786133 10
v 50.13051986694336 20.028295516967773 10
v 49.288360595703125 18.52199935913086 10
v 49.288360595703125 18.52199935913086 10
v 48.686607360839844 16.909536361694336 10
v 48.32543182373047 15.205879211425781 10
v 48.32543182373047 15.205879211425781 10
v 48.20500183105469 13.425999641418457 10
v 48.20500183105469 12.543999671936035 10
v 48.20500183105469 12.543999671936035 10
v 52.909000396728516 12.984999656677246 10
v 52.98834228515625 14.353852272033691 10
v 52.98834228515625 11.616147994995117 10
v 52.909000396728516 12.984999656677246 10
v 48.20500183105469 12.543999671936035 10
v 48.20500183105469 12.543999671936035 10
v 48.32543182373047 10.764120101928711 10
v 48.686607360839844 9.060462951660156 10
v 48.686607360839844 9.060462951660156 10
v 49.288360595703125 7.447999954223633 10
v 50.13051986694336 5.941703796386719 10
v 50.13051986694336 5.941703796386719 10
v 51.212913513183594 4.556546211242676 10
v 52.53537368774414 3.307499885559082 10
v 52.53537368774414 3.307499885559082 10
v 54.09773254394531 2.2095370292663574 10
v 55.89981460571289 1.2776296138763428 10
v 55.89981460571289 1.2776296138763428 10
v 57.94145202636719 0.5267500281333923 10
v 60.222476959228516 -0.02812962979078293 10
v 60.222476959228516 -0.02812962979078293 10
v 62.74271774291992 -0.37203702330589294 10
v 65.50199890136719 -0.49000000953674316 10
v 65.50199890136719 -0.49000000953674316 10
v 70.78152465820312 -0.02812962979078293 10
v 75.10418701171875 1.2776296138763428 10
v 75.10418701171875 1.2776296138763428 10
v 78.4686279296875 3.307499885559082 10
v 80.87348175048828 5.941703796386719 10
v 80.87348175048828 5.941703796386719 10
v 82.31739044189453 9.060462951660156 10
v 82.79900360107422 12.543999671936035 10
v 82.79900360107422 12.543999671936035 10
v 82.67857360839844 15.205879211425781 10
v 81.71563720703125 18.52199935913086 10
v 81.71563720703125 18.52199935913086 10
v 79.79108428955078 21.413454055786133 10
v 76.90626525878906 23.76046371459961 10
v 76.90626525878906 23.76046371459961 10
v 73.06254577636719 25.44325065612793 10
v 68.26128387451172 26.342037200927734 10
v 68.26128387451172 26.342037200927734 10
v 62.74271774291992 26.342037200927734 10
v 57.94145202636719 25.44325065612793 10
v 57.94145202636719 25.44325065612793 10
v 54.09773254394531 23.76046371459961 10
v 51.212913513183594 21.413454055786133 10
v 51.212913513183594 21.413454055786133 10
v 49.288360595703125 18.52199935913086 10
v 48.32543182373047 15.205879211425781 10
v 48.32543182373047 15.205879211425781 10
v 48.20500183105469 12.543999671936035 10
v 52.98834228515625 14.353852272033691 10
v 53.22931671142578 10.331514358520508 10
v 52.98834228515625 11.616147994995117 10
v 48.20500183105469 12.543999671936035 10
v 48.20500183105469 12.543999671936035 10
v 48.686607360839844 9.060462951660156 10
v 50.13051986694336 5.941703796386719 10
v 50.13051986694336 5.941703796386719 10
v 52.53537368774414 3.307499885559082 10
v 55.89981460571289 1.2776296138763428 10
v 55.89981460571289 1.2776296138763428 10
v 60.222476959228516 -0.02812962979078293 10
v 65.50199890136719 -0.49000000953674316 10
v 65.50199890136719 -0.49000000953674316 10
v 75.10418701171875 1.2776296138763428 10
v 80.87348175048828 5.941703796386719 10
v 80.87348175048828 5.941703796386719 10
v 82.79900360107422 12.543999671936035 10
v 81.71563720703125 18.52199935913086 10
v 81.71563720703125 18.52199935913086 10
v 76.90626525878906 23.76046371459961 10
v 68.26128387451172 26.342037200927734 10
v 68.26128387451172 26.342037200927734 10
v 57.94145202636719 25.44325065612793 10
v 51.212913513183594 21.413454055786133 10
v 51.212913513183594 21.413454055786133 10
v 48.32543182373047 15.205879211425781 10
v 52.98834228515625 14.353852272033691 10
v 53.63634490966797 9.137734413146973 10
v 53.22931671142578 10.331514358520508 10
v 48.20500183105469 12.543999671936035 10
v 48.20500183105469 12.543999671936035 10
v 50.13051986694336 5.941703796386719 10
v 55.89981460571289 1.2776296138763428 10
v 55.89981460571289 1.2776296138763428 10
v 65.50199890136719 -0.49000000953674316 10
v 80.87348175048828 5.941703796386719 10
v 51.212913513183594 21.413454055786133 10
v 52.98834228515625 14.353852272033691 10
v 53.22931671142578 15.6384859085083 10
v 54.21385192871094 8.041444778442383 10
v 53.63634490966797 9.137734413146973 10
v 48.20500183105469 12.543999671936035 10
v 51.212913513183594 21.413454055786133 10
v 53.22931671142578 15.6384859085083 10
v 53.63634490966797 16.832265853881836 10
v 54.96626281738281 7.049279689788818 10
v 54.21385192871094 8.041444778442383 10
v 48.20500183105469 12.543999671936035 10
v 51.212913513183594 21.413454055786133 10
v 53.63634490966797 16.832265853881836 10
v 54.21385192871094 17.928556442260742 10
v 55.89799880981445 6.167874813079834 10
v 54.96626281738281 7.049279689788818 10
v 48.20500183105469 12.543999671936035 10
v 51.212913513183594 21.413454055786133 10
v 54.21385192871094 17.928556442260742 10
v 54.96626281738281 18.92072105407715 10
v 55.89799880981445 6.167874813079834 10
v 48.20500183105469 12.543999671936035 10
v 55.89981460571289 1.2776296138763428 10
v 51.212913513183594 21.413454055786133 10
v 54.96626281738281 18.92072105407715 10
v 55.89799880981445 19.802125930786133 10
v 57.01348876953125 5.403866291046143 10
v 55.89799880981445 6.167874813079834 10
v 55.89981460571289 1.2776296138763428 10
v 51.212913513183594 21.413454055786133 10
v 55.89799880981445 19.802125930786133 10
v 57.01348876953125 20.566133499145508 10
v 58.31714630126953 4.763888835906982 10
v 57.01348876953125 5.403866291046143 10
v 55.89981460571289 1.2776296138763428 10
v 68.26128387451172 26.342037200927734 10
v 51.212913513183594 21.413454055786133 10
v 57.01348876953125 20.566133499145508 10
v 59.81340789794922 4.254578113555908 10
v 58.31714630126953 4.763888835906982 10
v 55.89981460571289 1.2776296138763428 10
v 68.26128387451172 26.342037200927734 10
v 57.01348876953125 20.566133499145508 10
v 58.31714630126953 21.206111907958984 10
v 61.506683349609375 3.8825695514678955 10
v 59.81340789794922 4.254578113555908 10
v 55.89981460571289 1.2776296138763428 10
v 68.26128387451172 26.342037200927734 10
v 58.31714630126953 21.206111907958984 10
v 59.81340789794922 21.715421676635742 10
v 63.40140914916992 3.654498338699341 10
v 61.506683349609375 3.8825695514678955 10
v 55.89981460571289 1.2776296138763428 10
v 68.26128387451172 26.342037200927734 10
v 59.81340789794922 21.715421676635742 10
v 61.506683349609375 22.087430953979492 10
v 65.50199890136719 3.5769999027252197 10
v 63.40140914916992 3.654498338699341 10
v 55.89981460571289 1.2776296138763428 10
v 68.26128387451172 26.342037200927734 10
v 61.506683349609375 22.087430953979492 10
v 63.40140914916992 22.315502166748047 10
v 67.60259246826172 3.654498338699341 10
v 65.50199890136719 3.5769999027252197 10
v 55.89981460571289 1.2776296138763428 10
v 68.26128387451172 26.342037200927734 10
v 63.40140914916992 22.315502166748047 10
v 65.50199890136719 22.39299964904785 10
v 69.497314453125 3.8825695514678955 10
v 67.60259246826172 3.654498338699341 10
v 55.89981460571289 1.2776296138763428 10
v 68.26128387451172 26.342037200927734 10
v 65.50199890136719 22.39299964904785 10
v 67.60259246826172 22.315502166748047 10
v 69.497314453125 3.8825695514678955 10
v 55.89981460571289 1.2776296138763428 10
v 80.87348175048828 5.941703796386719 10
v 68.26128387451172 26.342037200927734 10
v 67.60259246826172 22.315502166748047 10
v 69.497314453125 22.087430953979492 10
v 71.19059753417969 4.254578113555908 10
v 69.497314453125 3.8825695514678955 10
v 80.87348175048828 5.941703796386719 10
v 68.26128387451172 26.342037200927734 10
v 69.497314453125 22.087430953979492 10
v 71.19059753417969 21.715421676635742 10
v 72.68685150146484 4.763888835906982 10
v 71.19059753417969 4.254578113555908 10
v 80.87348175048828 5.941703796386719 10
v 81.71563720703125 18.52199935913086 10
v 68.26128387451172 26.342037200927734 10
v 71.19059753417969 21.715421676635742 10
v 73.99050903320312 5.403866291046143 10
v 72.68685150146484 4.763888835906982 10
v 80.87348175048828 5.941703796386719 10
v 81.71563720703125 18.52199935913086 10
v 71.19059753417969 21.715421676635742 10
v 72.68685150146484 21.206111907958984 10
v 75.10600280761719 6.167874813079834 10
v 73.99050903320312 5.403866291046143 10
v 80.87348175048828 5.941703796386719 10
v 81.71563720703125 18.52199935913086 10
v 72.68685150146484 21.206111907958984 10
v 73.99050903320312 20.566133499145508 10
v 76.03773498535156 7.049279689788818 10
v 75.10600280761719 6.167874813079834 10
v 80.87348175048828 5.941703796386719 10
v 81.71563720703125 18.52199935913086 10
v 73.99050903320312 20.566133499145508 10
v 75.10600280761719 19.802125930786133 10
v 76.79014587402344 8.041444778442383 10
v 76.03773498535156 7.049279689788818 10
v 80.87348175048828 5.941703796386719 10
v 81.71563720703125 18.52199935913086 10
v 75.10600280761719 19.802125930786133 10
v 76.03773498535156 18.92072105407715 10
v 77.3676528930664 9.137734413146973 10
v 76.79014587402344 8.041444778442383 10
v 80.87348175048828 5.941703796386719 10
v 81.71563720703125 18.52199935913086 10
v 76.03773498535156 18.92072105407715 10
v 76.79014587402344 17.928556442260742 10
v 77.77468872070312 10.331514358520508 10
v 77.3676528930664 9.137734413146973 10
v 80.87348175048828 5.941703796386719 10
v 81.71563720703125 18.52199935913086 10
v 76.79014587402344 17.928556442260742 10
v 77.3676528930664 16.832265853881836 10
v 78.01565551757812 11.616147994995117 10
v 77.77468872070312 10.331514358520508 10
v 80.87348175048828 5.941703796386719 10
v 81.71563720703125 18.52199935913086 10
v 77.3676528930664 16.832265853881836 10
v 77.77468872070312 15.6384859085083 10
v 78.09500122070312 12.984999656677246 10
v 78.01565551757812 11.616147994995117 10
v 80.87348175048828 5.941703796386719 10
v 80.87348175048828 5.941703796386719 10
v 81.71563720703125 18.52199935913086 10
v 77.77468872070312 15.6384859085083 10
v 78.01565551757812 14.353852272033691 10
v 78.09500122070312 12.984999656677246 10
v 80.87348175048828 5.941703796386719 10
v 80.87348175048828 5.941703796386719 10
v 77.77468872070312 15.6384859085083 10
v 78.01565551757812 14.353852272033691 10
v 68.26128387451172 -0.37203702330589294 0
v 70.78152465820312 -0.02812962979078293 0
v 68.26128387451172 -0.37203702330589294 10
v 70.78152465820312 -0.02812962979078293 0
v 70.78152465820312 -0.02812962979078293 10
v 68.26128387451172 -0.37203702330589294 10
v 70.78152465820312 -0.02812962979078293 0
v 73.06254577636719 0.5267500281333923 0
v 70.78152465820312 -0.02812962979078293 10
v 73.06254577636719 0.5267500281333923 0
v 73.06254577636719 0.5267500281333923 10
v 70.78152465820312 -0.02812962979078293 10
v 73.06254577636719 0.5267500281333923 0
v 75.10418701171875 1.2776296138763428 0
v 73.06254577636719 0.5267500281333923 10
v 75.10418701171875 1.2776296138763428 0
v 75.10418701171875 1.2776296138763428 10
v 73.06254577636719 0.5267500281333923 10
v 75.10418701171875 1.2776296138763428 0
v 76.90626525878906 2.2095370292663574 0
v 75.10418701171875 1.2776296138763428 10
v 76.90626525878906 2.2095370292663574 0
v 76.90626525878906 2.2095370292663574 10
v 75.10418701171875 1.2776296138763428 10
v 76.90626525878906 2.2095370292663574 0
v 78.4686279296875 3.307499885559082 0
v 76.90626525878906 2.2095370292663574 10
v 78.4686279296875 3.307499885559082 0
v 78.4686279296875 3.307499885559082 10
v 76.90626525878906 2.2095370292663574 10
v 78.4686279296875 3.307499885559082 0
v 79.79108428955078 4.556546211242676 0
v 78.4686279296875 3.307499885559082 10
v 79.79108428955078 4.556546211242676 0
v 79.79108428955078 4.556546211242676 10
v 78.4686279296875 3.307499885559082 10
v 79.79108428955078 4.556546211242676 0
v 80.87348175048828 5.941703796386719 0
v 79.79108428955078 4.556546211242676 10
v 80.87348175048828 5.941703796386719 0
v 80.87348175048828 5.941703796386719 10
v 79.79108428955078 4.556546211242676 10
v 80.87348175048828 5.941703796386719 0
v 81.71563720703125 7.447999954223633 0
v 80.87348175048828 5.941703796386719 10
v 81.71563720703125 7.447999954223633 0
v 81.71563720703125 7.447999954223633 10
v 80.87348175048828 5.941703796386719 10
v 81.71563720703125 7.447999954223633 0
v 82.31739044189453 9.060462951660156 0
v 81.71563720703125 7.447999954223633 10
v 82.31739044189453 9.060462951660156 0
v 82.31739044189453 9.060462951660156 10
v 81.71563720703125 7.447999954223633 10
v 82.31739044189453 9.060462951660156 0
v 82.67857360839844 10.764120101928711 0
v 82.31739044189453 9.060462951660156 10
v 82.67857360839844 10.764120101928711 0
v 82.67857360839844 10.764120101928711 10
v 82.31739044189453 9.060462951660156 10
v 82.67857360839844 10.764120101928711 0
v 82.79900360107422 12.543999671936035 0
v 82.67857360839844 10.764120101928711 10
v 82.79900360107422 12.543999671936035 0
v 82.79900360107422 12.543999671936035 10
v 82.67857360839844 10.764120101928711 10
v 82.79900360107422 12.543999671936035 0
v 82.79900360107422 13.425999641418457 0
v 82.79900360107422 12.543999671936035 10
v 82.79900360107422 13.425999641418457 0
v 82.79900360107422 13.425999641418457 10
v 82.79900360107422 12.543999671936035 10
v 82.79900360107422 13.425999641418457 0
v 82.67857360839844 15.205879211425781 0
v 82.79900360107422 13.425999641418457 10
v 82.67857360839844 15.205879211425781 0
v 82.67857360839844 15.205879211425781 10
v 82.79900360107422 13.425999641418457 10
v 82.67857360839844 15.205879211425781 0
v 82.31739044189453 16.909536361694336 0
v 82.67857360839844 15.205879211425781 10
v 82.31739044189453 16.909536361694336 0
v 82.31739044189453 16.909536361694336 10
v 82.67857360839844 15.205879211425781 10
v 82.31739044189453 16.909536361694336 0
v 81.71563720703125 18.52199935913086 0
v 82.31739044189453 16.909536361694336 10
v 81.71563720703125 18.52199935913086 0
v 81.71563720703125 18.52199935913086 10
v 82.31739044189453 16.909536361694336 10
v 81.71563720703125 18.52199935913086 0
v 80.87348175048828 20.028295516967773 0
v 81.71563720703125 18.52199935913086 10
v 80.87348175048828 20.028295516967773 0
v 80.87348175048828 20.028295516967773 10
v 81.71563720703125 18.52199935913086 10
v 80.87348175048828 20.028295516967773 0
v 79.79108428955078 21.413454055786133 0
v 80.87348175048828 20.028295516967773 10
v 79.79108428955078 21.413454055786133 0
v 79.79108428955078 21.413454055786133 10
v 80.87348175048828 20.028295516967773 10
v 79.79108428955078 21.413454055786133 0
v 78.4686279296875 22.662500381469727 0
v 79.79108428955078 21.413454055786133 10
v 78.4686279296875 22.662500381469727 0
v 78.4686279296875 22.662500381469727 10
v 79.79108428955078 21.413454055786133 10
v 78.4686279296875 22.662500381469727 0
v 76.90626525878906 23.76046371459961 0
v 78.4686279296875 22.662500381469727 10
v 76.90626525878906 23.76046371459961 0
v 76.90626525878906 23.76046371459961 10
v 78.4686279296875 22.662500381469727 10
v 76.90626525878906 23.76046371459961 0
v 75.10418701171875 24.69236946105957 0
v 76.90626525878906 23.76046371459961 10
v 75.10418701171875 24.69236946105957 0
v 75.10418701171875 24.69236946105957 10
v 76.90626525878906 23.76046371459961 10
v 75.10418701171875 24.69236946105957 0
v 73.06254577636719 25.44325065612793 0
v 75.10418701171875 24.69236946105957 10
v 73.06254577636719 25.44325065612793 0
v 73.06254577636719 25.44325065612793 10
v 75.10418701171875 24.69236946105957 10
v 73.06254577636719 25.44325065612793 0
v 70.78152465820312 25.99812889099121 0
v 73.06254577636719 25.44325065612793 10
v 70.78152465820312 25.99812889099121 0
v 70.78152465820312 25.99812889099121 10
v 73.06254577636719 25.44325065612793 10
v 70.78152465820312 25.99812889099121 0
v 68.26128387451172 26.342037200927734 0
v 70.78152465820312 25.99812889099121 10
v 68.26128387451172 26.342037200927734 0
v 68.26128387451172 26.342037200927734 10
v 70.78152465820312 25.99812889099121 10
v 68.26128387451172 26.342037200927734 0
v 65.50199890136719 26.459999084472656 0
v 68.26128387451172 26.342037200927734 10
v 65.50199890136719 26.459999084472656 0
v 65.50199890136719 26.459999084472656 10
v 68.26128387451172 26.342037200927734 10
v 65.50199890136719 26.459999084472656 0
v 62.74271774291992 26.342037200927734 0
v 65.50199890136719 26.459999084472656 10
v 62.74271774291992 26.342037200927734 0
v 62.74271774291992 26.342037200927734 10
v 65.50199890136719 26.459999084472656 10
v 62.74271774291992 26.342037200927734 0
v 60.222476959228516 25.99812889099121 0
v 62.74271774291992 26.342037200927734 10
v 60.222476959228516 25.99812889099121 0
v 60.222476959228516 25.99812889099121 10
v 62.74271774291992 26.342037200927734 10
v 60.222476959228516 25.99812889099121 0
v 57.94145202636719 25.44325065612793 0
v 60.222476959228516 25.99812889099121 10
v 57.94145202636719 25.44325065612793 0
v 57.94145202636719 25.44325065612793 10
v 60.222476959228516 25.99812889099121 10
v 57.94145202636719 25.44325065612793 0
v 55.89981460571289 24.69236946105957 0
v 57.94145202636719 25.44325065612793 10
v 55.89981460571289 24.69236946105957 0
v 55.89981460571289 24.69236946105957 10
v 57.94145202636719 25.44325065612793 10
v 55.89981460571289 24.69236946105957 0
v 54.09773254394531 23.76046371459961 0
v 55.89981460571289 24.69236946105957 10
v 54.09773254394531 23.76046371459961 0
v 54.09773254394531 23.76046371459961 10
v 55.89981460571289 24.69236946105957 10
v 54.09773254394531 23.76046371459961 0
v 52.53537368774414 22.662500381469727 0
v 54.09773254394531 23.76046371459961 10
v 52.53537368774414 22.662500381469727 0
v 52.53537368774414 22.662500381469727 10
v 54.09773254394531 23.76046371459961 10
v 52.53537368774414 22.662500381469727 0
v 51.212913513183594 21.413454055786133 0
v 52.53537368774414 22.662500381469727 10
v 51.212913513183594 21.413454055786133 0
v 51.212913513183594 21.413454055786133 10
v 52.53537368774414 22.662500381469727 10
v 51.212913513183594 21.413454055786133 0
v 50.13051986694336 20.028295516967773 0
v 51.212913513183594 21.413454055786133 10
v 50.13051986694336 20.028295516967773 0
v 50.13051986694336 20.028295516967773 10
v 51.212913513183594 21.413454055786133 10
v 50.13051986694336 20.028295516967773 0
v 49.288360595703125 18.52199935913086 0
v 50.13051986694336 20.028295516967773 10
v 49.288360595703125 18.52199935913086 0
v 49.288360595703125 18.52199935913086 10
v 50.13051986694336 20.028295516967773 10
v 49.288360595703125 18.52199935913086 0
v 48.686607360839844 16.909536361694336 0
v 49.288360595703125 18.52199935913086 10
v 48.686607360839844 16.909536361694336 0
v 48.686607360839844 16.909536361694336 10
v 49.288360595703125 18.52199935913086 10
v 48.686607360839844 16.909536361694336 0
v 48.32543182373047 15.205879211425781 0
v 48.686607360839844 16.909536361694336 10
v 48.32543182373047 15.205879211425781 0
v 48.32543182373047 15.205879211425781 10
v 48.686607360839844 16.909536361694336 10
v 48.32543182373047 15.205879211425781 0
v 48.20500183105469 13.425999641418457 0
v 48.32543182373047 15.205879211425781 10
v 48.20500183105469 13.425999641418457 0
v 48.20500183105469 13.425999641418457 10
v 48.32543182373047 15.205879211425781 10
v 48.20500183105469 13.425999641418457 0
v 48.20500183105469 12.543999671936035 0
v 48.20500183105469 13.425999641418457 10
v 48.20500183105469 12.543999671936035 0
v 48.20500183105469 12.543999671936035 10
v 48.20500183105469 13.425999641418457 10
v 48.20500183105469 12.543999671936035 0
v 48.32543182373047 10.764120101928711 0
v 48.20500183105469 12.543999671936035 10
v 48.32543182373047 10.764120101928711 0
v 48.32543182373047 10.764120101928711 10
v 48.20500183105469 12.543999671936035 10
v 48.32543182373047 10.764120101928711 0
v 48.686607360839844 9.060462951660156 0
v 48.32543182373047 10.764120101928711 10
v 48.686607360839844 9.060462951660156 0
v 48.686607360839844 9.060462951660156 10
v 48.32543182373047 10.764120101928711 10
v 48.686607360839844 9.060462951660156 0
v 49.288360595703125 7.447999954223633 0
v 48.686607360839844 9.060462951660156 10
v 49.288360595703125 7.447999954223633 0
v 49.288360595703125 7.447999954223633 10
v 48.686607360839844 9.060462951660156 10
v 49.288360595703125 7.447999954223633 0
v 50.13051986694336 5.941703796386719 0
v 49.288360595703125 7.447999954223633 10
v 50.13051986694336 5.941703796386719 0
v 50.13051986694336 5.941703796386719 10
v 49.288360595703125 7.447999954223633 10
v 50.13051986694336 5.941703796386719 0
v 51.212913513183594 4.556546211242676 0
v 50.13051986694336 5.941703796386719 10
v 51.212913513183594 4.556546211242676 0
v 51.212913513183594 4.556546211242676 10
v 50.13051986694336 5.941703796386719 10
v 51.212913513183594 4.556546211242676 0
v 52.53537368774414 3.307499885559082 0
v 51.212913513183594 4.556546211242676 10
v 52.53537368774414 3.307499885559082 0
v 52.53537368774414 3.307499885559082 10
v 51.212913513183594 4.556546211242676 10
v 52.53537368774414 3.307499885559082 0
v 54.09773254394531 2.2095370292663574 0
v 52.53537368774414 3.307499885559082 10
v 54.09773254394531 2.2095370292663574 0
v 54.09773254394531 2.2095370292663574 10
v 52.53537368774414 3.307499885559082 10
v 54.09773254394531 2.2095370292663574 0
v 55.89981460571289 1.2776296138763428 0
v 54.09773254394531 2.2095370292663574 10
v 55.89981460571289 1.2776296138763428 0
v 55.89981460571289 1.2776296138763428 10
v 54.09773254394531 2.2095370292663574 10
v 55.89981460571289 1.2776296138763428 0
v 57.94145202636719 0.5267500281333923 0
v 55.89981460571289 1.2776296138763428 10
v 57.94145202636719 0.5267500281333923 0
v 57.94145202636719 0.5267500281333923 10
v 55.89981460571289 1.2776296138763428 10
v 57.94145202636719 0.5267500281333923 0
v 60.222476959228516 -0.02812962979078293 0
v 57.94145202636719 0.5267500281333923 10
v 60.222476959228516 -0.02812962979078293 0
v 60.222476959228516 -0.02812962979078293 10
v 57.94145202636719 0.5267500281333923 10
v 60.222476959228516 -0.02812962979078293 0
v 62.74271774291992 -0.37203702330589294 0
v 60.222476959228516 -0.02812962979078293 10
v 62.74271774291992 -0.37203702330589294 0
v 62.74271774291992 -0.37203702330589294 10
v 60.222476959228516 -0.02812962979078293 10
v 62.74271774291992 -0.37203702330589294 0
v 65.50199890136719 -0.49000000953674316 0
v 62.74271774291992 -0.37203702330589294 10
v 65.50199890136719 -0.49000000953674316 0
v 65.50199890136719 -0.49000000953674316 10
v 62.74271774291992 -0.37203702330589294 10
v 65.50199890136719 -0.49000000953674316 0
v 68.26128387451172 -0.37203702330589294 0
v 65.50199890136719 -0.49000000953674316 10
v 68.26128387451172 -0.37203702330589294 0
v 68.26128387451172 -0.37203702330589294 10
v 65.50199890136719 -0.49000000953674316 10
v 63.40140914916992 3.654498338699341 0
v 61.506683349609375 3.8825695514678955 0
v 63.40140914916992 3.654498338699341 10
v 61.506683349609375 3.8825695514678955 0
v 61.506683349609375 3.8825695514678955 10
v 63.40140914916992 3.654498338699341 10
v 61.506683349609375 3.8825695514678955 0
v 59.81340789794922 4.254578113555908 0
v 61.506683349609375 3.8825695514678955 10
v 59.81340789794922 4.254578113555908 0
v 59.81340789794922 4.254578113555908 10
v 61.506683349609375 3.8825695514678955 10
v 59.81340789794922 4.254578113555908 0
v 58.31714630126953 4.763888835906982 0
v 59.81340789794922 4.254578113555908 10
v 58.31714630126953 4.763888835906982 0
v 58.31714630126953 4.763888835906982 10
v 59.81340789794922 4.254578113555908 10
v 58.31714630126953 4.763888835906982 0
v 57.01348876953125 5.403866291046143 0
v 58.31714630126953 4.763888835906982 10
v 57.01348876953125 5.403866291046143 0
v 57.01348876953125 5.403866291046143 10
v 58.31714630126953 4.763888835906982 10
v 57.01348876953125 5.403866291046143 0
v 55.89799880981445 6.167874813079834 0
v 57.01348876953125 5.403866291046143 10
v 55.89799880981445 6.167874813079834 0
v 55.89799880981445 6.167874813079834 10
v 57.01348876953125 5.403866291046143 10
v 55.89799880981445 6.167874813079834 0
v 54.96626281738281 7.049279689788818 0
v 55.89799880981445 6.167874813079834 10
v 54.96626281738281 7.049279689788818 0
v 54.96626281738281 7.049279689788818 10
v 55.89799880981445 6.167874813079834 10
v 54.96626281738281 7.049279689788818 0
v 54.21385192871094 8.041444778442383 0
v 54.96626281738281 7.049279689788818 10
v 54.21385192871094 8.041444778442383 0
v 54.21385192871094 8.041444778442383 10
v 54.96626281738281 7.049279689788818 10
v 54.21385192871094 8.041444778442383 0
v 53.63634490966797 9.137734413146973 0
v 54.21385192871094 8.041444778442383 10
v 53.63634490966797 9.137734413146973 0
v 53.63634490966797 9.137734413146973 10
v 54.21385192871094 8.041444778442383 10
v 53.63634490966797 9.137734413146973 0
v 53.22931671142578 10.331514358520508 0
v 53.63634490966797 9.137734413146973 10
v 53.22931671142578 10.331514358520508 0
v 53.22931671142578 10.331514358520508 10
v 53.63634490966797 9.137734413146973 10
v 53.22931671142578 10.331514358520508 0
v 52.98834228515625 11.616147994995117 0
v 53.22931671142578 10.331514358520508 10
v 52.98834228515625 11.616147994995117 0
v 52.98834228515625 11.616147994995117 10
v 53.22931671142578 10.331514358520508 10
v 52.98834228515625 11.616147994995117 0
v 52.909000396728516 12.984999656677246 0
v 52.98834228515625 11.616147994995117 10
v 52.909000396728516 12.984999656677246 0
v 52.909000396728516 12.984999656677246 10
v 52.98834228515625 11.616147994995117 10
v 52.909000396728516 12.984999656677246 0
v 52.98834228515625 14.353852272033691 0
v 52.909000396728516 12.984999656677246 10
v 52.98834228515625 14.353852272033691 0
v 52.98834228515625 14.353852272033691 10
v 52.909000396728516 12.984999656677246 10
v 52.98834228515625 14.353852272033691 0
v 53.22931671142578 15.6384859085083 0
v 52.98834228515625 14.353852272033691 10
v 53.22931671142578 15.6384859085083 0
v 53.22931671142578 15.6384859085083 10
v 52.98834228515625 14.353852272033691 10
v 53.22931671142578 15.6384859085083 0
v 53.63634490966797 16.832265853881836 0
v 53.22931671142578 15.6384859085083 10
v 53.63634490966797 16.832265853881836 0
v 53.63634490966797 16.832265853881836 10
v 53.22931671142578 15.6384859085083 10
v 53.63634490966797 16.832265853881836 0
v 54.21385192871094 17.928556442260742 0
v 53.63634490966797 16.832265853881836 10
v 54.21385192871094 17.928556442260742 0
v 54.21385192871094 17.928556442260742 10
v 53.63634490966797 16.832265853881836 10
v 54.21385192871094 17.928556442260742 0
v 54.96626281738281 18.92072105407715 0
v 54.21385192871094 17.928556442260742 10
v 54.96626281738281 18.92072105407715 0
v 54.96626281738281 18.92072105407715 10
v 54.21385192871094 17.928556442260742 10
v 54.96626281738281 18.92072105407715 0
v 55.89799880981445 19.802125930786133 0
v 54.96626281738281 18.92072105407715 10
v 55.89799880981445 19.802125930786133 0
v 55.89799880981445 19.802125930786133 10
v 54.96626281738281 18.92072105407715 10
v 55.89799880981445 19.802125930786133 0
v 57.01348876953125 20.566133499145508 0
v 55.89799880981445 19.802125930786133 10
v 57.01348876953125 20.566133499145508 0
v 57.01348876953125 20.566133499145508 10
v 55.89799880981445 19.802125930786133 10
v 57.01348876953125 20.566133499145508 0
v 58.31714630126953 21.206111907958984 0
v 57.01348876953125 20.566133499145508 10
v 58.31714630126953 21.206111907958984 0
v 58.31714630126953 21.206111907958984 10
v 57.01348876953125 20.566133499145508 10
v 58.31714630126953 21.206111907958984 0
v 59.81340789794922 21.715421676635742 0
v 58.31714630126953 21.206111907958984 10
v 59.81340789794922 21.715421676635742 0
v 59.81340789794922 21.715421676635742 10
v 58.31714630126953 21.206111907958984 10
v 59.81340789794922 21.715421676635742 0
v 61.506683349609375 22.087430953979492 0
v 59.81340789794922 21.715421676635742 10
v 61.506683349609375 22.087430953979492 0
v 61.506683349609375 22.087430953979492 10
v 59.81340789794922 21.715421676635742 10
v 61.506683349609375 22.087430953979492 0
v 63.40140914916992 22.315502166748047 0
v 61.506683349609375 22.087430953979492 10
v 63.40140914916992 22.315502166748047 0
v 63.40140914916992 22.315502166748047 10
v 61.506683349609375 22.087430953979492 10
v 63.40140914916992 22.315502166748047 0
v 65.50199890136719 22.39299964904785 0
v 63.40140914916992 22.315502166748047 10
v 65.50199890136719 22.39299964904785 0
v 65.50199890136719 22.39299964904785 10
v 63.40140914916992 22.315502166748047 10
v 65.50199890136719 22.39299964904785 0
v 67.60259246826172 22.315502166748047 0
v 65.50199890136719 22.39299964904785 10
v 67.60259246826172 22.315502166748047 0
v 67.60259246826172 22.315502166748047 10
v 65.50199890136719 22.39299964904785 10
v 67.60259246826172 22.315502166748047 0
v 69.497314453125 22.087430953979492 0
v 67.60259246826172 22.315502166748047 10
v 69.497314453125 22.087430953979492 0
v 69.497314453125 22.087430953979492 10
v 67.60259246826172 22.315502166748047 10
v 69.497314453125 22.087430953979492 0
v 71.19059753417969 21.715421676635742 0
v 69.497314453125 22.087430953979492 10
v 71.19059753417969 21.715421676635742 0
v 71.19059753417969 21.715421676635742 10
v 69.497314453125 22.087430953979492 10
v 71.19059753417969 21.715421676635742 0
v 72.68685150146484 21.206111907958984 0
v 71.19059753417969 21.715421676635742 10
v 72.68685150146484 21.206111907958984 0
v 72.68685150146484 21.206111907958984 10
v 71.19059753417969 21.715421676635742 10
v 72.68685150146484 21.206111907958984 0
v 73.99050903320312 20.566133499145508 0
v 72.68685150146484 21.206111907958984 10
v 73.99050903320312 20.566133499145508 0
v 73.99050903320312 20.566133499145508 10
v 72.68685150146484 21.206111907958984 10
v 73.99050903320312 20.566133499145508 0
v 75.10600280761719 19.802125930786133 0
v 73.99050903320312 20.566133499145508 10
v 75.10600280761719 19.802125930786133 0
v 75.10600280761719 19.802125930786133 10
v 73.99050903320312 20.566133499145508 10
v 75.10600280761719 19.802125930786133 0
v 76.03773498535156 18.92072105407715 0
v 75.10600280761719 19.802125930786133 10
v 76.03773498535156 18.92072105407715 0
v 76.03773498535156 18.92072105407715 10
v 75.10600280761719 19.802125930786133 10
v 76.03773498535156 18.92072105407715 0
v 76.79014587402344 17.928556442260742 0
v 76.03773498535156 18.92072105407715 10
v 76.79014587402344 17.928556442260742 0
v 76.79014587402344 17.928556442260742 10
v 76.03773498535156 18.92072105407715 10
v 76.79014587402344 17.928556442260742 0
v 77.3676528930664 16.832265853881836 0
v 76.79014587402344 17.928556442260742 10
v 77.3676528930664 16.832265853881836 0
v 77.3676528930664 16.832265853881836 10
v 76.79014587402344 17.928556442260742 10
v 77.3676528930664 16.832265853881836 0
v 77.77468872070312 15.6384859085083 0
v 77.3676528930664 16.832265853881836 10
v 77.77468872070312 15.6384859085083 0
v 77.77468872070312 15.6384859085083 10
v 77.3676528930664 16.832265853881836 10
v 77.77468872070312 15.6384859085083 0
v 78.01565551757812 14.353852272033691 0
v 77.77468872070312 15.6384859085083 10
v 78.01565551757812 14.353852272033691 0
v 78.01565551757812 14.353852272033691 10
v 77.77468872070312 15.6384859085083 10
v 78.01565551757812 14.353852272033691 0
v 78.09500122070312 12.984999656677246 0
v 78.01565551757812 14.353852272033691 10
v 78.09500122070312 12.984999656677246 0
v 78.09500122070312 12.984999656677246 10
v 78.01565551757812 14.353852272033691 10
v 78.09500122070312 12.984999656677246 0
v 78.01565551757812 11.616147994995117 0
v 78.09500122070312 12.984999656677246 10
v 78.01565551757812 11.616147994995117 0
v 78.01565551757812 11.616147994995117 10
v 78.09500122070312 12.984999656677246 10
v 78.01565551757812 11.616147994995117 0
v 77.77468872070312 10.331514358520508 0
v 78.01565551757812 11.616147994995117 10
v 77.77468872070312 10.331514358520508 0
v 77.77468872070312 10.331514358520508 10
v 78.01565551757812 11.616147994995117 10
v 77.77468872070312 10.331514358520508 0
v 77.3676528930664 9.137734413146973 0
v 77.77468872070312 10.331514358520508 10
v 77.3676528930664 9.137734413146973 0
v 77.3676528930664 9.137734413146973 10
v 77.77468872070312 10.331514358520508 10
v 77.3676528930664 9.137734413146973 0
v 76.79014587402344 8.041444778442383 0
v 77.3676528930664 9.137734413146973 10
v 76.79014587402344 8.041444778442383 0
v 76.79014587402344 8.041444778442383 10
v 77.3676528930664 9.137734413146973 10
v 76.79014587402344 8.041444778442383 0
v 76.03773498535156 7.049279689788818 0
v 76.79014587402344 8.041444778442383 10
v 76.03773498535156 7.049279689788818 0
v 76.03773498535156 7.049279689788818 10
v 76.79014587402344 8.041444778442383 10
v 76.03773498535156 7.049279689788818 0
v 75.10600280761719 6.167874813079834 0
v 76.03773498535156 7.049279689788818 10
v 75.10600280761719 6.167874813079834 0
v 75.10600280761719 6.167874813079834 10
v 76.03773498535156 7.049279689788818 10
v 75.10600280761719 6.167874813079834 0
v 73.99050903320312 5.403866291046143 0
v 75.10600280761719 6.167874813079834 10
v 73.99050903320312 5.403866291046143 0
v 73.99050903320312 5.403866291046143 10
v 75.10600280761719 6.167874813079834 10
v 73.99050903320312 5.403866291046143 0
v 72.68685150146484 4.763888835906982 0
v 73.99050903320312 5.403866291046143 10
v 72.68685150146484 4.763888835906982 0
v 72.68685150146484 4.763888835906982 10
v 73.99050903320312 5.403866291046143 10
v 72.68685150146484 4.763888835906982 0
v 71.19059753417969 4.254578113555908 0
v 72.68685150146484 4.763888835906982 10
v 71.19059753417969 4.254578113555908 0
v 71.19059753417969 4.254578113555908 10
v 72.68685150146484 4.763888835906982 10
v 71.19059753417969 4.254578113555908 0
v 69.497314453125 3.8825695514678955 0
v 71.19059753417969 4.254578113555908 10
v 69.497314453125 3.8825695514678955 0
v 69.497314453125 3.8825695514678955 10
v 71.19059753417969 4.254578113555908 10
v 69.497314453125 3.8825695514678955 0
v 67.60259246826172 3.654498338699341 0
v 69.497314453125 3.8825695514678955 10
v 67.60259246826172 3.654498338699341 0
v 67.60259246826172 3.654498338699341 10
v 69.497314453125 3.8825695514678955 10
v 67.60259246826172 3.654498338699341 0
v 65.50199890136719 3.5769999027252197 0
v 67.60259246826172 3.654498338699341 10
v 65.50199890136719 3.5769999027252197 0
v 65.50199890136719 3.5769999027252197 10
v 67.60259246826172 3.654498338699341 10
v 65.50199890136719 3.5769999027252197 0
v 63.40140914916992 3.654498338699341 0
v 65.50199890136719 3.5769999027252197 10
v 63.40140914916992 3.654498338699341 0
v 63.40140914916992 3.654498338699341 10
v 65.50199890136719 3.5769999027252197 10
v 103.29886627197266 26.405696868896484 0
v 104.697998046875 26.459999084472656 0
v 105.17784881591797 26.456029891967773 0
v 100.71292114257812 25.967702865600586 0
v 101.96965026855469 26.241994857788086 0
v 103.29886627197266 26.405696868896484 0
v 98.42710876464844 25.082584381103516 0
v 99.53121948242188 25.581628799438477 0
v 100.71292114257812 25.967702865600586 0
v 96.46183013916016 23.740812301635742 0
v 97.40312194824219 24.469375610351562 0
v 98.42710876464844 25.082584381103516 0
v 94.83751678466797 21.932859420776367 0
v 95.60578155517578 22.89570426940918 0
v 96.46183013916016 23.740812301635742 0
v 93.57457733154297 19.649198532104492 0
v 94.15959930419922 20.85108757019043 0
v 94.83751678466797 21.932859420776367 0
v 88.96900177001953 25.969999313354492 0
v 92.1050033569336 25.969999313354492 0
v 93.08499908447266 18.326000213623047 0
v 93.6240005493164 0 0
v 88.96900177001953 0 0
v 88.96900177001953 25.969999313354492 0
v 109.20600128173828 26.06800079345703 0
v 109.20600128173828 21.461999893188477 0
v 108.82882690429688 21.48644256591797 0
v 108.63388061523438 26.16509246826172 0
v 108.92827606201172 26.116886138916016 0
v 109.20600128173828 26.06800079345703 0
v 107.99370574951172 26.25674057006836 0
v 108.32247161865234 26.211936950683594 0
v 108.63388061523438 26.16509246826172 0
v 107.28275299072266 26.337499618530273 0
v 107.64724731445312 26.2988224029541 0
v 107.99370574951172 26.25674057006836 0
v 106.49829864501953 26.401926040649414 0
v 106.8998794555664 26.372095108032227 0
v 107.28275299072266 26.337499618530273 0
v 105.63761901855469 26.4445743560791 0
v 106.0776596069336 26.426313400268555 0
v 106.49829864501953 26.401926040649414 0
v 103.29886627197266 26.405696868896484 0
v 105.17784881591797 26.456029891967773 0
v 105.63761901855469 26.4445743560791 0
v 98.42710876464844 25.082584381103516 0
v 100.71292114257812 25.967702865600586 0
v 103.29886627197266 26.405696868896484 0
v 94.83751678466797 21.932859420776367 0
v 96.46183013916016 23.740812301635742 0
v 98.42710876464844 25.082584381103516 0
v 93.08499908447266 18.326000213623047 0
v 93.57457733154297 19.649198532104492 0
v 94.83751678466797 21.932859420776367 0
v 93.6240005493164 0 0
v 88.96900177001953 25.969999313354492 0
v 93.08499908447266 18.326000213623047 0
v 109.20600128173828 26.06800079345703 0
v 108.82882690429688 21.48644256591797 0
v 108.45489501953125 21.51054573059082 0
v 107.99370574951172 26.25674057006836 0
v 108.63388061523438 26.16509246826172 0
v 109.20600128173828 26.06800079345703 0
v 106.49829864501953 26.401926040649414 0
v 107.28275299072266 26.337499618530273 0
v 107.99370574951172 26.25674057006836 0
v 103.29886627197266 26.405696868896484 0
v 105.63761901855469 26.4445743560791 0
v 106.49829864501953 26.401926040649414 0
v 94.83751678466797 21.932859420776367 0
v 98.42710876464844 25.082584381103516 0
v 103.29886627197266 26.405696868896484 0
v 93.6240005493164 10.045000076293945 0
v 93.6240005493164 0 0
v 93.08499908447266 18.326000213623047 0
v 109.20600128173828 26.06800079345703 0
v 108.45489501953125 21.51054573059082 0
v 108.081298828125 21.533967971801758 0
v 106.49829864501953 26.401926040649414 0
v 107.99370574951172 26.25674057006836 0
v 109.20600128173828 26.06800079345703 0
v 94.83751678466797 21.932859420776367 0
v 103.29886627197266 26.405696868896484 0
v 106.49829864501953 26.401926040649414 0
v 93.69659423828125 11.98220157623291 0
v 93.6240005493164 10.045000076293945 0
v 93.08499908447266 18.326000213623047 0
v 109.20600128173828 26.06800079345703 0
v 108.081298828125 21.533967971801758 0
v 107.70514678955078 21.55636978149414 0
v 94.83751678466797 21.932859420776367 0
v 106.49829864501953 26.401926040649414 0
v 109.20600128173828 26.06800079345703 0
v 93.69659423828125 11.98220157623291 0
v 93.08499908447266 18.326000213623047 0
v 94.83751678466797 21.932859420776367 0
v 109.20600128173828 26.06800079345703 0
v 107.70514678955078 21.55636978149414 0
v 107.32355499267578 21.577411651611328 0
v 93.91482543945312 13.729527473449707 0
v 93.69659423828125 11.98220157623291 0
v 94.83751678466797 21.932859420776367 0
v 109.20600128173828 26.06800079345703 0
v 107.32355499267578 21.577411651611328 0
v 106.93362426757812 21.596750259399414 0
v 94.27937316894531 15.291062355041504 0
v 93.91482543945312 13.729527473449707 0
v 94.83751678466797 21.932859420776367 0
v 109.20600128173828 26.06800079345703 0
v 106.93362426757812 21.596750259399414 0
v 106.53246307373047 21.61404800415039 0
v 94.79092407226562 16.670888900756836 0
v 94.27937316894531 15.291062355041504 0
v 94.83751678466797 21.932859420776367 0
v 109.20600128173828 26.06800079345703 0
v 106.53246307373047 21.61404800415039 0
v 106.1171875 21.628963470458984 0
v 95.45015716552734 17.873090744018555 0
v 94.79092407226562 16.670888900756836 0
v 94.83751678466797 21.932859420776367 0
v 109.20600128173828 26.06800079345703 0
v 106.1171875 21.628963470458984 0
v 105.68489074707031 21.641157150268555 0
v 96.25775146484375 18.901750564575195 0
v 95.45015716552734 17.873090744018555 0
v 94.83751678466797 21.932859420776367 0
v 109.20600128173828 26.06800079345703 0
v 105.68489074707031 21.641157150268555 0
v 105.2326889038086 21.650287628173828 0
v 97.21438598632812 19.76095199584961 0
v 96.25775146484375 18.901750564575195 0
v 94.83751678466797 21.932859420776367 0
v 109.20600128173828 26.06800079345703 0
v 105.2326889038086 21.650287628173828 0
v 104.7576904296875 21.656015396118164 0
v 98.32073974609375 20.45477867126465 0
v 97.21438598632812 19.76095199584961 0
v 94.83751678466797 21.932859420776367 0
v 109.20600128173828 26.06800079345703 0
v 104.7576904296875 21.656015396118164 0
v 104.25700378417969 21.658000946044922 0
v 98.32073974609375 20.45477867126465 0
v 94.83751678466797 21.932859420776367 0
v 109.20600128173828 26.06800079345703 0
v 109.20600128173828 26.06800079345703 0
v 104.25700378417969 21.658000946044922 0
v 102.54495239257812 21.584840774536133 0
v 99.57749938964844 20.98731231689453 0
v 98.32073974609375 20.45477867126465 0
v 109.20600128173828 26.06800079345703 0
v 109.20600128173828 26.06800079345703 0
v 102.54495239257812 21.584840774536133 0
v 100.98534393310547 21.362638473510742 0
v 100.98534393310547 21.362638473510742 0
v 99.57749938964844 20.98731231689453 0
v 109.20600128173828 26.06800079345703 0
v 105.17784881591797 26.456029891967773 10
v 104.697998046875 26.459999084472656 10
v 103.29886627197266 26.405696868896484 10
v 103.29886627197266 26.405696868896484 10
v 101.96965026855469 26.241994857788086 10
v 100.71292114257812 25.967702865600586 10
v 100.71292114257812 25.967702865600586 10
v 99.53121948242188 25.581628799438477 10
v 98.42710876464844 25.082584381103516 10
v 98.42710876464844 25.082584381103516 10
v 97.40312194824219 24.469375610351562 10
v 96.46183013916016 23.740812301635742 10
v 96.46183013916016 23.740812301635742 10
v 95.60578155517578 22.89570426940918 10
v 94.83751678466797 21.932859420776367 10
v 94.83751678466797 21.932859420776367 10
v 94.15959930419922 20.85108757019043 10
v 93.57457733154297 19.649198532104492 10
v 93.08499908447266 18.326000213623047 10
v 92.1050033569336 25.969999313354492 10
v 88.96900177001953 25.969999313354492 10
v 88.96900177001953 25.969999313354492 10
v 88.96900177001953 0 10
v 93.6240005493164 0 10
v 108.82882690429688 21.48644256591797 10
v 109.20600128173828 21.461999893188477 10
v 109.20600128173828 26.06800079345703 10
v 109.20600128173828 26.06800079345703 10
v 108.92827606201172 26.116886138916016 10
v 108.63388061523438 26.16509246826172 10
v 108.63388061523438 26.16509246826172 10
v 108.32247161865234 26.211936950683594 10
v 107.99370574951172 26.25674057006836 10
v 107.99370574951172 26.25674057006836 10
v 107.64724731445312 26.2988224029541 10
v 107.28275299072266 26.337499618530273 10
v 107.28275299072266 26.337499618530273 10
v 106.8998794555664 26.372095108032227 10
v 106.49829864501953 26.401926040649414 10
v 106.49829864501953 26.401926040649414 10
v 106.0776596069336 26.426313400268555 10
v 105.63761901855469 26.4445743560791 10
v 105.63761901855469 26.4445743560791 10
v 105.17784881591797 26.456029891967773 10
v 103.29886627197266 26.405696868896484 10
v 103.29886627197266 26.405696868896484 10
v 100.71292114257812 25.967702865600586 10
v 98.42710876464844 25.082584381103516 10
v 98.42710876464844 25.082584381103516 10
v 96.46183013916016 23.740812301635742 10
v 94.83751678466797 21.932859420776367 10
v 94.83751678466797 21.932859420776367 10
v 93.57457733154297 19.649198532104492 10
v 93.08499908447266 18.326000213623047 10
v 93.08499908447266 18.326000213623047 10
v 88.96900177001953 25.969999313354492 10
v 93.6240005493164 0 10
v 108.45489501953125 21.51054573059082 10
v 108.82882690429688 21.48644256591797 10
v 109.20600128173828 26.06800079345703 10
v 109.20600128173828 26.06800079345703 10
v 108.63388061523438 26.16509246826172 10
v 107.99370574951172 26.25674057006836 10
v 107.99370574951172 26.25674057006836 10
v 107.28275299072266 26.337499618530273 10
v 106.49829864501953 26.401926040649414 10
v 106.49829864501953 26.401926040649414 10
v 105.63761901855469 26.4445743560791 10
v 103.29886627197266 26.405696868896484 10
v 103.29886627197266 26.405696868896484 10
v 98.42710876464844 25.082584381103516 10
v 94.83751678466797 21.932859420776367 10
v 93.08499908447266 18.326000213623047 10
v 93.6240005493164 0 10
v 93.6240005493164 10.045000076293945 10
v 108.081298828125 21.533967971801758 10
v 108.45489501953125 21.51054573059082 10
v 109.20600128173828 26.06800079345703 10
v 109.20600128173828 26.06800079345703 10
v 107.99370574951172 26.25674057006836 10
v 106.49829864501953 26.401926040649414 10
v 106.49829864501953 26.401926040649414 10
v 103.29886627197266 26.405696868896484 10
v 94.83751678466797 21.932859420776367 10
v 93.08499908447266 18.326000213623047 10
v 93.6240005493164 10.045000076293945 10
v 93.69659423828125 11.98220157623291 10
v 107.70514678955078 21.55636978149414 10
v 108.081298828125 21.533967971801758 10
v 109.20600128173828 26.06800079345703 10
v 109.20600128173828 26.06800079345703 10
v 106.49829864501953 26.401926040649414 10
v 94.83751678466797 21.932859420776367 10
v 94.83751678466797 21.932859420776367 10
v 93.08499908447266 18.326000213623047 10
v 93.69659423828125 11.98220157623291 10
v 107.32355499267578 21.577411651611328 10
v 107.70514678955078 21.55636978149414 10
v 109.20600128173828 26.06800079345703 10
v 94.83751678466797 21.932859420776367 10
v 93.69659423828125 11.98220157623291 10
v 93.91482543945312 13.729527473449707 10
v 106.93362426757812 21.596750259399414 10
v 107.32355499267578 21.577411651611328 10
v 109.20600128173828 26.06800079345703 10
v 94.83751678466797 21.932859420776367 10
v 93.91482543945312 13.729527473449707 10
v 94.27937316894531 15.291062355041504 10
v 106.53246307373047 21.61404800415039 10
v 106.93362426757812 21.596750259399414 10
v 109.20600128173828 26.06800079345703 10
v 94.83751678466797 21.932859420776367 10
v 94.27937316894531 15.291062355041504 10
v 94.79092407226562 16.670888900756836 10
v 106.1171875 21.628963470458984 10
v 106.53246307373047 21.61404800415039 10
v 109.20600128173828 26.06800079345703 10
v 94.83751678466797 21.932859420776367 10
v 94.79092407226562 16.670888900756836 10
v 95.45015716552734 17.873090744018555 10
v 105.68489074707031 21.641157150268555 10
v 106.1171875 21.628963470458984 10
v 109.20600128173828 26.06800079345703 10
v 94.83751678466797 21.932859420776367 10
v 95.45015716552734 17.873090744018555 10
v 96.25775146484375 18.901750564575195 10
v 105.2326889038086 21.650287628173828 10
v 105.68489074707031 21.641157150268555 10
v 109.20600128173828 26.06800079345703 10
v 94.83751678466797 21.932859420776367 10
v 96.25775146484375 18.901750564575195 10
v 97.21438598632812 19.76095199584961 10
v 104.7576904296875 21.656015396118164 10
v 105.2326889038086 21.650287628173828 10
v 109.20600128173828 26.06800079345703 10
v 94.83751678466797 21.932859420776367 10
v 97.21438598632812 19.76095199584961 10
v 98.32073974609375 20.45477867126465 10
v 104.25700378417969 21.658000946044922 10
v 104.7576904296875 21.656015396118164 10
v 109.20600128173828 26.06800079345703 10
v 109.20600128173828 26.06800079345703 10
v 94.83751678466797 21.932859420776367 10
v 98.32073974609375 20.45477867126465 10
v 102.54495239257812 21.584840774536133 10
v 104.25700378417969 21.658000946044922 10
v 109.20600128173828 26.06800079345703 10
v 109.20600128173828 26.06800079345703 10
v 98.32073974609375 20.45477867126465 10
v 99.57749938964844 20.98731231689453 10
v 100.98534393310547 21.362638473510742 10
v 102.54495239257812 21.584840774536133 10
v 109.20600128173828 26.06800079345703 10
v 109.20600128173828 26.06800079345703 10
v 99.57749938964844 20.98731231689453 10
v 100.98534393310547 21.362638473510742 10
v 103.29886627197266 26.405696868896484 0
v 101.96965026855469 26.241994857788086 0
v 103.29886627197266 26.405696868896484 10
v 101.96965026855469 26.241994857788086 0
v 101.96965026855469 26.241994857788086 10
v 103.29886627197266 26.405696868896484 10
v 101.96965026855469 26.241994857788086 0
v 100.71292114257812 25.967702865600586 0
v 101.96965026855469 26.241994857788086 10
v 100.71292114257812 25.967702865600586 0
v 100.71292114257812 25.967702865600586 10
v 101.96965026855469 26.241994857788086 10
v 100.71292114257812 25.967702865600586 0
v 99.53121948242188 25.581628799438477 0
v 100.71292114257812 25.967702865600586 10
v 99.53121948242188 25.581628799438477 0
v 99.53121948242188 25.581628799438477 10
v 100.71292114257812 25.967702865600586 10
v 99.53121948242188 25.581628799438477 0
v 98.42710876464844 25.082584381103516 0
v 99.53121948242188 25.581628799438477 10
v 98.42710876464844 25.082584381103516 0
v 98.42710876464844 25.082584381103516 10
v 99.53121948242188 25.581628799438477 10
v 98.42710876464844 25.082584381103516 0
v 97.40312194824219 24.469375610351562 0
v 98.42710876464844 25.082584381103516 10
v 97.40312194824219 24.469375610351562 0
v 97.40312194824219 24.469375610351562 10
v 98.42710876464844 25.082584381103516 10
v 97.40312194824219 24.469375610351562 0
v 96.46183013916016 23.740812301635742 0
v 97.40312194824219 24.469375610351562 10
v 96.46183013916016 23.740812301635742 0
v 96.46183013916016 23.740812301635742 10
v 97.40312194824219 24.469375610351562 10
v 96.46183013916016 23.740812301635742 0
v 95.60578155517578 22.89570426940918 0
v 96.46183013916016 23.740812301635742 10
v 95.60578155517578 22.89570426940918 0
v 95.60578155517578 22.89570426940918 10
v 96.46183013916016 23.740812301635742 10
v 95.60578155517578 22.89570426940918 0
v 94.83751678466797 21.932859420776367 0
v 95.60578155517578 22.89570426940918 10
v 94.83751678466797 21.932859420776367 0
v 94.83751678466797 21.932859420776367 10
v 95.60578155517578 22.89570426940918 10
v 94.83751678466797 21.932859420776367 0
v 94.15959930419922 20.85108757019043 0
v 94.83751678466797 21.932859420776367 10
v 94.15959930419922 20.85108757019043 0
v 94.15959930419922 20.85108757019043 10
v 94.83751678466797 21.932859420776367 10
v 94.15959930419922 20.85108757019043 0
v 93.57457733154297 19.649198532104492 0
v 94.15959930419922 20.85108757019043 10
v 93.57457733154297 19.649198532104492 0
v 93.57457733154297 19.649198532104492 10
v 94.15959930419922 20.85108757019043 10
v 93.57457733154297 19.649198532104492 0
v 93.08499908447266 18.326000213623047 0
v 93.57457733154297 19.649198532104492 10
v 93.08499908447266 18.326000213623047 0
v 93.08499908447266 18.326000213623047 10
v 93.57457733154297 19.649198532104492 10
v 93.08499908447266 18.326000213623047 0
v 92.1050033569336 25.969999313354492 0
v 93.08499908447266 18.326000213623047 10
v 92.1050033569336 25.969999313354492 0
v 92.1050033569336 25.969999313354492 10
v 93.08499908447266 18.326000213623047 10
v 92.1050033569336 25.969999313354492 0
v 88.96900177001953 25.969999313354492 0
v 92.1050033569336 25.969999313354492 10
v 88.96900177001953 25.969999313354492 0
v 88.96900177001953 25.969999313354492 10
v 92.1050033569336 25.969999313354492 10
v 88.96900177001953 25.969999313354492 0
v 88.96900177001953 0 0
v 88.96900177001953 25.969999313354492 10
v 88.96900177001953 0 0
v 88.96900177001953 0 10
v 88.96900177001953 25.969999313354492 10
v 88.96900177001953 0 0
v 93.6240005493164 0 0
v 88.96900177001953 0 10
v 93.6240005493164 0 0
v 93.6240005493164 0 10
v 88.96900177001953 0 10
v 93.6240005493164 0 0
v 93.6240005493164 10.045000076293945 0
v 93.6240005493164 0 10
v 93.6240005493164 10.045000076293945 0
v 93.6240005493164 10.045000076293945 10
v 93.6240005493164 0 10
v 93.6240005493164 10.045000076293945 0
v 93.69659423828125 11.98220157623291 0
v 93.6240005493164 10.045000076293945 10
v 93.69659423828125 11.98220157623291 0
v 93.69659423828125 11.98220157623291 10
v 93.6240005493164 10.045000076293945 10
v 93.69659423828125 11.98220157623291 0
v 93.91482543945312 13.729527473449707 0
v 93.69659423828125 11.98220157623291 10
v 93.91482543945312 13.729527473449707 0
v 93.91482543945312 13.729527473449707 10
v 93.69659423828125 11.98220157623291 10
v 93.91482543945312 13.729527473449707 0
v 94.27937316894531 15.291062355041504 0
v 93.91482543945312 13.729527473449707 10
v 94.27937316894531 15.291062355041504 0
v 94.27937316894531 15.291062355041504 10
v 93.91482543945312 13.729527473449707 10
v 94.27937316894531 15.291062355041504 0
v 94.79092407226562 16.670888900756836 0
v 94.27937316894531 15.291062355041504 10
v 94.79092407226562 16.670888900756836 0
v 94.79092407226562 16.670888900756836 10
v 94.27937316894531 15.291062355041504 10
v 94.79092407226562 16.670888900756836 0
v 95.45015716552734 17.873090744018555 0
v 94.79092407226562 16.670888900756836 10
v 95.45015716552734 17.873090744018555 0
v 95.45015716552734 17.873090744018555 10
v 94.79092407226562 16.670888900756836 10
v 95.45015716552734 17.873090744018555 0
v 96.25775146484375 18.901750564575195 0
v 95.45015716552734 17.873090744018555 10
v 96.25775146484375 18.901750564575195 0
v 96.25775146484375 18.901750564575195 10
v 95.45015716552734 17.873090744018555 10
v 96.25775146484375 18.901750564575195 0
v 97.21438598632812 19.76095199584961 0
v 96.25775146484375 18.901750564575195 10
v 97.21438598632812 19.76095199584961 0
v 97.21438598632812 19.76095199584961 10
v 96.25775146484375 18.901750564575195 10
v 97.21438598632812 19.76095199584961 0
v 98.32073974609375 20.45477867126465 0
v 97.21438598632812 19.76095199584961 10
v 98.32073974609375 20.45477867126465 0
v 98.32073974609375 20.45477867126465 10
v 97.21438598632812 19.76095199584961 10
v 98.32073974609375 20.45477867126465 0
v 99.57749938964844 20.98731231689453 0
v 98.32073974609375 20.45477867126465 10
v 99.57749938964844 20.98731231689453 0
v 99.57749938964844 20.98731231689453 10
v 98.32073974609375 20.45477867126465 10
v 99.57749938964844 20.98731231689453 0
v 100.98534393310547 21.362638473510742 0
v 99.57749938964844 20.98731231689453 10
v 100.98534393310547 21.362638473510742 0
v 100.98534393310547 21.362638473510742 10
v 99.57749938964844 20.98731231689453 10
v 100.98534393310547 21.362638473510742 0
v 102.54495239257812 21.584840774536133 0
v 100.98534393310547 21.362638473510742 10
v 102.54495239257812 21.584840774536133 0
v 102.54495239257812 21.584840774536133 10
v 100.98534393310547 21.362638473510742 10
v 102.54495239257812 21.584840774536133 0
v 104.25700378417969 21.658000946044922 0
v 102.54495239257812 21.584840774536133 10
v 104.25700378417969 21.658000946044922 0
v 104.25700378417969 21.658000946044922 10
v 102.54495239257812 21.584840774536133 10
v 104.25700378417969 21.658000946044922 0
v 104.7576904296875 21.656015396118164 0
v 104.25700378417969 21.658000946044922 10
v 104.7576904296875 21.656015396118164 0
v 104.7576904296875 21.656015396118164 10
v 104.25700378417969 21.658000946044922 10
v 104.7576904296875 21.656015396118164 0
v 105.2326889038086 21.650287628173828 0
v 104.7576904296875 21.656015396118164 10
v 105.2326889038086 21.650287628173828 0
v 105.2326889038086 21.650287628173828 10
v 104.7576904296875 21.656015396118164 10
v 105.2326889038086 21.650287628173828 0
v 105.68489074707031 21.641157150268555 0
v 105.2326889038086 21.650287628173828 10
v 105.68489074707031 21.641157150268555 0
v 105.68489074707031 21.641157150268555 10
v 105.2326889038086 21.650287628173828 10
v 105.68489074707031 21.641157150268555 0
v 106.1171875 21.628963470458984 0
v 105.68489074707031 21.641157150268555 10
v 106.1171875 21.628963470458984 0
v 106.1171875 21.628963470458984 10
v 105.68489074707031 21.641157150268555 10
v 106.1171875 21.628963470458984 0
v 106.53246307373047 21.61404800415039 0
v 106.1171875 21.628963470458984 10
v 106.53246307373047 21.61404800415039 0
v 106.53246307373047 21.61404800415039 10
v 106.1171875 21.628963470458984 10
v 106.53246307373047 21.61404800415039 0
v 106.93362426757812 21.596750259399414 0
v 106.53246307373047 21.61404800415039 10
v 106.93362426757812 21.596750259399414 0
v 106.93362426757812 21.596750259399414 10
v 106.53246307373047 21.61404800415039 10
v 106.93362426757812 21.596750259399414 0
v 107.32355499267578 21.577411651611328 0
v 106.93362426757812 21.596750259399414 10
v 107.32355499267578 21.577411651611328 0
v 107.32355499267578 21.577411651611328 10
v 106.93362426757812 21.596750259399414 10
v 107.32355499267578 21.577411651611328 0
v 107.70514678955078 21.55636978149414 0
v 107.32355499267578 21.577411651611328 10
v 107.70514678955078 21.55636978149414 0
v 107.70514678955078 21.55636978149414 10
v 107.32355499267578 21.577411651611328 10
v 107.70514678955078 21.55636978149414 0
v 108.081298828125 21.533967971801758 0
v 107.70514678955078 21.55636978149414 10
v 108.081298828125 21.533967971801758 0
v 108.081298828125 21.533967971801758 10
v 107.70514678955078 21.55636978149414 10
v 108.081298828125 21.533967971801758 0
v 108.45489501953125 21.51054573059082 0
v 108.081298828125 21.533967971801758 10
v 108.45489501953125 21.51054573059082 0
v 108.45489501953125 21.51054573059082 10
v 108.081298828125 21.533967971801758 10
v 108.45489501953125 21.51054573059082 0
v 108.82882690429688 21.48644256591797 0
v 108.45489501953125 21.51054573059082 10
v 108.82882690429688 21.48644256591797 0
v 108.82882690429688 21.48644256591797 10
v 108.45489501953125 21.51054573059082 10
v 108.82882690429688 21.48644256591797 0
v 109.20600128173828 21.461999893188477 0
v 108.82882690429688 21.48644256591797 10
v 109.20600128173828 21.461999893188477 0
v 109.20600128173828 21.461999893188477 10
v 108.82882690429688 21.48644256591797 10
v 109.20600128173828 21.461999893188477 0
v 109.20600128173828 26.06800079345703 0
v 109.20600128173828 21.461999893188477 10
v 109.20600128173828 26.06800079345703 0
v 109.20600128173828 26.06800079345703 10
v 109.20600128173828 21.461999893188477 10
v 109.20600128173828 26.06800079345703 0
v 108.92827606201172 26.116886138916016 0
v 109.20600128173828 26.06800079345703 10
v 108.92827606201172 26.116886138916016 0
v 108.92827606201172 26.116886138916016 10
v 109.20600128173828 26.06800079345703 10
v 108.92827606201172 26.116886138916016 0
v 108.63388061523438 26.16509246826172 0
v 108.92827606201172 26.116886138916016 10
v 108.63388061523438 26.16509246826172 0
v 108.63388061523438 26.16509246826172 10
v 108.92827606201172 26.116886138916016 10
v 108.63388061523438 26.16509246826172 0
v 108.32247161865234 26.211936950683594 0
v 108.63388061523438 26.16509246826172 10
v 108.32247161865234 26.211936950683594 0
v 108.32247161865234 26.211936950683594 10
v 108.63388061523438 26.16509246826172 10
v 108.32247161865234 26.211936950683594 0
v 107.99370574951172 26.25674057006836 0
v 108.32247161865234 26.211936950683594 10
v 107.99370574951172 26.25674057006836 0
v 107.99370574951172 26.25674057006836 10
v 108.32247161865234 26.211936950683594 10
v 107.99370574951172 26.25674057006836 0
v 107.64724731445312 26.2988224029541 0
v 107.99370574951172 26.25674057006836 10
v 107.64724731445312 26.2988224029541 0
v 107.64724731445312 26.2988224029541 10
v 107.99370574951172 26.25674057006836 10
v 107.64724731445312 26.2988224029541 0
v 107.28275299072266 26.337499618530273 0
v 107.64724731445312 26.2988224029541 10
v 107.28275299072266 26.337499618530273 0
v 107.28275299072266 26.337499618530273 10
v 107.64724731445312 26.2988224029541 10
v 107.28275299072266 26.337499618530273 0
v 106.8998794555664 26.372095108032227 0
v 107.28275299072266 26.337499618530273 10
v 106.8998794555664 26.372095108032227 0
v 106.8998794555664 26.372095108032227 10
v 107.28275299072266 26.337499618530273 10
v 106.8998794555664 26.372095108032227 0
v 106.49829864501953 26.401926040649414 0
v 106.8998794555664 26.372095108032227 10
v 106.49829864501953 26.401926040649414 0
v 106.49829864501953 26.401926040649414 10
v 106.8998794555664 26.372095108032227 10
v 106.49829864501953 26.401926040649414 0
v 106.0776596069336 26.426313400268555 0
v 106.49829864501953 26.401926040649414 10
v 106.0776596069336 26.426313400268555 0
v 106.0776596069336 26.426313400268555 10
v 106.49829864501953 26.401926040649414 10
v 106.0776596069336 26.426313400268555 0
v 105.63761901855469 26.4445743560791 0
v 106.0776596069336 26.426313400268555 10
v 105.63761901855469 26.4445743560791 0
v 105.63761901855469 26.4445743560791 10
v 106.0776596069336 26.426313400268555 10
v 105.63761901855469 26.4445743560791 0
v 105.17784881591797 26.456029891967773 0
v 105.63761901855469 26.4445743560791 10
v 105.17784881591797 26.456029891967773 0
v 105.17784881591797 26.456029891967773 10
v 105.63761901855469 26.4445743560791 10
v 105.17784881591797 26.456029891967773 0
v 104.697998046875 26.459999084472656 0
v 105.17784881591797 26.456029891967773 10
v 104.697998046875 26.459999084472656 0
v 104.697998046875 26.459999084472656 10
v 105.17784881591797 26.456029891967773 10
v 104.697998046875 26.459999084472656 0
v 103.29886627197266 26.405696868896484 0
v 104.697998046875 26.459999084472656 10
v 103.29886627197266 26.405696868896484 0
v 103.29886627197266 26.405696868896484 10
v 104.697998046875 26.459999084472656 10
v 125.62200164794922 25.969999313354492 0
v 138.0679931640625 25.969999313354492 0
v 138.0679931640625 22.049999237060547 0
v 122.38800048828125 34.05500030517578 0
v 125.62200164794922 34.05500030517578 0
v 125.62200164794922 25.969999313354492 0
v 113.71499633789062 22.049999237060547 0
v 113.71499633789062 25.969999313354492 0
v 121.11399841308594 25.969999313354492 0
v 121.0370101928711 7.909416675567627 0
v 120.96700286865234 9.505999565124512 0
v 120.96700286865234 22.049999237060547 0
v 121.60782623291016 5.132750034332275 0
v 121.24942779541016 6.451666831970215 0
v 121.0370101928711 7.909416675567627 0
v 122.77685546875 2.91141676902771 0
v 122.11577606201172 3.952666759490967 0
v 121.60782623291016 5.132750034332275 0
v 124.57266998291016 1.2454166412353516 0
v 123.5946273803711 2.009000062942505 0
v 122.77685546875 2.91141676902771 0
v 127.02385711669922 0.13474999368190765 0
v 125.71455383300781 0.6206666827201843 0
v 124.57266998291016 1.2454166412353516 0
v 130.1590118408203 -0.4205833375453949 0
v 128.504150390625 -0.2123333364725113 0
v 127.02385711669922 0.13474999368190765 0
v 132.65902709960938 -0.48597338795661926 0
v 131.99200439453125 -0.49000000953674316 0
v 130.1590118408203 -0.4205833375453949 0
v 133.8869171142578 -0.45478126406669617 0
v 133.28982543945312 -0.4741203784942627 0
v 132.65902709960938 -0.48597338795661926 0
v 134.9902801513672 -0.3950057923793793 0
v 134.45289611816406 -0.42829629778862 0
v 133.8869171142578 -0.45478126406669617 0
v 135.989501953125 -0.30936920642852783 0
v 135.50161743164062 -0.3552500009536743 0
v 134.9902801513672 -0.3950057923793793 0
v 136.90501403808594 -0.2005937546491623 0
v 136.45645141601562 -0.2577036917209625 0
v 135.989501953125 -0.30936920642852783 0
v 137.7572479248047 -0.07140161842107773 0
v 137.3377685546875 -0.13837963342666626 0
v 136.90501403808594 -0.2005937546491623 0
v 138.16600036621094 4.066999912261963 0
v 138.16600036621094 0 0
v 137.7572479248047 -0.07140161842107773 0
v 125.62200164794922 25.969999313354492 0
v 138.0679931640625 22.049999237060547 0
v 125.62200164794922 22.049999237060547 0
v 121.11399841308594 25.969999313354492 0
v 122.38800048828125 34.05500030517578 0
v 125.62200164794922 25.969999313354492 0
v 120.96700286865234 22.049999237060547 0
v 113.71499633789062 22.049999237060547 0
v 121.11399841308594 25.969999313354492 0
v 121.60782623291016 5.132750034332275 0
v 121.0370101928711 7.909416675567627 0
v 120.96700286865234 22.049999237060547 0
v 124.57266998291016 1.2454166412353516 0
v 122.77685546875 2.91141676902771 0
v 121.60782623291016 5.132750034332275 0
v 130.1590118408203 -0.4205833375453949 0
v 127.02385711669922 0.13474999368190765 0
v 124.57266998291016 1.2454166412353516 0
v 133.8869171142578 -0.45478126406669617 0
v 132.65902709960938 -0.48597338795661926 0
v 130.1590118408203 -0.4205833375453949 0
v 135.989501953125 -0.30936920642852783 0
v 134.9902801513672 -0.3950057923793793 0
v 133.8869171142578 -0.45478126406669617 0
v 137.7572479248047 -0.07140161842107773 0
v 136.90501403808594 -0.2005937546491623 0
v 135.989501953125 -0.30936920642852783 0
v 137.69454956054688 4.0068559646606445 0
v 138.16600036621094 4.066999912261963 0
v 137.7572479248047 -0.07140161842107773 0
v 121.11399841308594 25.969999313354492 0
v 125.62200164794922 25.969999313354492 0
v 125.62200164794922 22.049999237060547 0
v 121.60782623291016 5.132750034332275 0
v 120.96700286865234 22.049999237060547 0
v 121.11399841308594 25.969999313354492 0
v 130.1590118408203 -0.4205833375453949 0
v 124.57266998291016 1.2454166412353516 0
v 121.60782623291016 5.132750034332275 0
v 135.989501953125 -0.30936920642852783 0
v 133.8869171142578 -0.45478126406669617 0
v 130.1590118408203 -0.4205833375453949 0
v 137.69454956054688 4.0068559646606445 0
v 137.7572479248047 -0.07140161842107773 0
v 135.989501953125 -0.30936920642852783 0
v 121.11399841308594 25.969999313354492 0
v 125.62200164794922 22.049999237060547 0
v 125.62200164794922 9.996000289916992 0
v 135.989501953125 -0.30936920642852783 0
v 130.1590118408203 -0.4205833375453949 0
v 121.60782623291016 5.132750034332275 0
v 137.23228454589844 3.94926381111145 0
v 137.69454956054688 4.0068559646606445 0
v 135.989501953125 -0.30936920642852783 0
v 121.11399841308594 25.969999313354492 0
v 125.62200164794922 9.996000289916992 0
v 125.65656280517578 8.872203826904297 0
v 136.7740936279297 3.8947343826293945 0
v 137.23228454589844 3.94926381111145 0
v 135.989501953125 -0.30936920642852783 0
v 121.11399841308594 25.969999313354492 0
v 125.65656280517578 8.872203826904297 0
v 125.76377868652344 7.873800754547119 0
v 136.3148956298828 3.843777894973755 0
v 136.7740936279297 3.8947343826293945 0
v 135.989501953125 -0.30936920642852783 0
v 121.11399841308594 25.969999313354492 0
v 125.76377868652344 7.873800754547119 0
v 125.94892120361328 6.995515823364258 0
v 135.8495635986328 3.7969045639038086 0
v 136.3148956298828 3.843777894973755 0
v 135.989501953125 -0.30936920642852783 0
v 121.60782623291016 5.132750034332275 0
v 121.11399841308594 25.969999313354492 0
v 125.94892120361328 6.995515823364258 0
v 135.3730010986328 3.754625082015991 0
v 135.8495635986328 3.7969045639038086 0
v 135.989501953125 -0.30936920642852783 0
v 121.60782623291016 5.132750034332275 0
v 125.94892120361328 6.995515823364258 0
v 126.2172622680664 6.23207426071167 0
v 134.88011169433594 3.71744966506958 0
v 135.3730010986328 3.754625082015991 0
v 135.989501953125 -0.30936920642852783 0
v 121.60782623291016 5.132750034332275 0
v 126.2172622680664 6.23207426071167 0
v 126.57406616210938 5.578201770782471 0
v 134.36578369140625 3.6858890056610107 0
v 134.88011169433594 3.71744966506958 0
v 135.989501953125 -0.30936920642852783 0
v 121.60782623291016 5.132750034332275 0
v 126.57406616210938 5.578201770782471 0
v 127.02462768554688 5.028625011444092 0
v 133.8249053955078 3.6604530811309814 0
v 134.36578369140625 3.6858890056610107 0
v 135.989501953125 -0.30936920642852783 0
v 121.60782623291016 5.132750034332275 0
v 127.02462768554688 5.028625011444092 0
v 127.57420349121094 4.578068733215332 0
v 133.2523956298828 3.641652822494507 0
v 133.8249053955078 3.6604530811309814 0
v 135.989501953125 -0.30936920642852783 0
v 121.60782623291016 5.132750034332275 0
v 127.57420349121094 4.578068733215332 0
v 128.2280731201172 4.221259117126465 0
v 132.64312744140625 3.629998207092285 0
v 133.2523956298828 3.641652822494507 0
v 135.989501953125 -0.30936920642852783 0
v 121.60782623291016 5.132750034332275 0
v 128.2280731201172 4.221259117126465 0
v 128.99151611328125 3.9529218673706055 0
v 131.99200439453125 3.625999927520752 0
v 132.64312744140625 3.629998207092285 0
v 135.989501953125 -0.30936920642852783 0
v 121.60782623291016 5.132750034332275 0
v 128.99151611328125 3.9529218673706055 0
v 129.8697967529297 3.76778244972229 0
v 130.8682098388672 3.660566568374634 0
v 131.99200439453125 3.625999927520752 0
v 135.989501953125 -0.30936920642852783 0
v 135.989501953125 -0.30936920642852783 0
v 121.60782623291016 5.132750034332275 0
v 129.8697967529297 3.76778244972229 0
v 129.8697967529297 3.76778244972229 0
v 130.8682098388672 3.660566568374634 0
v 135.989501953125 -0.30936920642852783 0
v 138.0679931640625 22.049999237060547 10
v 138.0679931640625 25.969999313354492 10
v 125.62200164794922 25.969999313354492 10
v 125.62200164794922 25.969999313354492 10
v 125.62200164794922 34.05500030517578 10
v 122.38800048828125 34.05500030517578 10
v 121.11399841308594 25.969999313354492 10
v 113.71499633789062 25.969999313354492 10
v 113.71499633789062 22.049999237060547 10
v 120.96700286865234 22.049999237060547 10
v 120.96700286865234 9.505999565124512 10
v 121.0370101928711 7.909416675567627 10
v 121.0370101928711 7.909416675567627 10
v 121.24942779541016 6.451666831970215 10
v 121.60782623291016 5.132750034332275 10
v 121.60782623291016 5.132750034332275 10
v 122.11577606201172 3.952666759490967 10
v 122.77685546875 2.91141676902771 10
v 122.77685546875 2.91141676902771 10
v 123.5946273803711 2.009000062942505 10
v 124.57266998291016 1.2454166412353516 10
v 124.57266998291016 1.2454166412353516 10
v 125.71455383300781 0.6206666827201843 10
v 127.02385711669922 0.13474999368190765 10
v 127.02385711669922 0.13474999368190765 10
v 128.504150390625 -0.2123333364725113 10
v 130.1590118408203 -0.4205833375453949 10
v 130.1590118408203 -0.4205833375453949 10
v 131.99200439453125 -0.49000000953674316 10
v 132.65902709960938 -0.48597338795661926 10
v 132.65902709960938 -0.48597338795661926 10
v 133.28982543945312 -0.4741203784942627 10
v 133.8869171142578 -0.45478126406669617 10
v 133.8869171142578 -0.45478126406669617 10
v 134.45289611816406 -0.42829629778862 10
v 134.9902801513672 -0.3950057923793793 10
v 134.9902801513672 -0.3950057923793793 10
v 135.50161743164062 -0.3552500009536743 10
v 135.989501953125 -0.30936920642852783 10
v 135.989501953125 -0.30936920642852783 10
v 136.45645141601562 -0.2577036917209625 10
v 136.90501403808594 -0.2005937546491623 10
v 136.90501403808594 -0.2005937546491623 10
v 137.3377685546875 -0.13837963342666626 10
v 137.7572479248047 -0.07140161842107773 10
v 137.7572479248047 -0.07140161842107773 10
v 138.16600036621094 0 10
v 138.16600036621094 4.066999912261963 10
v 125.62200164794922 22.049999237060547 10
v 138.0679931640625 22.049999237060547 10
v 125.62200164794922 25.969999313354492 10
v 125.62200164794922 25.969999313354492 10
v 122.38800048828125 34.05500030517578 10
v 121.11399841308594 25.969999313354492 10
v 121.11399841308594 25.969999313354492 10
v 113.71499633789062 22.049999237060547 10
v 120.96700286865234 22.049999237060547 10
v 120.96700286865234 22.049999237060547 10
v 121.0370101928711 7.909416675567627 10
v 121.60782623291016 5.132750034332275 10
v 121.60782623291016 5.132750034332275 10
v 122.77685546875 2.91141676902771 10
v 124.57266998291016 1.2454166412353516 10
v 124.57266998291016 1.2454166412353516 10
v 127.02385711669922 0.13474999368190765 10
v 130.1590118408203 -0.4205833375453949 10
v 130.1590118408203 -0.4205833375453949 10
v 132.65902709960938 -0.48597338795661926 10
v 133.8869171142578 -0.45478126406669617 10
v 133.8869171142578 -0.45478126406669617 10
v 134.9902801513672 -0.3950057923793793 10
v 135.989501953125 -0.30936920642852783 10
v 135.989501953125 -0.30936920642852783 10
v 136.90501403808594 -0.2005937546491623 10
v 137.7572479248047 -0.07140161842107773 10
v 137.7572479248047 -0.07140161842107773 10
v 138.16600036621094 4.066999912261963 10
v 137.69454956054688 4.0068559646606445 10
v 125.62200164794922 22.049999237060547 10
v 125.62200164794922 25.969999313354492 10
v 121.11399841308594 25.969999313354492 10
v 121.11399841308594 25.969999313354492 10
v 120.96700286865234 22.049999237060547 10
v 121.60782623291016 5.132750034332275 10
v 121.60782623291016 5.132750034332275 10
v 124.57266998291016 1.2454166412353516 10
v 130.1590118408203 -0.4205833375453949 10
v 130.1590118408203 -0.4205833375453949 10
v 133.8869171142578 -0.45478126406669617 10
v 135.989501953125 -0.30936920642852783 10
v 135.989501953125 -0.30936920642852783 10
v 137.7572479248047 -0.07140161842107773 10
v 137.69454956054688 4.0068559646606445 10
v 125.62200164794922 9.996000289916992 10
v 125.62200164794922 22.049999237060547 10
v 121.11399841308594 25.969999313354492 10
v 121.60782623291016 5.132750034332275 10
v 130.1590118408203 -0.4205833375453949 10
v 135.989501953125 -0.30936920642852783 10
v 135.989501953125 -0.30936920642852783 10
v 137.69454956054688 4.0068559646606445 10
v 137.23228454589844 3.94926381111145 10
v 125.65656280517578 8.872203826904297 10
v 125.62200164794922 9.996000289916992 10
v 121.11399841308594 25.969999313354492 10
v 135.989501953125 -0.30936920642852783 10
v 137.23228454589844 3.94926381111145 10
v 136.7740936279297 3.8947343826293945 10
v 125.76377868652344 7.873800754547119 10
v 125.65656280517578 8.872203826904297 10
v 121.11399841308594 25.969999313354492 10
v 135.989501953125 -0.30936920642852783 10
v 136.7740936279297 3.8947343826293945 10
v 136.3148956298828 3.843777894973755 10
v 125.94892120361328 6.995515823364258 10
v 125.76377868652344 7.873800754547119 10
v 121.11399841308594 25.969999313354492 10
v 135.989501953125 -0.30936920642852783 10
v 136.3148956298828 3.843777894973755 10
v 135.8495635986328 3.7969045639038086 10
v 125.94892120361328 6.995515823364258 10
v 121.11399841308594 25.969999313354492 10
v 121.60782623291016 5.132750034332275 10
v 135.989501953125 -0.30936920642852783 10
v 135.8495635986328 3.7969045639038086 10
v 135.3730010986328 3.754625082015991 10
v 126.2172622680664 6.23207426071167 10
v 125.94892120361328 6.995515823364258 10
v 121.60782623291016 5.132750034332275 10
v 135.989501953125 -0.30936920642852783 10
v 135.3730010986328 3.754625082015991 10
v 134.88011169433594 3.71744966506958 10
v 126.57406616210938 5.578201770782471 10
v 126.2172622680664 6.23207426071167 10
v 121.60782623291016 5.132750034332275 10
v 135.989501953125 -0.30936920642852783 10
v 134.88011169433594 3.71744966506958 10
v 134.36578369140625 3.6858890056610107 10
v 127.02462768554688 5.028625011444092 10
v 126.57406616210938 5.578201770782471 10
v 121.60782623291016 5.132750034332275 10
v 135.989501953125 -0.30936920642852783 10
v 134.36578369140625 3.6858890056610107 10
v 133.8249053955078 3.6604530811309814 10
v 127.57420349121094 4.578068733215332 10
v 127.02462768554688 5.028625011444092 10
v 121.60782623291016 5.132750034332275 10
v 135.989501953125 -0.30936920642852783 10
v 133.8249053955078 3.6604530811309814 10
v 133.2523956298828 3.641652822494507 10
v 128.2280731201172 4.221259117126465 10
v 127.57420349121094 4.578068733215332 10
v 121.60782623291016 5.132750034332275 10
v 135.989501953125 -0.30936920642852783 10
v 133.2523956298828 3.641652822494507 10
v 132.64312744140625 3.629998207092285 10
v 128.99151611328125 3.9529218673706055 10
v 128.2280731201172 4.221259117126465 10
v 121.60782623291016 5.132750034332275 10
v 135.989501953125 -0.30936920642852783 10
v 132.64312744140625 3.629998207092285 10
v 131.99200439453125 3.625999927520752 10
v 129.8697967529297 3.76778244972229 10
v 128.99151611328125 3.9529218673706055 10
v 121.60782623291016 5.132750034332275 10
v 135.989501953125 -0.30936920642852783 10
v 131.99200439453125 3.625999927520752 10
v 130.8682098388672 3.660566568374634 10
v 129.8697967529297 3.76778244972229 10
v 121.60782623291016 5.132750034332275 10
v 135.989501953125 -0.30936920642852783 10
v 135.989501953125 -0.30936920642852783 10
v 130.8682098388672 3.660566568374634 10
v 129.8697967529297 3.76778244972229 10
v 125.62200164794922 25.969999313354492 0
v 125.62200164794922 34.05500030517578 0
v 125.62200164794922 25.969999313354492 10
v 125.62200164794922 34.05500030517578 0
v 125.62200164794922 34.05500030517578 10
v 125.62200164794922 25.969999313354492 10
v 125.62200164794922 34.05500030517578 0
v 122.38800048828125 34.05500030517578 0
v 125.62200164794922 34.05500030517578 10
v 122.38800048828125 34.05500030517578 0
v 122.38800048828125 34.05500030517578 10
v 125.62200164794922 34.05500030517578 10
v 122.38800048828125 34.05500030517578 0
v 121.11399841308594 25.969999313354492 0
v 122.38800048828125 34.05500030517578 10
v 121.11399841308594 25.969999313354492 0
v 121.11399841308594 25.969999313354492 10
v 122.38800048828125 34.05500030517578 10
v 121.11399841308594 25.969999313354492 0
v 113.71499633789062 25.969999313354492 0
v 121.11399841308594 25.969999313354492 10
v 113.71499633789062 25.969999313354492 0
v 113.71499633789062 25.969999313354492 10
v 121.11399841308594 25.969999313354492 10
v 113.71499633789062 25.969999313354492 0
v 113.71499633789062 22.049999237060547 0
v 113.71499633789062 25.969999313354492 10
v 113.71499633789062 22.049999237060547 0
v 113.71499633789062 22.049999237060547 10
v 113.71499633789062 25.969999313354492 10
v 113.71499633789062 22.049999237060547 0
v 120.96700286865234 22.049999237060547 0
v 113.71499633789062 22.049999237060547 10
v 120.96700286865234 22.049999237060547 0
v 120.96700286865234 22.049999237060547 10
v 113.71499633789062 22.049999237060547 10
v 120.96700286865234 22.049999237060547 0
v 120.96700286865234 9.505999565124512 0
v 120.96700286865234 22.049999237060547 10
v 120.96700286865234 9.505999565124512 0
v 120.96700286865234 9.505999565124512 10
v 120.96700286865234 22.049999237060547 10
v 120.96700286865234 9.505999565124512 0
v 121.0370101928711 7.909416675567627 0
v 120.96700286865234 9.505999565124512 10
v 121.0370101928711 7.909416675567627 0
v 121.0370101928711 7.909416675567627 10
v 120.96700286865234 9.505999565124512 10
v 121.0370101928711 7.909416675567627 0
v 121.24942779541016 6.451666831970215 0
v 121.0370101928711 7.909416675567627 10
v 121.24942779541016 6.451666831970215 0
v 121.24942779541016 6.451666831970215 10
v 121.0370101928711 7.909416675567627 10
v 121.24942779541016 6.451666831970215 0
v 121.60782623291016 5.132750034332275 0
v 121.24942779541016 6.451666831970215 10
v 121.60782623291016 5.132750034332275 0
v 121.60782623291016 5.132750034332275 10
v 121.24942779541016 6.451666831970215 10
v 121.60782623291016 5.132750034332275 0
v 122.11577606201172 3.952666759490967 0
v 121.60782623291016 5.132750034332275 10
v 122.11577606201172 3.952666759490967 0
v 122.11577606201172 3.952666759490967 10
v 121.60782623291016 5.132750034332275 10
v 122.11577606201172 3.952666759490967 0
v 122.77685546875 2.91141676902771 0
v 122.11577606201172 3.952666759490967 10
v 122.77685546875 2.91141676902771 0
v 122.77685546875 2.91141676902771 10
v 122.11577606201172 3.952666759490967 10
v 122.77685546875 2.91141676902771 0
v 123.5946273803711 2.009000062942505 0
v 122.77685546875 2.91141676902771 10
v 123.5946273803711 2.009000062942505 0
v 123.5946273803711 2.009000062942505 10
v 122.77685546875 2.91141676902771 10
v 123.5946273803711 2.009000062942505 0
v 124.57266998291016 1.2454166412353516 0
v 123.5946273803711 2.009000062942505 10
v 124.57266998291016 1.2454166412353516 0
v 124.57266998291016 1.2454166412353516 10
v 123.5946273803711 2.009000062942505 10
v 124.57266998291016 1.2454166412353516 0
v 125.71455383300781 0.6206666827201843 0
v 124.57266998291016 1.2454166412353516 10
v 125.71455383300781 0.6206666827201843 0
v 125.71455383300781 0.6206666827201843 10
v 124.57266998291016 1.2454166412353516 10
v 125.71455383300781 0.6206666827201843 0
v 127.02385711669922 0.13474999368190765 0
v 125.71455383300781 0.6206666827201843 10
v 127.02385711669922 0.13474999368190765 0
v 127.02385711669922 0.13474999368190765 10
v 125.71455383300781 0.6206666827201843 10
v 127.02385711669922 0.13474999368190765 0
v 128.504150390625 -0.2123333364725113 0
v 127.02385711669922 0.13474999368190765 10
v 128.504150390625 -0.2123333364725113 0
v 128.504150390625 -0.2123333364725113 10
v 127.02385711669922 0.13474999368190765 10
v 128.504150390625 -0.2123333364725113 0
v 130.1590118408203 -0.4205833375453949 0
v 128.504150390625 -0.2123333364725113 10
v 130.1590118408203 -0.4205833375453949 0
v 130.1590118408203 -0.4205833375453949 10
v 128.504150390625 -0.2123333364725113 10
v 130.1590118408203 -0.4205833375453949 0
v 131.99200439453125 -0.49000000953674316 0
v 130.1590118408203 -0.4205833375453949 10
v 131.99200439453125 -0.49000000953674316 0
v 131.99200439453125 -0.49000000953674316 10
v 130.1590118408203 -0.4205833375453949 10
v 131.99200439453125 -0.49000000953674316 0
v 132.65902709960938 -0.48597338795661926 0
v 131.99200439453125 -0.49000000953674316 10
v 132.65902709960938 -0.48597338795661926 0
v 132.65902709960938 -0.48597338795661926 10
v 131.99200439453125 -0.49000000953674316 10
v 132.65902709960938 -0.48597338795661926 0
v 133.28982543945312 -0.4741203784942627 0
v 132.65902709960938 -0.48597338795661926 10
v 133.28982543945312 -0.4741203784942627 0
v 133.28982543945312 -0.4741203784942627 10
v 132.65902709960938 -0.48597338795661926 10
v 133.28982543945312 -0.4741203784942627 0
v 133.8869171142578 -0.45478126406669617 0
v 133.28982543945312 -0.4741203784942627 10
v 133.8869171142578 -0.45478126406669617 0
v 133.8869171142578 -0.45478126406669617 10
v 133.28982543945312 -0.4741203784942627 10
v 133.8869171142578 -0.45478126406669617 0
v 134.45289611816406 -0.42829629778862 0
v 133.8869171142578 -0.45478126406669617 10
v 134.45289611816406 -0.42829629778862 0
v 134.45289611816406 -0.42829629778862 10
v 133.8869171142578 -0.45478126406669617 10
v 134.45289611816406 -0.42829629778862 0
v 134.9902801513672 -0.3950057923793793 0
v 134.45289611816406 -0.42829629778862 10
v 134.9902801513672 -0.3950057923793793 0
v 134.9902801513672 -0.3950057923793793 10
v 134.45289611816406 -0.42829629778862 10
v 134.9902801513672 -0.3950057923793793 0
v 135.50161743164062 -0.3552500009536743 0
v 134.9902801513672 -0.3950057923793793 10
v 135.50161743164062 -0.3552500009536743 0
v 135.50161743164062 -0.3552500009536743 10
v 134.9902801513672 -0.3950057923793793 10
v 135.50161743164062 -0.3552500009536743 0
v 135.989501953125 -0.30936920642852783 0
v 135.50161743164062 -0.3552500009536743 10
v 135.989501953125 -0.30936920642852783 0
v 135.989501953125 -0.30936920642852783 10
v 135.50161743164062 -0.3552500009536743 10
v 135.989501953125 -0.30936920642852783 0
v 136.45645141601562 -0.2577036917209625 0
v 135.989501953125 -0.30936920642852783 10
v 136.45645141601562 -0.2577036917209625 0
v 136.45645141601562 -0.2577036917209625 10
v 135.989501953125 -0.30936920642852783 10
v 136.45645141601562 -0.2577036917209625 0
v 136.90501403808594 -0.2005937546491623 0
v 136.45645141601562 -0.2577036917209625 10
v 136.90501403808594 -0.2005937546491623 0
v 136.90501403808594 -0.2005937546491623 10
v 136.45645141601562 -0.2577036917209625 10
v 136.90501403808594 -0.2005937546491623 0
v 137.3377685546875 -0.13837963342666626 0
v 136.90501403808594 -0.2005937546491623 10
v 137.3377685546875 -0.13837963342666626 0
v 137.3377685546875 -0.13837963342666626 10
v 136.90501403808594 -0.2005937546491623 10
v 137.3377685546875 -0.13837963342666626 0
v 137.7572479248047 -0.07140161842107773 0
v 137.3377685546875 -0.13837963342666626 10
v 137.7572479248047 -0.07140161842107773 0
v 137.7572479248047 -0.07140161842107773 10
v 137.3377685546875 -0.13837963342666626 10
v 137.7572479248047 -0.07140161842107773 0
v 138.16600036621094 0 0
v 137.7572479248047 -0.07140161842107773 10
v 138.16600036621094 0 0
v 138.16600036621094 0 10
v 137.7572479248047 -0.07140161842107773 10
v 138.16600036621094 0 0
v 138.16600036621094 4.066999912261963 0
v 138.16600036621094 0 10
v 138.16600036621094 4.066999912261963 0
v 138.16600036621094 4.066999912261963 10
v 138.16600036621094 0 10
v 138.16600036621094 4.066999912261963 0
v 137.69454956054688 4.0068559646606445 0
v 138.16600036621094 4.066999912261963 10
v 137.69454956054688 4.0068559646606445 0
v 137.69454956054688 4.0068559646606445 10
v 138.16600036621094 4.066999912261963 10
v 137.69454956054688 4.0068559646606445 0
v 137.23228454589844 3.94926381111145 0
v 137.69454956054688 4.0068559646606445 10
v 137.23228454589844 3.94926381111145 0
v 137.23228454589844 3.94926381111145 10
v 137.69454956054688 4.0068559646606445 10
v 137.23228454589844 3.94926381111145 0
v 136.7740936279297 3.8947343826293945 0
v 137.23228454589844 3.94926381111145 10
v 136.7740936279297 3.8947343826293945 0
v 136.7740936279297 3.8947343826293945 10
v 137.23228454589844 3.94926381111145 10
v 136.7740936279297 3.8947343826293945 0
v 136.3148956298828 3.843777894973755 0
v 136.7740936279297 3.8947343826293945 10
v 136.3148956298828 3.843777894973755 0
v 136.3148956298828 3.843777894973755 10
v 136.7740936279297 3.8947343826293945 10
v 136.3148956298828 3.843777894973755 0
v 135.8495635986328 3.7969045639038086 0
v 136.3148956298828 3.843777894973755 10
v 135.8495635986328 3.7969045639038086 0
v 135.8495635986328 3.7969045639038086 10
v 136.3148956298828 3.843777894973755 10
v 135.8495635986328 3.7969045639038086 0
v 135.3730010986328 3.754625082015991 0
v 135.8495635986328 3.7969045639038086 10
v 135.3730010986328 3.754625082015991 0
v 135.3730010986328 3.754625082015991 10
v 135.8495635986328 3.7969045639038086 10
v 135.3730010986328 3.754625082015991 0
v 134.88011169433594 3.71744966506958 0
v 135.3730010986328 3.754625082015991 10
v 134.88011169433594 3.71744966506958 0
v 134.88011169433594 3.71744966506958 10
v 135.3730010986328 3.754625082015991 10
v 134.88011169433594 3.71744966506958 0
v 134.36578369140625 3.6858890056610107 0
v 134.88011169433594 3.71744966506958 10
v 134.36578369140625 3.6858890056610107 0
v 134.36578369140625 3.6858890056610107 10
v 134.88011169433594 3.71744966506958 10
v 134.36578369140625 3.6858890056610107 0
v 133.8249053955078 3.6604530811309814 0
v 134.36578369140625 3.6858890056610107 10
v 133.8249053955078 3.6604530811309814 0
v 133.8249053955078 3.6604530811309814 10
v 134.36578369140625 3.6858890056610107 10
v 133.8249053955078 3.6604530811309814 0
v 133.2523956298828 3.641652822494507 0
v 133.8249053955078 3.6604530811309814 10
v 133.2523956298828 3.641652822494507 0
v 133.2523956298828 3.641652822494507 10
v 133.8249053955078 3.6604530811309814 10
v 133.2523956298828 3.641652822494507 0
v 132.64312744140625 3.629998207092285 0
v 133.2523956298828 3.641652822494507 10
v 132.64312744140625 3.629998207092285 0
v 132.64312744140625 3.629998207092285 10
v 133.2523956298828 3.641652822494507 10
v 132.64312744140625 3.629998207092285 0
v 131.99200439453125 3.625999927520752 0
v 132.64312744140625 3.629998207092285 10
v 131.99200439453125 3.625999927520752 0
v 131.99200439453125 3.625999927520752 10
v 132.64312744140625 3.629998207092285 10
v 131.99200439453125 3.625999927520752 0
v 130.8682098388672 3.660566568374634 0
v 131.99200439453125 3.625999927520752 10
v 130.8682098388672 3.660566568374634 0
v 130.8682098388672 3.660566568374634 10
v 131.99200439453125 3.625999927520752 10
v 130.8682098388672 3.660566568374634 0
v 129.8697967529297 3.76778244972229 0
v 130.8682098388672 3.660566568374634 10
v 129.8697967529297 3.76778244972229 0
v 129.8697967529297 3.76778244972229 10
v 130.8682098388672 3.660566568374634 10
v 129.8697967529297 3.76778244972229 0
v 128.99151611328125 3.9529218673706055 0
v 129.8697967529297 3.76778244972229 10
v 128.99151611328125 3.9529218673706055 0
v 128.99151611328125 3.9529218673706055 10
v 129.8697967529297 3.76778244972229 10
v 128.99151611328125 3.9529218673706055 0
v 128.2280731201172 4.221259117126465 0
v 128.99151611328125 3.9529218673706055 10
v 128.2280731201172 4.221259117126465 0
v 128.2280731201172 4.221259117126465 10
v 128.99151611328125 3.9529218673706055 10
v 128.2280731201172 4.221259117126465 0
v 127.57420349121094 4.578068733215332 0
v 128.2280731201172 4.221259117126465 10
v 127.57420349121094 4.578068733215332 0
v 127.57420349121094 4.578068733215332 10
v 128.2280731201172 4.221259117126465 10
v 127.57420349121094 4.578068733215332 0
v 127.02462768554688 5.028625011444092 0
v 127.57420349121094 4.578068733215332 10
v 127.02462768554688 5.028625011444092 0
v 127.02462768554688 5.028625011444092 10
v 127.57420349121094 4.578068733215332 10
v 127.02462768554688 5.028625011444092 0
v 126.57406616210938 5.578201770782471 0
v 127.02462768554688 5.028625011444092 10
v 126.57406616210938 5.578201770782471 0
v 126.57406616210938 5.578201770782471 10
v 127.02462768554688 5.028625011444092 10
v 126.57406616210938 5.578201770782471 0
v 126.2172622680664 6.23207426071167 0
v 126.57406616210938 5.578201770782471 10
v 126.2172622680664 6.23207426071167 0
v 126.2172622680664 6.23207426071167 10
v 126.57406616210938 5.578201770782471 10
v 126.2172622680664 6.23207426071167 0
v 125.94892120361328 6.995515823364258 0
v 126.2172622680664 6.23207426071167 10
v 125.94892120361328 6.995515823364258 0
v 125.94892120361328 6.995515823364258 10
v 126.2172622680664 6.23207426071167 10
v 125.94892120361328 6.995515823364258 0
v 125.76377868652344 7.873800754547119 0
v 125.94892120361328 6.995515823364258 10
v 125.76377868652344 7.873800754547119 0
v 125.76377868652344 7.873800754547119 10
v 125.94892120361328 6.995515823364258 10
v 125.76377868652344 7.873800754547119 0
v 125.65656280517578 8.872203826904297 0
v 125.76377868652344 7.873800754547119 10
v 125.65656280517578 8.872203826904297 0
v 125.65656280517578 8.872203826904297 10
v 125.76377868652344 7.873800754547119 10
v 125.65656280517578 8.872203826904297 0
v 125.62200164794922 9.996000289916992 0
v 125.65656280517578 8.872203826904297 10
v 125.62200164794922 9.996000289916992 0
v 125.62200164794922 9.996000289916992 10
v 125.65656280517578 8.872203826904297 10
v 125.62200164794922 9.996000289916992 0
v 125.62200164794922 22.049999237060547 0
v 125.62200164794922 9.996000289916992 10
v 125.62200164794922 22.049999237060547 0
v 125.62200164794922 22.049999237060547 10
v 125.62200164794922 9.996000289916992 10
v 125.62200164794922 22.049999237060547 0
v 138.0679931640625 22.049999237060547 0
v 125.62200164794922 22.049999237060547 10
v 138.0679931640625 22.049999237060547 0
v 138.0679931640625 22.049999237060547 10
v 125.62200164794922 22.049999237060547 10
v 138.0679931640625 22.049999237060547 0
v 138.0679931640625 25.969999313354492 0
v 138.0679931640625 22.049999237060547 10
v 138.0679931640625 25.969999313354492 0
v 138.0679931640625 25.969999313354492 10
v 138.0679931640625 22.049999237060547 10
v 138.0679931640625 25.969999313354492 0
v 125.62200164794922 25.969999313354492 0
v 138.0679931640625 25.969999313354492 10
v 125.62200164794922 25.969999313354492 0
v 125.62200164794922 25.969999313354492 10
v 138.0679931640625 25.969999313354492 10
v 150.57777404785156 33.65233612060547 0
v 150.60400390625 33.22200012207031 0
v 150.57777404785156 32.78040313720703 0
v 150.37355041503906 34.44087600708008 0
v 150.50033569335938 34.05953598022461 0
v 150.57777404785156 33.65233612060547 0
v 149.9794464111328 35.11507797241211 0
v 150.1992950439453 34.79362869262695 0
v 150.37355041503906 34.44087600708008 0
v 149.4104461669922 35.65317153930664 0
v 149.71588134765625 35.40250015258789 0
v 149.9794464111328 35.11507797241211 0
v 148.6815185546875 36.03337478637695 0
v 149.06503295898438 35.86437225341797 0
v 149.4104461669922 35.65317153930664 0
v 147.80763244628906 36.23391342163086 0
v 148.26174926757812 36.15746307373047 0
v 148.6815185546875 36.03337478637695 0
v 146.8231201171875 36.23391342163086 0
v 147.3209991455078 36.2599983215332 0
v 147.80763244628906 36.23391342163086 0
v 145.93215942382812 36.03337478637695 0
v 146.35960388183594 36.15746307373047 0
v 146.8231201171875 36.23391342163086 0
v 145.19227600097656 35.65317153930664 0
v 145.54248046875 35.86437225341797 0
v 145.93215942382812 36.03337478637695 0
v 144.61709594726562 35.11507797241211 0
v 144.8832550048828 35.40250015258789 0
v 145.19227600097656 35.65317153930664 0
v 144.22021484375 34.44087600708008 0
v 144.39552307128906 34.79362869262695 0
v 144.61709594726562 35.11507797241211 0
v 144.0152587890625 33.65233612060547 0
v 144.0928955078125 34.05953598022461 0
v 144.22021484375 34.44087600708008 0
v 144.0152587890625 32.78040313720703 0
v 143.98899841308594 33.22200012207031 0
v 144.0152587890625 33.65233612060547 0
v 144.22021484375 31.974796295166016 0
v 144.0928955078125 32.36381912231445 0
v 144.0152587890625 32.78040313720703 0
v 144.61709594726562 31.289648056030273 0
v 144.39552307128906 31.615888595581055 0
v 144.22021484375 31.974796295166016 0
v 145.19227600097656 30.745372772216797 0
v 144.8832550048828 30.998624801635742 0
v 144.61709594726562 31.289648056030273 0
v 145.93215942382812 30.362390518188477 0
v 145.54248046875 30.53244400024414 0
v 145.19227600097656 30.745372772216797 0
v 146.8231201171875 30.161115646362305 0
v 146.35960388183594 30.237764358520508 0
v 145.93215942382812 30.362390518188477 0
v 147.80763244628906 30.161115646362305 0
v 147.3209991455078 30.135000228881836 0
v 146.8231201171875 30.161115646362305 0
v 148.6815185546875 30.362390518188477 0
v 148.26174926757812 30.237764358520508 0
v 147.80763244628906 30.161115646362305 0
v 149.4104461669922 30.745372772216797 0
v 149.06503295898438 30.53244400024414 0
v 148.6815185546875 30.362390518188477 0
v 149.9794464111328 31.289648056030273 0
v 149.71588134765625 30.998624801635742 0
v 149.4104461669922 30.745372772216797 0
v 150.37355041503906 31.974796295166016 0
v 150.1992950439453 31.615888595581055 0
v 149.9794464111328 31.289648056030273 0
v 150.57777404785156 32.78040313720703 0
v 150.50033569335938 32.36381912231445 0
v 150.37355041503906 31.974796295166016 0
v 150.37355041503906 34.44087600708008 0
v 150.57777404785156 33.65233612060547 0
v 150.57777404785156 32.78040313720703 0
v 149.4104461669922 35.65317153930664 0
v 149.9794464111328 35.11507797241211 0
v 150.37355041503906 34.44087600708008 0
v 147.80763244628906 36.23391342163086 0
v 148.6815185546875 36.03337478637695 0
v 149.4104461669922 35.65317153930664 0
v 145.93215942382812 36.03337478637695 0
v 146.8231201171875 36.23391342163086 0
v 147.80763244628906 36.23391342163086 0
v 144.61709594726562 35.11507797241211 0
v 145.19227600097656 35.65317153930664 0
v 145.93215942382812 36.03337478637695 0
v 144.0152587890625 33.65233612060547 0
v 144.22021484375 34.44087600708008 0
v 144.61709594726562 35.11507797241211 0
v 144.22021484375 31.974796295166016 0
v 144.0152587890625 32.78040313720703 0
v 144.0152587890625 33.65233612060547 0
v 145.19227600097656 30.745372772216797 0
v 144.61709594726562 31.289648056030273 0
v 144.22021484375 31.974796295166016 0
v 146.8231201171875 30.161115646362305 0
v 145.93215942382812 30.362390518188477 0
v 145.19227600097656 30.745372772216797 0
v 148.6815185546875 30.362390518188477 0
v 147.80763244628906 30.161115646362305 0
v 146.8231201171875 30.161115646362305 0
v 149.9794464111328 31.289648056030273 0
v 149.4104461669922 30.745372772216797 0
v 148.6815185546875 30.362390518188477 0
v 150.57777404785156 32.78040313720703 0
v 150.37355041503906 31.974796295166016 0
v 149.9794464111328 31.289648056030273 0
v 149.4104461669922 35.65317153930664 0
v 150.37355041503906 34.44087600708008 0
v 150.57777404785156 32.78040313720703 0
v 145.93215942382812 36.03337478637695 0
v 147.80763244628906 36.23391342163086 0
v 149.4104461669922 35.65317153930664 0
v 144.0152587890625 33.65233612060547 0
v 144.61709594726562 35.11507797241211 0
v 145.93215942382812 36.03337478637695 0
v 145.19227600097656 30.745372772216797 0
v 144.22021484375 31.974796295166016 0
v 144.0152587890625 33.65233612060547 0
v 148.6815185546875 30.362390518188477 0
v 146.8231201171875 30.161115646362305 0
v 145.19227600097656 30.745372772216797 0
v 150.57777404785156 32.78040313720703 0
v 149.9794464111328 31.289648056030273 0
v 148.6815185546875 30.362390518188477 0
v 145.93215942382812 36.03337478637695 0
v 149.4104461669922 35.65317153930664 0
v 150.57777404785156 32.78040313720703 0
v 145.19227600097656 30.745372772216797 0
v 144.0152587890625 33.65233612060547 0
v 145.93215942382812 36.03337478637695 0
v 150.57777404785156 32.78040313720703 0
v 148.6815185546875 30.362390518188477 0
v 145.19227600097656 30.745372772216797 0
v 145.19227600097656 30.745372772216797 0
v 145.93215942382812 36.03337478637695 0
v 150.57777404785156 32.78040313720703 0
v 150.57777404785156 32.78040313720703 10
v 150.60400390625 33.22200012207031 10
v 150.57777404785156 33.65233612060547 10
v 150.57777404785156 33.65233612060547 10
v 150.50033569335938 34.05953598022461 10
v 150.37355041503906 34.44087600708008 10
v 150.37355041503906 34.44087600708008 10
v 150.1992950439453 34.79362869262695 10
v 149.9794464111328 35.11507797241211 10
v 149.9794464111328 35.11507797241211 10
v 149.71588134765625 35.40250015258789 10
v 149.4104461669922 35.65317153930664 10
v 149.4104461669922 35.65317153930664 10
v 149.06503295898438 35.86437225341797 10
v 148.6815185546875 36.03337478637695 10
v 148.6815185546875 36.03337478637695 10
v 148.26174926757812 36.15746307373047 10
v 147.80763244628906 36.23391342163086 10
v 147.80763244628906 36.23391342163086 10
v 147.3209991455078 36.2599983215332 10
v 146.8231201171875 36.23391342163086 10
v 146.8231201171875 36.23391342163086 10
v 146.35960388183594 36.15746307373047 10
v 145.93215942382812 36.03337478637695 10
v 145.93215942382812 36.03337478637695 10
v 145.54248046875 35.86437225341797 10
v 145.19227600097656 35.65317153930664 10
v 145.19227600097656 35.65317153930664 10
v 144.8832550048828 35.40250015258789 10
v 144.61709594726562 35.11507797241211 10
v 144.61709594726562 35.11507797241211 10
v 144.39552307128906 34.79362869262695 10
v 144.22021484375 34.44087600708008 10
v 144.22021484375 34.44087600708008 10
v 144.0928955078125 34.05953598022461 10
v 144.0152587890625 33.65233612060547 10
v 144.0152587890625 33.65233612060547 10
v 143.98899841308594 33.22200012207031 10
v 144.0152587890625 32.78040313720703 10
v 144.0152587890625 32.78040313720703 10
v 144.0928955078125 32.36381912231445 10
v 144.22021484375 31.974796295166016 10
v 144.22021484375 31.974796295166016 10
v 144.39552307128906 31.615888595581055 10
v 144.61709594726562 31.289648056030273 10
v 144.61709594726562 31.289648056030273 10
v 144.8832550048828 30.998624801635742 10
v 145.19227600097656 30.745372772216797 10
v 145.19227600097656 30.745372772216797 10
v 145.54248046875 30.53244400024414 10
v 145.93215942382812 30.362390518188477 10
v 145.93215942382812 30.362390518188477 10
v 146.35960388183594 30.237764358520508 10
v 146.8231201171875 30.161115646362305 10
v 146.8231201171875 30.161115646362305 10
v 147.3209991455078 30.135000228881836 10
v 147.80763244628906 30.161115646362305 10
v 147.80763244628906 30.161115646362305 10
v 148.26174926757812 30.237764358520508 10
v 148.6815185546875 30.362390518188477 10
v 148.6815185546875 30.362390518188477 10
v 149.06503295898438 30.53244400024414 10
v 149.4104461669922 30.745372772216797 10
v 149.4104461669922 30.745372772216797 10
v 149.71588134765625 30.998624801635742 10
v 149.9794464111328 31.289648056030273 10
v 149.9794464111328 31.289648056030273 10
v 150.1992950439453 31.615888595581055 10
v 150.37355041503906 31.974796295166016 10
v 150.37355041503906 31.974796295166016 10
v 150.50033569335938 32.36381912231445 10
v 150.57777404785156 32.78040313720703 10
v 150.57777404785156 32.78040313720703 10
v 150.57777404785156 33.65233612060547 10
v 150.37355041503906 34.44087600708008 10
v 150.37355041503906 34.44087600708008 10
v 149.9794464111328 35.11507797241211 10
v 149.4104461669922 35.65317153930664 10
v 149.4104461669922 35.65317153930664 10
v 148.6815185546875 36.03337478637695 10
v 147.80763244628906 36.23391342163086 10
v 147.80763244628906 36.23391342163086 10
v 146.8231201171875 36.23391342163086 10
v 145.93215942382812 36.03337478637695 10
v 145.93215942382812 36.03337478637695 10
v 145.19227600097656 35.65317153930664 10
v 144.61709594726562 35.11507797241211 10
v 144.61709594726562 35.11507797241211 10
v 144.22021484375 34.44087600708008 10
v 144.0152587890625 33.65233612060547 10
v 144.0152587890625 33.65233612060547 10
v 144.0152587890625 32.78040313720703 10
v 144.22021484375 31.974796295166016 10
v 144.22021484375 31.974796295166016 10
v 144.61709594726562 31.289648056030273 10
v 145.19227600097656 30.745372772216797 10
v 145.19227600097656 30.745372772216797 10
v 145.93215942382812 30.362390518188477 10
v 146.8231201171875 30.161115646362305 10
v 146.8231201171875 30.161115646362305 10
v 147.80763244628906 30.161115646362305 10
v 148.6815185546875 30.362390518188477 10
v 148.6815185546875 30.362390518188477 10
v 149.4104461669922 30.745372772216797 10
v 149.9794464111328 31.289648056030273 10
v 149.9794464111328 31.289648056030273 10
v 150.37355041503906 31.974796295166016 10
v 150.57777404785156 32.78040313720703 10
v 150.57777404785156 32.78040313720703 10
v 150.37355041503906 34.44087600708008 10
v 149.4104461669922 35.65317153930664 10
v 149.4104461669922 35.65317153930664 10
v 147.80763244628906 36.23391342163086 10
v 145.93215942382812 36.03337478637695 10
v 145.93215942382812 36.03337478637695 10
v 144.61709594726562 35.11507797241211 10
v 144.0152587890625 33.65233612060547 10
v 144.0152587890625 33.65233612060547 10
v 144.22021484375 31.974796295166016 10
v 145.19227600097656 30.745372772216797 10
v 145.19227600097656 30.745372772216797 10
v 146.8231201171875 30.161115646362305 10
v 148.6815185546875 30.362390518188477 10
v 148.6815185546875 30.362390518188477 10
v 149.9794464111328 31.289648056030273 10
v 150.57777404785156 32.78040313720703 10
v 150.57777404785156 32.78040313720703 10
v 149.4104461669922 35.65317153930664 10
v 145.93215942382812 36.03337478637695 10
v 145.93215942382812 36.03337478637695 10
v 144.0152587890625 33.65233612060547 10
v 145.19227600097656 30.745372772216797 10
v 145.19227600097656 30.745372772216797 10
v 148.6815185546875 30.362390518188477 10
v 150.57777404785156 32.78040313720703 10
v 150.57777404785156 32.78040313720703 10
v 145.93215942382812 36.03337478637695 10
v 145.19227600097656 30.745372772216797 10
v 150.57777404785156 33.65233612060547 0
v 150.50033569335938 34.05953598022461 0
v 150.57777404785156 33.65233612060547 10
v 150.50033569335938 34.05953598022461 0
v 150.50033569335938 34.05953598022461 10
v 150.57777404785156 33.65233612060547 10
v 150.50033569335938 34.05953598022461 0
v 150.37355041503906 34.44087600708008 0
v 150.50033569335938 34.05953598022461 10
v 150.37355041503906 34.44087600708008 0
v 150.37355041503906 34.44087600708008 10
v 150.50033569335938 34.05953598022461 10
v 150.37355041503906 34.44087600708008 0
v 150.1992950439453 34.79362869262695 0
v 150.37355041503906 34.44087600708008 10
v 150.1992950439453 34.79362869262695 0
v 150.1992950439453 34.79362869262695 10
v 150.37355041503906 34.44087600708008 10
v 150.1992950439453 34.79362869262695 0
v 149.9794464111328 35.11507797241211 0
v 150.1992950439453 34.79362869262695 10
v 149.9794464111328 35.11507797241211 0
v 149.9794464111328 35.11507797241211 10
v 150.1992950439453 34.79362869262695 10
v 149.9794464111328 35.11507797241211 0
v 149.71588134765625 35.40250015258789 0
v 149.9794464111328 35.11507797241211 10
v 149.71588134765625 35.40250015258789 0
v 149.71588134765625 35.40250015258789 10
v 149.9794464111328 35.11507797241211 10
v 149.71588134765625 35.40250015258789 0
v 149.4104461669922 35.65317153930664 0
v 149.71588134765625 35.40250015258789 10
v 149.4104461669922 35.65317153930664 0
v 149.4104461669922 35.65317153930664 10
v 149.71588134765625 35.40250015258789 10
v 149.4104461669922 35.65317153930664 0
v 149.06503295898438 35.86437225341797 0
v 149.4104461669922 35.65317153930664 10
v 149.06503295898438 35.86437225341797 0
v 149.06503295898438 35.86437225341797 10
v 149.4104461669922 35.65317153930664 10
v 149.06503295898438 35.86437225341797 0
v 148.6815185546875 36.03337478637695 0
v 149.06503295898438 35.86437225341797 10
v 148.6815185546875 36.03337478637695 0
v 148.6815185546875 36.03337478637695 10
v 149.06503295898438 35.86437225341797 10
v 148.6815185546875 36.03337478637695 0
v 148.26174926757812 36.15746307373047 0
v 148.6815185546875 36.03337478637695 10
v 148.26174926757812 36.15746307373047 0
v 148.26174926757812 36.15746307373047 10
v 148.6815185546875 36.03337478637695 10
v 148.26174926757812 36.15746307373047 0
v 147.80763244628906 36.23391342163086 0
v 148.26174926757812 36.15746307373047 10
v 147.80763244628906 36.23391342163086 0
v 147.80763244628906 36.23391342163086 10
v 148.26174926757812 36.15746307373047 10
v 147.80763244628906 36.23391342163086 0
v 147.3209991455078 36.2599983215332 0
v 147.80763244628906 36.23391342163086 10
v 147.3209991455078 36.2599983215332 0
v 147.3209991455078 36.2599983215332 10
v 147.80763244628906 36.23391342163086 10
v 147.3209991455078 36.2599983215332 0
v 146.8231201171875 36.23391342163086 0
v 147.3209991455078 36.2599983215332 10
v 146.8231201171875 36.23391342163086 0
v 146.8231201171875 36.23391342163086 10
v 147.3209991455078 36.2599983215332 10
v 146.8231201171875 36.23391342163086 0
v 146.35960388183594 36.15746307373047 0
v 146.8231201171875 36.23391342163086 10
v 146.35960388183594 36.15746307373047 0
v 146.35960388183594 36.15746307373047 10
v 146.8231201171875 36.23391342163086 10
v 146.35960388183594 36.15746307373047 0
v 145.93215942382812 36.03337478637695 0
v 146.35960388183594 36.15746307373047 10
v 145.93215942382812 36.03337478637695 0
v 145.93215942382812 36.03337478637695 10
v 146.35960388183594 36.15746307373047 10
v 145.93215942382812 36.03337478637695 0
v 145.54248046875 35.86437225341797 0
v 145.93215942382812 36.03337478637695 10
v 145.54248046875 35.86437225341797 0
v 145.54248046875 35.86437225341797 10
v 145.93215942382812 36.03337478637695 10
v 145.54248046875 35.86437225341797 0
v 145.19227600097656 35.65317153930664 0
v 145.54248046875 35.86437225341797 10
v 145.19227600097656 35.65317153930664 0
v 145.19227600097656 35.65317153930664 10
v 145.54248046875 35.86437225341797 10
v 145.19227600097656 35.65317153930664 0
v 144.8832550048828 35.40250015258789 0
v 145.19227600097656 35.65317153930664 10
v 144.8832550048828 35.40250015258789 0
v 144.8832550048828 35.40250015258789 10
v 145.19227600097656 35.65317153930664 10
v 144.8832550048828 35.40250015258789 0
v 144.61709594726562 35.11507797241211 0
v 144.8832550048828 35.40250015258789 10
v 144.61709594726562 35.11507797241211 0
v 144.61709594726562 35.11507797241211 10
v 144.8832550048828 35.40250015258789 10
v 144.61709594726562 35.11507797241211 0
v 144.39552307128906 34.79362869262695 0
v 144.61709594726562 35.11507797241211 10
v 144.39552307128906 34.79362869262695 0
v 144.39552307128906 34.79362869262695 10
v 144.61709594726562 35.11507797241211 10
v 144.39552307128906 34.79362869262695 0
v 144.22021484375 34.44087600708008 0
v 144.39552307128906 34.79362869262695 10
v 144.22021484375 34.44087600708008 0
v 144.22021484375 34.44087600708008 10
v 144.39552307128906 34.79362869262695 10
v 144.22021484375 34.44087600708008 0
v 144.0928955078125 34.05953598022461 0
v 144.22021484375 34.44087600708008 10
v 144.0928955078125 34.05953598022461 0
v 144.0928955078125 34.05953598022461 10
v 144.22021484375 34.44087600708008 10
v 144.0928955078125 34.05953598022461 0
v 144.0152587890625 33.65233612060547 0
v 144.0928955078125 34.05953598022461 10
v 144.0152587890625 33.65233612060547 0
v 144.0152587890625 33.65233612060547 10
v 144.0928955078125 34.05953598022461 10
v 144.0152587890625 33.65233612060547 0
v 143.98899841308594 33.22200012207031 0
v 144.0152587890625 33.65233612060547 10
v 143.98899841308594 33.22200012207031 0
v 143.98899841308594 33.22200012207031 10
v 144.0152587890625 33.65233612060547 10
v 143.98899841308594 33.22200012207031 0
v 144.0152587890625 32.78040313720703 0
v 143.98899841308594 33.22200012207031 10
v 144.0152587890625 32.78040313720703 0
v 144.0152587890625 32.78040313720703 10
v 143.98899841308594 33.22200012207031 10
v 144.0152587890625 32.78040313720703 0
v 144.0928955078125 32.36381912231445 0
v 144.0152587890625 32.78040313720703 10
v 144.0928955078125 32.36381912231445 0
v 144.0928955078125 32.36381912231445 10
v 144.0152587890625 32.78040313720703 10
v 144.0928955078125 32.36381912231445 0
v 144.22021484375 31.974796295166016 0
v 144.0928955078125 32.36381912231445 10
v 144.22021484375 31.974796295166016 0
v 144.22021484375 31.974796295166016 10
v 144.0928955078125 32.36381912231445 10
v 144.22021484375 31.974796295166016 0
v 144.39552307128906 31.615888595581055 0
v 144.22021484375 31.974796295166016 10
v 144.39552307128906 31.615888595581055 0
v 144.39552307128906 31.615888595581055 10
v 144.22021484375 31.974796295166016 10
v 144.39552307128906 31.615888595581055 0
v 144.61709594726562 31.289648056030273 0
v 144.39552307128906 31.615888595581055 10
v 144.61709594726562 31.289648056030273 0
v 144.61709594726562 31.289648056030273 10
v 144.39552307128906 31.615888595581055 10
v 144.61709594726562 31.289648056030273 0
v 144.8832550048828 30.998624801635742 0
v 144.61709594726562 31.289648056030273 10
v 144.8832550048828 30.998624801635742 0
v 144.8832550048828 30.998624801635742 10
v 144.61709594726562 31.289648056030273 10
v 144.8832550048828 30.998624801635742 0
v 145.19227600097656 30.745372772216797 0
v 144.8832550048828 30.998624801635742 10
v 145.19227600097656 30.745372772216797 0
v 145.19227600097656 30.745372772216797 10
v 144.8832550048828 30.998624801635742 10
v 145.19227600097656 30.745372772216797 0
v 145.54248046875 30.53244400024414 0
v 145.19227600097656 30.745372772216797 10
v 145.54248046875 30.53244400024414 0
v 145.54248046875 30.53244400024414 10
v 145.19227600097656 30.745372772216797 10
v 145.54248046875 30.53244400024414 0
v 145.93215942382812 30.362390518188477 0
v 145.54248046875 30.53244400024414 10
v 145.93215942382812 30.362390518188477 0
v 145.93215942382812 30.362390518188477 10
v 145.54248046875 30.53244400024414 10
v 145.93215942382812 30.362390518188477 0
v 146.35960388183594 30.237764358520508 0
v 145.93215942382812 30.362390518188477 10
v 146.35960388183594 30.237764358520508 0
v 146.35960388183594 30.237764358520508 10
v 145.93215942382812 30.362390518188477 10
v 146.35960388183594 30.237764358520508 0
v 146.8231201171875 30.161115646362305 0
v 146.35960388183594 30.237764358520508 10
v 146.8231201171875 30.161115646362305 0
v 146.8231201171875 30.161115646362305 10
v 146.35960388183594 30.237764358520508 10
v 146.8231201171875 30.161115646362305 0
v 147.3209991455078 30.135000228881836 0
v 146.8231201171875 30.161115646362305 10
v 147.3209991455078 30.135000228881836 0
v 147.3209991455078 30.135000228881836 10
v 146.8231201171875 30.161115646362305 10
v 147.3209991455078 30.135000228881836 0
v 147.80763244628906 30.161115646362305 0
v 147.3209991455078 30.135000228881836 10
v 147.80763244628906 30.161115646362305 0
v 147.80763244628906 30.161115646362305 10
v 147.3209991455078 30.135000228881836 10
v 147.80763244628906 30.161115646362305 0
v 148.26174926757812 30.237764358520508 0
v 147.80763244628906 30.161115646362305 10
v 148.26174926757812 30.237764358520508 0
v 148.26174926757812 30.237764358520508 10
v 147.80763244628906 30.161115646362305 10
v 148.26174926757812 30.237764358520508 0
v 148.6815185546875 30.362390518188477 0
v 148.26174926757812 30.237764358520508 10
v 148.6815185546875 30.362390518188477 0
v 148.6815185546875 30.362390518188477 10
v 148.26174926757812 30.237764358520508 10
v 148.6815185546875 30.362390518188477 0
v 149.06503295898438 30.53244400024414 0
v 148.6815185546875 30.362390518188477 10
v 149.06503295898438 30.53244400024414 0
v 149.06503295898438 30.53244400024414 10
v 148.6815185546875 30.362390518188477 10
v 149.06503295898438 30.53244400024414 0
v 149.4104461669922 30.745372772216797 0
v 149.06503295898438 30.53244400024414 10
v 149.4104461669922 30.745372772216797 0
v 149.4104461669922 30.745372772216797 10
v 149.06503295898438 30.53244400024414 10
v 149.4104461669922 30.745372772216797 0
v 149.71588134765625 30.998624801635742 0
v 149.4104461669922 30.745372772216797 10
v 149.71588134765625 30.998624801635742 0
v 149.71588134765625 30.998624801635742 10
v 149.4104461669922 30.745372772216797 10
v 149.71588134765625 30.998624801635742 0
v 149.9794464111328 31.289648056030273 0
v 149.71588134765625 30.998624801635742 10
v 149.9794464111328 31.289648056030273 0
v 149.9794464111328 31.289648056030273 10
v 149.71588134765625 30.998624801635742 10
v 149.9794464111328 31.289648056030273 0
v 150.1992950439453 31.615888595581055 0
v 149.9794464111328 31.289648056030273 10
v 150.1992950439453 31.615888595581055 0
v 150.1992950439453 31.615888595581055 10
v 149.9794464111328 31.289648056030273 10
v 150.1992950439453 31.615888595581055 0
v 150.37355041503906 31.974796295166016 0
v 150.1992950439453 31.615888595581055 10
v 150.37355041503906 31.974796295166016 0
v 150.37355041503906 31.974796295166016 10
v 150.1992950439453 31.615888595581055 10
v 150.37355041503906 31.974796295166016 0
v 150.50033569335938 32.36381912231445 0
v 150.37355041503906 31.974796295166016 10
v 150.50033569335938 32.36381912231445 0
v 150.50033569335938 32.36381912231445 10
v 150.37355041503906 31.974796295166016 10
v 150.50033569335938 32.36381912231445 0
v 150.57777404785156 32.78040313720703 0
v 150.50033569335938 32.36381912231445 10
v 150.57777404785156 32.78040313720703 0
v 150.57777404785156 32.78040313720703 10
v 150.50033569335938 32.36381912231445 10
v 150.57777404785156 32.78040313720703 0
v 150.60400390625 33.22200012207031 0
v 150.57777404785156 32.78040313720703 10
v 150.60400390625 33.22200012207031 0
v 150.60400390625 33.22200012207031 10
v 150.57777404785156 32.78040313720703 10
v 150.60400390625 33.22200012207031 0
v 150.57777404785156 33.65233612060547 0
v 150.60400390625 33.22200012207031 10
v 150.57777404785156 33.65233612060547 0
v 150.57777404785156 33.65233612060547 10
v 150.60400390625 33.22200012207031 10
v 149.62399291992188 25.969999313354492 0
v 149.62399291992188 0 0
v 144.968994140625 0 0
v 144.968994140625 0 0
v 144.968994140625 25.969999313354492 0
v 149.62399291992188 25.969999313354492 0
v 144.968994140625 0 10
v 149.62399291992188 0 10
v 149.62399291992188 25.969999313354492 10
v 149.62399291992188 25.969999313354492 10
v 144.968994140625 25.969999313354492 10
v 144.968994140625 0 10
v 149.62399291992188 25.969999313354492 0
v 144.968994140625 25.969999313354492 0
v 149.62399291992188 25.969999313354492 10
v 144.968994140625 25.969999313354492 0
v 144.968994140625 25.969999313354492 10
v 149.62399291992188 25.969999313354492 10
v 144.968994140625 25.969999313354492 0
v 144.968994140625 0 0
v 144.968994140625 25.969999313354492 10
v 144.968994140625 0 0
v 144.968994140625 0 10
v 144.968994140625 25.969999313354492 10
v 144.968994140625 0 0
v 149.62399291992188 0 0
v 144.968994140625 0 10
v 149.62399291992188 0 0
v 149.62399291992188 0 10
v 144.968994140625 0 10
v 149.62399291992188 0 0
v 149.62399291992188 25.969999313354492 0
v 149.62399291992188 0 10
v 149.62399291992188 25.969999313354492 0
v 149.62399291992188 25.969999313354492 10
v 149.62399291992188 0 10
v 189.66519165039062 17.544721603393555 0
v 190.0013885498047 15.940142631530762 0
v 190.11300659179688 14.258999824523926 0
v 188.31088256835938 20.471111297607422 0
v 189.1023712158203 19.05946922302246 0
v 189.66519165039062 17.544721603393555 0
v 186.03375244140625 22.93199920654297 0
v 187.2886962890625 21.76637840270996 0
v 188.31088256835938 20.471111297607422 0
v 182.81744384765625 24.82122230529785 0
v 184.54400634765625 23.95470428466797 0
v 186.03375244140625 22.93199920654297 0
v 178.64564514160156 26.032611846923828 0
v 180.8520050048828 25.518281936645508 0
v 182.81744384765625 24.82122230529785 0
v 173.5019989013672 26.459999084472656 0
v 176.19631958007812 26.350940704345703 0
v 178.64564514160156 26.032611846923828 0
v 168.22247314453125 25.99812889099121 0
v 170.7427215576172 26.342037200927734 0
v 173.5019989013672 26.459999084472656 0
v 163.89981079101562 24.69236946105957 0
v 165.9414520263672 25.44325065612793 0
v 168.22247314453125 25.99812889099121 0
v 160.53536987304688 22.662500381469727 0
v 162.0977325439453 23.76046371459961 0
v 163.89981079101562 24.69236946105957 0
v 158.13052368164062 20.028295516967773 0
v 159.21292114257812 21.413454055786133 0
v 160.53536987304688 22.662500381469727 0
v 156.6865997314453 16.909536361694336 0
v 157.28836059570312 18.52199935913086 0
v 158.13052368164062 20.028295516967773 0
v 156.2050018310547 13.425999641418457 0
v 156.32542419433594 15.205879211425781 0
v 156.6865997314453 16.909536361694336 0
v 161.31585693359375 16.268312454223633 0
v 161.05599975585938 15.140999794006348 0
v 156.2050018310547 13.425999641418457 0
v 156.2050018310547 13.425999641418457 0
v 161.05599975585938 15.140999794006348 0
v 185.40899658203125 15.140999794006348 0
v 156.32528686523438 10.764120101928711 0
v 156.2050018310547 12.543999671936035 0
v 156.2050018310547 13.425999641418457 0
v 157.28453063964844 7.447999954223633 0
v 156.6854705810547 9.060462951660156 0
v 156.32528686523438 10.764120101928711 0
v 159.1951904296875 4.556546211242676 0
v 158.12144470214844 5.941703796386719 0
v 157.28453063964844 7.447999954223633 0
v 162.04910278320312 2.2095370292663574 0
v 160.50474548339844 3.307499885559082 0
v 159.1951904296875 4.556546211242676 0
v 165.8380889892578 0.5267500281333923 0
v 163.8272247314453 1.2776296138763428 0
v 162.04910278320312 2.2095370292663574 0
v 170.5540008544922 -0.37203702330589294 0
v 168.0806884765625 -0.02812962979078293 0
v 165.8380889892578 0.5267500281333923 0
v 175.7480010986328 -0.39511922001838684 0
v 173.2570037841797 -0.49000000953674316 0
v 170.5540008544922 -0.37203702330589294 0
v 180.04196166992188 0.30778124928474426 0
v 178.0072784423828 -0.12295370548963547 0
v 175.7480010986328 -0.39511922001838684 0
v 183.4661865234375 1.5700984001159668 0
v 181.85922241210938 0.8783703446388245 0
v 180.04196166992188 0.30778124928474426 0
v 186.07781982421875 3.242110013961792 0
v 184.8699951171875 2.3642499446868896 0
v 183.4661865234375 1.5700984001159668 0
v 187.9340362548828 5.174093723297119 0
v 187.09677124023438 4.184962749481201 0
v 186.07781982421875 3.242110013961792 0
v 189.0919952392578 7.216327667236328 0
v 188.5967254638672 6.190786838531494 0
v 187.9340362548828 5.174093723297119 0
v 184.625 8.232000350952148 0
v 189.427001953125 8.232000350952148 0
v 189.0919952392578 7.216327667236328 0
v 189.94143676757812 11.87124252319336 0
v 189.91700744628906 11.661999702453613 0
v 160.95799255371094 11.661999702453613 0
v 189.9889678955078 12.295171737670898 0
v 189.96554565429688 12.082356452941895 0
v 189.94143676757812 11.87124252319336 0
v 190.03240966796875 12.725226402282715 0
v 190.01136779785156 12.50951862335205 0
v 189.9889678955078 12.295171737670898 0
v 190.0690460205078 13.16004467010498 0
v 190.05174255371094 12.94212532043457 0
v 190.03240966796875 12.725226402282715 0
v 190.09616088867188 13.598265647888184 0
v 190.08396911621094 13.378814697265625 0
v 190.0690460205078 13.16004467010498 0
v 190.1110076904297 14.038528442382812 0
v 190.10528564453125 13.81822681427002 0
v 190.09616088867188 13.598265647888184 0
v 189.66519165039062 17.544721603393555 0
v 190.11300659179688 14.258999824523926 0
v 190.1110076904297 14.038528442382812 0
v 186.03375244140625 22.93199920654297 0
v 188.31088256835938 20.471111297607422 0
v 189.66519165039062 17.544721603393555 0
v 178.64564514160156 26.032611846923828 0
v 182.81744384765625 24.82122230529785 0
v 186.03375244140625 22.93199920654297 0
v 168.22247314453125 25.99812889099121 0
v 173.5019989013672 26.459999084472656 0
v 178.64564514160156 26.032611846923828 0
v 160.53536987304688 22.662500381469727 0
v 163.89981079101562 24.69236946105957 0
v 168.22247314453125 25.99812889099121 0
v 156.6865997314453 16.909536361694336 0
v 158.13052368164062 20.028295516967773 0
v 160.53536987304688 22.662500381469727 0
v 161.31585693359375 16.268312454223633 0
v 156.2050018310547 13.425999641418457 0
v 156.6865997314453 16.909536361694336 0
v 157.28453063964844 7.447999954223633 0
v 156.32528686523438 10.764120101928711 0
v 156.2050018310547 13.425999641418457 0
v 162.04910278320312 2.2095370292663574 0
v 159.1951904296875 4.556546211242676 0
v 157.28453063964844 7.447999954223633 0
v 170.5540008544922 -0.37203702330589294 0
v 165.8380889892578 0.5267500281333923 0
v 162.04910278320312 2.2095370292663574 0
v 180.04196166992188 0.30778124928474426 0
v 175.7480010986328 -0.39511922001838684 0
v 170.5540008544922 -0.37203702330589294 0
v 186.07781982421875 3.242110013961792 0
v 183.4661865234375 1.5700984001159668 0
v 180.04196166992188 0.30778124928474426 0
v 189.0919952392578 7.216327667236328 0
v 187.9340362548828 5.174093723297119 0
v 186.07781982421875 3.242110013961792 0
v 184.3320770263672 7.73896598815918 0
v 184.625 8.232000350952148 0
v 189.0919952392578 7.216327667236328 0
v 189.9889678955078 12.295171737670898 0
v 189.94143676757812 11.87124252319336 0
v 160.95799255371094 11.661999702453613 0
v 190.0690460205078 13.16004467010498 0
v 190.03240966796875 12.725226402282715 0
v 189.9889678955078 12.295171737670898 0
v 190.1110076904297 14.038528442382812 0
v 190.09616088867188 13.598265647888184 0
v 190.0690460205078 13.16004467010498 0
v 186.03375244140625 22.93199920654297 0
v 189.66519165039062 17.544721603393555 0
v 190.1110076904297 14.038528442382812 0
v 168.22247314453125 25.99812889099121 0
v 178.64564514160156 26.032611846923828 0
v 186.03375244140625 22.93199920654297 0
v 156.6865997314453 16.909536361694336 0
v 160.53536987304688 22.662500381469727 0
v 168.22247314453125 25.99812889099121 0
v 161.70570373535156 17.31991195678711 0
v 161.31585693359375 16.268312454223633 0
v 156.6865997314453 16.909536361694336 0
v 162.04910278320312 2.2095370292663574 0
v 157.28453063964844 7.447999954223633 0
v 156.2050018310547 13.425999641418457 0
v 180.04196166992188 0.30778124928474426 0
v 170.5540008544922 -0.37203702330589294 0
v 162.04910278320312 2.2095370292663574 0
v 189.0919952392578 7.216327667236328 0
v 186.07781982421875 3.242110013961792 0
v 180.04196166992188 0.30778124928474426 0
v 183.95986938476562 7.2236433029174805 0
v 184.3320770263672 7.73896598815918 0
v 189.0919952392578 7.216327667236328 0
v 190.0690460205078 13.16004467010498 0
v 189.9889678955078 12.295171737670898 0
v 160.95799255371094 11.661999702453613 0
v 186.03375244140625 22.93199920654297 0
v 190.1110076904297 14.038528442382812 0
v 190.0690460205078 13.16004467010498 0
v 162.22894287109375 18.291547775268555 0
v 161.70570373535156 17.31991195678711 0
v 156.6865997314453 16.909536361694336 0
v 183.95986938476562 7.2236433029174805 0
v 189.0919952392578 7.216327667236328 0
v 180.04196166992188 0.30778124928474426 0
v 162.8889617919922 19.17896270751953 0
v 162.22894287109375 18.291547775268555 0
v 156.6865997314453 16.909536361694336 0
v 183.49647521972656 6.698452949523926 0
v 183.95986938476562 7.2236433029174805 0
v 180.04196166992188 0.30778124928474426 0
v 162.8889617919922 19.17896270751953 0
v 156.6865997314453 16.909536361694336 0
v 168.22247314453125 25.99812889099121 0
v 182.92996215820312 6.175814628601074 0
v 183.49647521972656 6.698452949523926 0
v 180.04196166992188 0.30778124928474426 0
v 163.68917846679688 19.977907180786133 0
v 162.8889617919922 19.17896270751953 0
v 168.22247314453125 25.99812889099121 0
v 182.24844360351562 5.668148517608643 0
v 182.92996215820312 6.175814628601074 0
v 180.04196166992188 0.30778124928474426 0
v 164.63299560546875 20.684125900268555 0
v 163.68917846679688 19.977907180786133 0
v 168.22247314453125 25.99812889099121 0
v 181.44000244140625 5.187874794006348 0
v 182.24844360351562 5.668148517608643 0
v 180.04196166992188 0.30778124928474426 0
v 165.72381591796875 21.293363571166992 0
v 164.63299560546875 20.684125900268555 0
v 168.22247314453125 25.99812889099121 0
v 180.4927215576172 4.747413635253906 0
v 181.44000244140625 5.187874794006348 0
v 180.04196166992188 0.30778124928474426 0
v 166.9650421142578 21.80137062072754 0
v 165.72381591796875 21.293363571166992 0
v 168.22247314453125 25.99812889099121 0
v 179.3946990966797 4.359185218811035 0
v 180.4927215576172 4.747413635253906 0
v 180.04196166992188 0.30778124928474426 0
v 168.3600616455078 22.203889846801758 0
v 166.9650421142578 21.80137062072754 0
v 168.22247314453125 25.99812889099121 0
v 178.134033203125 4.035609245300293 0
v 179.3946990966797 4.359185218811035 0
v 180.04196166992188 0.30778124928474426 0
v 169.91229248046875 22.496671676635742 0
v 168.3600616455078 22.203889846801758 0
v 168.22247314453125 25.99812889099121 0
v 176.69879150390625 3.7891063690185547 0
v 178.134033203125 4.035609245300293 0
v 180.04196166992188 0.30778124928474426 0
v 171.62513732910156 22.675458908081055 0
v 169.91229248046875 22.496671676635742 0
v 168.22247314453125 25.99812889099121 0
v 176.69879150390625 3.7891063690185547 0
v 180.04196166992188 0.30778124928474426 0
v 162.04910278320312 2.2095370292663574 0
v 173.5019989013672 22.736000061035156 0
v 171.62513732910156 22.675458908081055 0
v 168.22247314453125 25.99812889099121 0
v 175.07708740234375 3.632096529006958 0
v 176.69879150390625 3.7891063690185547 0
v 162.04910278320312 2.2095370292663574 0
v 173.5019989013672 22.736000061035156 0
v 168.22247314453125 25.99812889099121 0
v 186.03375244140625 22.93199920654297 0
v 173.2570037841797 3.5769999027252197 0
v 175.07708740234375 3.632096529006958 0
v 162.04910278320312 2.2095370292663574 0
v 175.386962890625 22.668909072875977 0
v 173.5019989013672 22.736000061035156 0
v 186.03375244140625 22.93199920654297 0
v 171.36900329589844 3.640631914138794 0
v 173.2570037841797 3.5769999027252197 0
v 162.04910278320312 2.2095370292663574 0
v 177.0994110107422 22.47285270690918 0
v 175.386962890625 22.668909072875977 0
v 186.03375244140625 22.93199920654297 0
v 169.64756774902344 3.828805446624756 0
v 171.36900329589844 3.640631914138794 0
v 162.04910278320312 2.2095370292663574 0
v 178.6424102783203 22.155656814575195 0
v 177.0994110107422 22.47285270690918 0
v 186.03375244140625 22.93199920654297 0
v 168.0897979736328 4.137437343597412 0
v 169.64756774902344 3.828805446624756 0
v 162.04910278320312 2.2095370292663574 0
v 180.0189971923828 21.725147247314453 0
v 178.6424102783203 22.155656814575195 0
v 186.03375244140625 22.93199920654297 0
v 166.69281005859375 4.56244421005249 0
v 168.0897979736328 4.137437343597412 0
v 162.04910278320312 2.2095370292663574 0
v 181.2322540283203 21.18915367126465 0
v 180.0189971923828 21.725147247314453 0
v 186.03375244140625 22.93199920654297 0
v 165.45372009277344 5.099742889404297 0
v 166.69281005859375 4.56244421005249 0
v 162.04910278320312 2.2095370292663574 0
v 182.28524780273438 20.555500030517578 0
v 181.2322540283203 21.18915367126465 0
v 186.03375244140625 22.93199920654297 0
v 164.36962890625 5.745250225067139 0
v 165.45372009277344 5.099742889404297 0
v 162.04910278320312 2.2095370292663574 0
v 183.1810302734375 19.832012176513672 0
v 182.28524780273438 20.555500030517578 0
v 186.03375244140625 22.93199920654297 0
v 163.43763732910156 6.494882106781006 0
v 164.36962890625 5.745250225067139 0
v 162.04910278320312 2.2095370292663574 0
v 183.1810302734375 19.832012176513672 0
v 186.03375244140625 22.93199920654297 0
v 190.0690460205078 13.16004467010498 0
v 163.43763732910156 6.494882106781006 0
v 162.04910278320312 2.2095370292663574 0
v 156.2050018310547 13.425999641418457 0
v 183.92266845703125 19.026517868041992 0
v 183.1810302734375 19.832012176513672 0
v 190.0690460205078 13.16004467010498 0
v 162.65484619140625 7.344555377960205 0
v 163.43763732910156 6.494882106781006 0
v 156.2050018310547 13.425999641418457 0
v 184.51321411132812 18.14684295654297 0
v 183.92266845703125 19.026517868041992 0
v 190.0690460205078 13.16004467010498 0
v 162.0183868408203 8.29018783569336 0
v 162.65484619140625 7.344555377960205 0
v 156.2050018310547 13.425999641418457 0
v 184.95574951171875 17.200815200805664 0
v 184.51321411132812 18.14684295654297 0
v 190.0690460205078 13.16004467010498 0
v 161.52536010742188 9.3276948928833 0
v 162.0183868408203 8.29018783569336 0
v 156.2050018310547 13.425999641418457 0
v 185.25332641601562 16.196258544921875 0
v 184.95574951171875 17.200815200805664 0
v 190.0690460205078 13.16004467010498 0
v 161.1728515625 10.452993392944336 0
v 161.52536010742188 9.3276948928833 0
v 156.2050018310547 13.425999641418457 0
v 185.40899658203125 15.140999794006348 0
v 185.25332641601562 16.196258544921875 0
v 190.0690460205078 13.16004467010498 0
v 160.95799255371094 11.661999702453613 0
v 161.1728515625 10.452993392944336 0
v 156.2050018310547 13.425999641418457 0
v 185.40899658203125 15.140999794006348 0
v 190.0690460205078 13.16004467010498 0
v 160.95799255371094 11.661999702453613 0
v 160.95799255371094 11.661999702453613 0
v 156.2050018310547 13.425999641418457 0
v 185.40899658203125 15.140999794006348 0
v 190.11300659179688 14.258999824523926 10
v 190.0013885498047 15.940142631530762 10
v 189.66519165039062 17.544721603393555 10
v 189.66519165039062 17.544721603393555 10
v 189.1023712158203 19.05946922302246 10
v 188.31088256835938 20.471111297607422 10
v 188.31088256835938 20.471111297607422 10
v 187.2886962890625 21.76637840270996 10
v 186.03375244140625 22.93199920654297 10
v 186.03375244140625 22.93199920654297 10
v 184.54400634765625 23.95470428466797 10
v 182.81744384765625 24.82122230529785 10
v 182.81744384765625 24.82122230529785 10
v 180.8520050048828 25.518281936645508 10
v 178.64564514160156 26.032611846923828 10
v 178.64564514160156 26.032611846923828 10
v 176.19631958007812 26.350940704345703 10
v 173.5019989013672 26.459999084472656 10
v 173.5019989013672 26.459999084472656 10
v 170.7427215576172 26.342037200927734 10
v 168.22247314453125 25.99812889099121 10
v 168.22247314453125 25.99812889099121 10
v 165.9414520263672 25.44325065612793 10
v 163.89981079101562 24.69236946105957 10
v 163.89981079101562 24.69236946105957 10
v 162.0977325439453 23.76046371459961 10
v 160.53536987304688 22.662500381469727 10
v 160.53536987304688 22.662500381469727 10
v 159.21292114257812 21.413454055786133 10
v 158.13052368164062 20.028295516967773 10
v 158.13052368164062 20.028295516967773 10
v 157.28836059570312 18.52199935913086 10
v 156.6865997314453 16.909536361694336 10
v 156.6865997314453 16.909536361694336 10
v 156.32542419433594 15.205879211425781 10
v 156.2050018310547 13.425999641418457 10
v 156.2050018310547 13.425999641418457 10
v 161.05599975585938 15.140999794006348 10
v 161.31585693359375 16.268312454223633 10
v 185.40899658203125 15.140999794006348 10
v 161.05599975585938 15.140999794006348 10
v 156.2050018310547 13.425999641418457 10
v 156.2050018310547 13.425999641418457 10
v 156.2050018310547 12.543999671936035 10
v 156.32528686523438 10.764120101928711 10
v 156.32528686523438 10.764120101928711 10
v 156.6854705810547 9.060462951660156 10
v 157.28453063964844 7.447999954223633 10
v 157.28453063964844 7.447999954223633 10
v 158.12144470214844 5.941703796386719 10
v 159.1951904296875 4.556546211242676 10
v 159.1951904296875 4.556546211242676 10
v 160.50474548339844 3.307499885559082 10
v 162.04910278320312 2.2095370292663574 10
v 162.04910278320312 2.2095370292663574 10
v 163.8272247314453 1.2776296138763428 10
v 165.8380889892578 0.5267500281333923 10
v 165.8380889892578 0.5267500281333923 10
v 168.0806884765625 -0.02812962979078293 10
v 170.5540008544922 -0.37203702330589294 10
v 170.5540008544922 -0.37203702330589294 10
v 173.2570037841797 -0.49000000953674316 10
v 175.7480010986328 -0.39511922001838684 10
v 175.7480010986328 -0.39511922001838684 10
v 178.0072784423828 -0.12295370548963547 10
v 180.04196166992188 0.30778124928474426 10
v 180.04196166992188 0.30778124928474426 10
v 181.85922241210938 0.8783703446388245 10
v 183.4661865234375 1.5700984001159668 10
v 183.4661865234375 1.5700984001159668 10
v 184.8699951171875 2.3642499446868896 10
v 186.07781982421875 3.242110013961792 10
v 186.07781982421875 3.242110013961792 10
v 187.09677124023438 4.184962749481201 10
v 187.9340362548828 5.174093723297119 10
v 187.9340362548828 5.174093723297119 10
v 188.5967254638672 6.190786838531494 10
v 189.0919952392578 7.216327667236328 10
v 189.0919952392578 7.216327667236328 10
v 189.427001953125 8.232000350952148 10
v 184.625 8.232000350952148 10
v 160.95799255371094 11.661999702453613 10
v 189.91700744628906 11.661999702453613 10
v 189.94143676757812 11.87124252319336 10
v 189.94143676757812 11.87124252319336 10
v 189.96554565429688 12.082356452941895 10
v 189.9889678955078 12.295171737670898 10
v 189.9889678955078 12.295171737670898 10
v 190.01136779785156 12.50951862335205 10
v 190.03240966796875 12.725226402282715 10
v 190.03240966796875 12.725226402282715 10
v 190.05174255371094 12.94212532043457 10
v 190.0690460205078 13.16004467010498 10
v 190.0690460205078 13.16004467010498 10
v 190.08396911621094 13.378814697265625 10
v 190.09616088867188 13.598265647888184 10
v 190.09616088867188 13.598265647888184 10
v 190.10528564453125 13.81822681427002 10
v 190.1110076904297 14.038528442382812 10
v 190.1110076904297 14.038528442382812 10
v 190.11300659179688 14.258999824523926 10
v 189.66519165039062 17.544721603393555 10
v 189.66519165039062 17.544721603393555 10
v 188.31088256835938 20.471111297607422 10
v 186.03375244140625 22.93199920654297 10
v 186.03375244140625 22.93199920654297 10
v 182.81744384765625 24.82122230529785 10
v 178.64564514160156 26.032611846923828 10
v 178.64564514160156 26.032611846923828 10
v 173.5019989013672 26.459999084472656 10
v 168.22247314453125 25.99812889099121 10
v 168.22247314453125 25.99812889099121 10
v 163.89981079101562 24.69236946105957 10
v 160.53536987304688 22.662500381469727 10
v 160.53536987304688 22.662500381469727 10
v 158.13052368164062 20.028295516967773 10
v 156.6865997314453 16.909536361694336 10
v 156.6865997314453 16.909536361694336 10
v 156.2050018310547 13.425999641418457 10
v 161.31585693359375 16.268312454223633 10
v 156.2050018310547 13.425999641418457 10
v 156.32528686523438 10.764120101928711 10
v 157.28453063964844 7.447999954223633 10
v 157.28453063964844 7.447999954223633 10
v 159.1951904296875 4.556546211242676 10
v 162.04910278320312 2.2095370292663574 10
v 162.04910278320312 2.2095370292663574 10
v 165.8380889892578 0.5267500281333923 10
v 170.5540008544922 -0.37203702330589294 10
v 170.5540008544922 -0.37203702330589294 10
v 175.7480010986328 -0.39511922001838684 10
v 180.04196166992188 0.30778124928474426 10
v 180.04196166992188 0.30778124928474426 10
v 183.4661865234375 1.5700984001159668 10
v 186.07781982421875 3.242110013961792 10
v 186.07781982421875 3.242110013961792 10
v 187.9340362548828 5.174093723297119 10
v 189.0919952392578 7.216327667236328 10
v 189.0919952392578 7.216327667236328 10
v 184.625 8.232000350952148 10
v 184.3320770263672 7.73896598815918 10
v 160.95799255371094 11.661999702453613 10
v 189.94143676757812 11.87124252319336 10
v 189.9889678955078 12.295171737670898 10
v 189.9889678955078 12.295171737670898 10
v 190.03240966796875 12.725226402282715 10
v 190.0690460205078 13.16004467010498 10
v 190.0690460205078 13.16004467010498 10
v 190.09616088867188 13.598265647888184 10
v 190.1110076904297 14.038528442382812 10
v 190.1110076904297 14.038528442382812 10
v 189.66519165039062 17.544721603393555 10
v 186.03375244140625 22.93199920654297 10
v 186.03375244140625 22.93199920654297 10
v 178.64564514160156 26.032611846923828 10
v 168.22247314453125 25.99812889099121 10
v 168.22247314453125 25.99812889099121 10
v 160.53536987304688 22.662500381469727 10
v 156.6865997314453 16.909536361694336 10
v 156.6865997314453 16.909536361694336 10
v 161.31585693359375 16.268312454223633 10
v 161.70570373535156 17.31991195678711 10
v 156.2050018310547 13.425999641418457 10
v 157.28453063964844 7.447999954223633 10
v 162.04910278320312 2.2095370292663574 10
v 162.04910278320312 2.2095370292663574 10
v 170.5540008544922 -0.37203702330589294 10
v 180.04196166992188 0.30778124928474426 10
v 180.04196166992188 0.30778124928474426 10
v 186.07781982421875 3.242110013961792 10
v 189.0919952392578 7.216327667236328 10
v 189.0919952392578 7.216327667236328 10
v 184.3320770263672 7.73896598815918 10
v 183.95986938476562 7.2236433029174805 10
v 160.95799255371094 11.661999702453613 10
v 189.9889678955078 12.295171737670898 10
v 190.0690460205078 13.16004467010498 10
v 190.0690460205078 13.16004467010498 10
v 190.1110076904297 14.038528442382812 10
v 186.03375244140625 22.93199920654297 10
v 156.6865997314453 16.909536361694336 10
v 161.70570373535156 17.31991195678711 10
v 162.22894287109375 18.291547775268555 10
v 180.04196166992188 0.30778124928474426 10
v 189.0919952392578 7.216327667236328 10
v 183.95986938476562 7.2236433029174805 10
v 156.6865997314453 16.909536361694336 10
v 162.22894287109375 18.291547775268555 10
v 162.8889617919922 19.17896270751953 10
v 180.04196166992188 0.30778124928474426 10
v 183.95986938476562 7.2236433029174805 10
v 183.49647521972656 6.698452949523926 10
v 168.22247314453125 25.99812889099121 10
v 156.6865997314453 16.909536361694336 10
v 162.8889617919922 19.17896270751953 10
v 180.04196166992188 0.30778124928474426 10
v 183.49647521972656 6.698452949523926 10
v 182.92996215820312 6.175814628601074 10
v 168.22247314453125 25.99812889099121 10
v 162.8889617919922 19.17896270751953 10
v 163.68917846679688 19.977907180786133 10
v 180.04196166992188 0.30778124928474426 10
v 182.92996215820312 6.175814628601074 10
v 182.24844360351562 5.668148517608643 10
v 168.22247314453125 25.99812889099121 10
v 163.68917846679688 19.977907180786133 10
v 164.63299560546875 20.684125900268555 10
v 180.04196166992188 0.30778124928474426 10
v 182.24844360351562 5.668148517608643 10
v 181.44000244140625 5.187874794006348 10
v 168.22247314453125 25.99812889099121 10
v 164.63299560546875 20.684125900268555 10
v 165.72381591796875 21.293363571166992 10
v 180.04196166992188 0.30778124928474426 10
v 181.44000244140625 5.187874794006348 10
v 180.4927215576172 4.747413635253906 10
v 168.22247314453125 25.99812889099121 10
v 165.72381591796875 21.293363571166992 10
v 166.9650421142578 21.80137062072754 10
v 180.04196166992188 0.30778124928474426 10
v 180.4927215576172 4.747413635253906 10
v 179.3946990966797 4.359185218811035 10
v 168.22247314453125 25.99812889099121 10
v 166.9650421142578 21.80137062072754 10
v 168.3600616455078 22.203889846801758 10
v 180.04196166992188 0.30778124928474426 10
v 179.3946990966797 4.359185218811035 10
v 178.134033203125 4.035609245300293 10
v 168.22247314453125 25.99812889099121 10
v 168.3600616455078 22.203889846801758 10
v 169.91229248046875 22.496671676635742 10
v 180.04196166992188 0.30778124928474426 10
v 178.134033203125 4.035609245300293 10
v 176.69879150390625 3.7891063690185547 10
v 168.22247314453125 25.99812889099121 10
v 169.91229248046875 22.496671676635742 10
v 171.62513732910156 22.675458908081055 10
v 162.04910278320312 2.2095370292663574 10
v 180.04196166992188 0.30778124928474426 10
v 176.69879150390625 3.7891063690185547 10
v 168.22247314453125 25.99812889099121 10
v 171.62513732910156 22.675458908081055 10
v 173.5019989013672 22.736000061035156 10
v 162.04910278320312 2.2095370292663574 10
v 176.69879150390625 3.7891063690185547 10
v 175.07708740234375 3.632096529006958 10
v 186.03375244140625 22.93199920654297 10
v 168.22247314453125 25.99812889099121 10
v 173.5019989013672 22.736000061035156 10
v 162.04910278320312 2.2095370292663574 10
v 175.07708740234375 3.632096529006958 10
v 173.2570037841797 3.5769999027252197 10
v 186.03375244140625 22.93199920654297 10
v 173.5019989013672 22.736000061035156 10
v 175.386962890625 22.668909072875977 10
v 162.04910278320312 2.2095370292663574 10
v 173.2570037841797 3.5769999027252197 10
v 171.36900329589844 3.640631914138794 10
v 186.03375244140625 22.93199920654297 10
v 175.386962890625 22.668909072875977 10
v 177.0994110107422 22.47285270690918 10
v 162.04910278320312 2.2095370292663574 10
v 171.36900329589844 3.640631914138794 10
v 169.64756774902344 3.828805446624756 10
v 186.03375244140625 22.93199920654297 10
v 177.0994110107422 22.47285270690918 10
v 178.6424102783203 22.155656814575195 10
v 162.04910278320312 2.2095370292663574 10
v 169.64756774902344 3.828805446624756 10
v 168.0897979736328 4.137437343597412 10
v 186.03375244140625 22.93199920654297 10
v 178.6424102783203 22.155656814575195 10
v 180.0189971923828 21.725147247314453 10
v 162.04910278320312 2.2095370292663574 10
v 168.0897979736328 4.137437343597412 10
v 166.69281005859375 4.56244421005249 10
v 186.03375244140625 22.93199920654297 10
v 180.0189971923828 21.725147247314453 10
v 181.2322540283203 21.18915367126465 10
v 162.04910278320312 2.2095370292663574 10
v 166.69281005859375 4.56244421005249 10
v 165.45372009277344 5.099742889404297 10
v 186.03375244140625 22.93199920654297 10
v 181.2322540283203 21.18915367126465 10
v 182.28524780273438 20.555500030517578 10
v 162.04910278320312 2.2095370292663574 10
v 165.45372009277344 5.099742889404297 10
v 164.36962890625 5.745250225067139 10
v 186.03375244140625 22.93199920654297 10
v 182.28524780273438 20.555500030517578 10
v 183.1810302734375 19.832012176513672 10
v 162.04910278320312 2.2095370292663574 10
v 164.36962890625 5.745250225067139 10
v 163.43763732910156 6.494882106781006 10
v 190.0690460205078 13.16004467010498 10
v 186.03375244140625 22.93199920654297 10
v 183.1810302734375 19.832012176513672 10
v 156.2050018310547 13.425999641418457 10
v 162.04910278320312 2.2095370292663574 10
v 163.43763732910156 6.494882106781006 10
v 190.0690460205078 13.16004467010498 10
v 183.1810302734375 19.832012176513672 10
v 183.92266845703125 19.026517868041992 10
v 156.2050018310547 13.425999641418457 10
v 163.43763732910156 6.494882106781006 10
v 162.65484619140625 7.344555377960205 10
v 190.0690460205078 13.16004467010498 10
v 183.92266845703125 19.026517868041992 10
v 184.51321411132812 18.14684295654297 10
v 156.2050018310547 13.425999641418457 10
v 162.65484619140625 7.344555377960205 10
v 162.0183868408203 8.29018783569336 10
v 190.0690460205078 13.16004467010498 10
v 184.51321411132812 18.14684295654297 10
v 184.95574951171875 17.200815200805664 10
v 156.2050018310547 13.425999641418457 10
v 162.0183868408203 8.29018783569336 10
v 161.52536010742188 9.3276948928833 10
v 190.0690460205078 13.16004467010498 10
v 184.95574951171875 17.200815200805664 10
v 185.25332641601562 16.196258544921875 10
v 156.2050018310547 13.425999641418457 10
v 161.52536010742188 9.3276948928833 10
v 161.1728515625 10.452993392944336 10
v 190.0690460205078 13.16004467010498 10
v 185.25332641601562 16.196258544921875 10
v 185.40899658203125 15.140999794006348 10
v 156.2050018310547 13.425999641418457 10
v 161.1728515625 10.452993392944336 10
v 160.95799255371094 11.661999702453613 10
v 160.95799255371094 11.661999702453613 10
v 190.0690460205078 13.16004467010498 10
v 185.40899658203125 15.140999794006348 10
v 185.40899658203125 15.140999794006348 10
v 156.2050018310547 13.425999641418457 10
v 160.95799255371094 11.661999702453613 10
v 190.0013885498047 15.940142631530762 0
v 189.66519165039062 17.544721603393555 0
v 190.0013885498047 15.940142631530762 10
v 189.66519165039062 17.544721603393555 0
v 189.66519165039062 17.544721603393555 10
v 190.0013885498047 15.940142631530762 10
v 189.66519165039062 17.544721603393555 0
v 189.1023712158203 19.05946922302246 0
v 189.66519165039062 17.544721603393555 10
v 189.1023712158203 19.05946922302246 0
v 189.1023712158203 19.05946922302246 10
v 189.66519165039062 17.544721603393555 10
v 189.1023712158203 19.05946922302246 0
v 188.31088256835938 20.471111297607422 0
v 189.1023712158203 19.05946922302246 10
v 188.31088256835938 20.471111297607422 0
v 188.31088256835938 20.471111297607422 10
v 189.1023712158203 19.05946922302246 10
v 188.31088256835938 20.471111297607422 0
v 187.2886962890625 21.76637840270996 0
v 188.31088256835938 20.471111297607422 10
v 187.2886962890625 21.76637840270996 0
v 187.2886962890625 21.76637840270996 10
v 188.31088256835938 20.471111297607422 10
v 187.2886962890625 21.76637840270996 0
v 186.03375244140625 22.93199920654297 0
v 187.2886962890625 21.76637840270996 10
v 186.03375244140625 22.93199920654297 0
v 186.03375244140625 22.93199920654297 10
v 187.2886962890625 21.76637840270996 10
v 186.03375244140625 22.93199920654297 0
v 184.54400634765625 23.95470428466797 0
v 186.03375244140625 22.93199920654297 10
v 184.54400634765625 23.95470428466797 0
v 184.54400634765625 23.95470428466797 10
v 186.03375244140625 22.93199920654297 10
v 184.54400634765625 23.95470428466797 0
v 182.81744384765625 24.82122230529785 0
v 184.54400634765625 23.95470428466797 10
v 182.81744384765625 24.82122230529785 0
v 182.81744384765625 24.82122230529785 10
v 184.54400634765625 23.95470428466797 10
v 182.81744384765625 24.82122230529785 0
v 180.8520050048828 25.518281936645508 0
v 182.81744384765625 24.82122230529785 10
v 180.8520050048828 25.518281936645508 0
v 180.8520050048828 25.518281936645508 10
v 182.81744384765625 24.82122230529785 10
v 180.8520050048828 25.518281936645508 0
v 178.64564514160156 26.032611846923828 0
v 180.8520050048828 25.518281936645508 10
v 178.64564514160156 26.032611846923828 0
v 178.64564514160156 26.032611846923828 10
v 180.8520050048828 25.518281936645508 10
v 178.64564514160156 26.032611846923828 0
v 176.19631958007812 26.350940704345703 0
v 178.64564514160156 26.032611846923828 10
v 176.19631958007812 26.350940704345703 0
v 176.19631958007812 26.350940704345703 10
v 178.64564514160156 26.032611846923828 10
v 176.19631958007812 26.350940704345703 0
v 173.5019989013672 26.459999084472656 0
v 176.19631958007812 26.350940704345703 10
v 173.5019989013672 26.459999084472656 0
v 173.5019989013672 26.459999084472656 10
v 176.19631958007812 26.350940704345703 10
v 173.5019989013672 26.459999084472656 0
v 170.7427215576172 26.342037200927734 0
v 173.5019989013672 26.459999084472656 10
v 170.7427215576172 26.342037200927734 0
v 170.7427215576172 26.342037200927734 10
v 173.5019989013672 26.459999084472656 10
v 170.7427215576172 26.342037200927734 0
v 168.22247314453125 25.99812889099121 0
v 170.7427215576172 26.342037200927734 10
v 168.22247314453125 25.99812889099121 0
v 168.22247314453125 25.99812889099121 10
v 170.7427215576172 26.342037200927734 10
v 168.22247314453125 25.99812889099121 0
v 165.9414520263672 25.44325065612793 0
v 168.22247314453125 25.99812889099121 10
v 165.9414520263672 25.44325065612793 0
v 165.9414520263672 25.44325065612793 10
v 168.22247314453125 25.99812889099121 10
v 165.9414520263672 25.44325065612793 0
v 163.89981079101562 24.69236946105957 0
v 165.9414520263672 25.44325065612793 10
v 163.89981079101562 24.69236946105957 0
v 163.89981079101562 24.69236946105957 10
v 165.9414520263672 25.44325065612793 10
v 163.89981079101562 24.69236946105957 0
v 162.0977325439453 23.76046371459961 0
v 163.89981079101562 24.69236946105957 10
v 162.0977325439453 23.76046371459961 0
v 162.0977325439453 23.76046371459961 10
v 163.89981079101562 24.69236946105957 10
v 162.0977325439453 23.76046371459961 0
v 160.53536987304688 22.662500381469727 0
v 162.0977325439453 23.76046371459961 10
v 160.53536987304688 22.662500381469727 0
v 160.53536987304688 22.662500381469727 10
v 162.0977325439453 23.76046371459961 10
v 160.53536987304688 22.662500381469727 0
v 159.21292114257812 21.413454055786133 0
v 160.53536987304688 22.662500381469727 10
v 159.21292114257812 21.413454055786133 0
v 159.21292114257812 21.413454055786133 10
v 160.53536987304688 22.662500381469727 10
v 159.21292114257812 21.413454055786133 0
v 158.13052368164062 20.028295516967773 0
v 159.21292114257812 21.413454055786133 10
v 158.13052368164062 20.028295516967773 0
v 158.13052368164062 20.028295516967773 10
v 159.21292114257812 21.413454055786133 10
v 158.13052368164062 20.028295516967773 0
v 157.28836059570312 18.52199935913086 0
v 158.13052368164062 20.028295516967773 10
v 157.28836059570312 18.52199935913086 0
v 157.28836059570312 18.52199935913086 10
v 158.13052368164062 20.028295516967773 10
v 157.28836059570312 18.52199935913086 0
v 156.6865997314453 16.909536361694336 0
v 157.28836059570312 18.52199935913086 10
v 156.6865997314453 16.909536361694336 0
v 156.6865997314453 16.909536361694336 10
v 157.28836059570312 18.52199935913086 10
v 156.6865997314453 16.909536361694336 0
v 156.32542419433594 15.205879211425781 0
v 156.6865997314453 16.909536361694336 10
v 156.32542419433594 15.205879211425781 0
v 156.32542419433594 15.205879211425781 10
v 156.6865997314453 16.909536361694336 10
v 156.32542419433594 15.205879211425781 0
v 156.2050018310547 13.425999641418457 0
v 156.32542419433594 15.205879211425781 10
v 156.2050018310547 13.425999641418457 0
v 156.2050018310547 13.425999641418457 10
v 156.32542419433594 15.205879211425781 10
v 156.2050018310547 13.425999641418457 0
v 156.2050018310547 12.543999671936035 0
v 156.2050018310547 13.425999641418457 10
v 156.2050018310547 12.543999671936035 0
v 156.2050018310547 12.543999671936035 10
v 156.2050018310547 13.425999641418457 10
v 156.2050018310547 12.543999671936035 0
v 156.32528686523438 10.764120101928711 0
v 156.2050018310547 12.543999671936035 10
v 156.32528686523438 10.764120101928711 0
v 156.32528686523438 10.764120101928711 10
v 156.2050018310547 12.543999671936035 10
v 156.32528686523438 10.764120101928711 0
v 156.6854705810547 9.060462951660156 0
v 156.32528686523438 10.764120101928711 10
v 156.6854705810547 9.060462951660156 0
v 156.6854705810547 9.060462951660156 10
v 156.32528686523438 10.764120101928711 10
v 156.6854705810547 9.060462951660156 0
v 157.28453063964844 7.447999954223633 0
v 156.6854705810547 9.060462951660156 10
v 157.28453063964844 7.447999954223633 0
v 157.28453063964844 7.447999954223633 10
v 156.6854705810547 9.060462951660156 10
v 157.28453063964844 7.447999954223633 0
v 158.12144470214844 5.941703796386719 0
v 157.28453063964844 7.447999954223633 10
v 158.12144470214844 5.941703796386719 0
v 158.12144470214844 5.941703796386719 10
v 157.28453063964844 7.447999954223633 10
v 158.12144470214844 5.941703796386719 0
v 159.1951904296875 4.556546211242676 0
v 158.12144470214844 5.941703796386719 10
v 159.1951904296875 4.556546211242676 0
v 159.1951904296875 4.556546211242676 10
v 158.12144470214844 5.941703796386719 10
v 159.1951904296875 4.556546211242676 0
v 160.50474548339844 3.307499885559082 0
v 159.1951904296875 4.556546211242676 10
v 160.50474548339844 3.307499885559082 0
v 160.50474548339844 3.307499885559082 10
v 159.1951904296875 4.556546211242676 10
v 160.50474548339844 3.307499885559082 0
v 162.04910278320312 2.2095370292663574 0
v 160.50474548339844 3.307499885559082 10
v 162.04910278320312 2.2095370292663574 0
v 162.04910278320312 2.2095370292663574 10
v 160.50474548339844 3.307499885559082 10
v 162.04910278320312 2.2095370292663574 0
v 163.8272247314453 1.2776296138763428 0
v 162.04910278320312 2.2095370292663574 10
v 163.8272247314453 1.2776296138763428 0
v 163.8272247314453 1.2776296138763428 10
v 162.04910278320312 2.2095370292663574 10
v 163.8272247314453 1.2776296138763428 0
v 165.8380889892578 0.5267500281333923 0
v 163.8272247314453 1.2776296138763428 10
v 165.8380889892578 0.5267500281333923 0
v 165.8380889892578 0.5267500281333923 10
v 163.8272247314453 1.2776296138763428 10
v 165.8380889892578 0.5267500281333923 0
v 168.0806884765625 -0.02812962979078293 0
v 165.8380889892578 0.5267500281333923 10
v 168.0806884765625 -0.02812962979078293 0
v 168.0806884765625 -0.02812962979078293 10
v 165.8380889892578 0.5267500281333923 10
v 168.0806884765625 -0.02812962979078293 0
v 170.5540008544922 -0.37203702330589294 0
v 168.0806884765625 -0.02812962979078293 10
v 170.5540008544922 -0.37203702330589294 0
v 170.5540008544922 -0.37203702330589294 10
v 168.0806884765625 -0.02812962979078293 10
v 170.5540008544922 -0.37203702330589294 0
v 173.2570037841797 -0.49000000953674316 0
v 170.5540008544922 -0.37203702330589294 10
v 173.2570037841797 -0.49000000953674316 0
v 173.2570037841797 -0.49000000953674316 10
v 170.5540008544922 -0.37203702330589294 10
v 173.2570037841797 -0.49000000953674316 0
v 175.7480010986328 -0.39511922001838684 0
v 173.2570037841797 -0.49000000953674316 10
v 175.7480010986328 -0.39511922001838684 0
v 175.7480010986328 -0.39511922001838684 10
v 173.2570037841797 -0.49000000953674316 10
v 175.7480010986328 -0.39511922001838684 0
v 178.0072784423828 -0.12295370548963547 0
v 175.7480010986328 -0.39511922001838684 10
v 178.0072784423828 -0.12295370548963547 0
v 178.0072784423828 -0.12295370548963547 10
v 175.7480010986328 -0.39511922001838684 10
v 178.0072784423828 -0.12295370548963547 0
v 180.04196166992188 0.30778124928474426 0
v 178.0072784423828 -0.12295370548963547 10
v 180.04196166992188 0.30778124928474426 0
v 180.04196166992188 0.30778124928474426 10
v 178.0072784423828 -0.12295370548963547 10
v 180.04196166992188 0.30778124928474426 0
v 181.85922241210938 0.8783703446388245 0
v 180.04196166992188 0.30778124928474426 10
v 181.85922241210938 0.8783703446388245 0
v 181.85922241210938 0.8783703446388245 10
v 180.04196166992188 0.30778124928474426 10
v 181.85922241210938 0.8783703446388245 0
v 183.4661865234375 1.5700984001159668 0
v 181.85922241210938 0.8783703446388245 10
v 183.4661865234375 1.5700984001159668 0
v 183.4661865234375 1.5700984001159668 10
v 181.85922241210938 0.8783703446388245 10
v 183.4661865234375 1.5700984001159668 0
v 184.8699951171875 2.3642499446868896 0
v 183.4661865234375 1.5700984001159668 10
v 184.8699951171875 2.3642499446868896 0
v 184.8699951171875 2.3642499446868896 10
v 183.4661865234375 1.5700984001159668 10
v 184.8699951171875 2.3642499446868896 0
v 186.07781982421875 3.242110013961792 0
v 184.8699951171875 2.3642499446868896 10
v 186.07781982421875 3.242110013961792 0
v 186.07781982421875 3.242110013961792 10
v 184.8699951171875 2.3642499446868896 10
v 186.07781982421875 3.242110013961792 0
v 187.09677124023438 4.184962749481201 0
v 186.07781982421875 3.242110013961792 10
v 187.09677124023438 4.184962749481201 0
v 187.09677124023438 4.184962749481201 10
v 186.07781982421875 3.242110013961792 10
v 187.09677124023438 4.184962749481201 0
v 187.9340362548828 5.174093723297119 0
v 187.09677124023438 4.184962749481201 10
v 187.9340362548828 5.174093723297119 0
v 187.9340362548828 5.174093723297119 10
v 187.09677124023438 4.184962749481201 10
v 187.9340362548828 5.174093723297119 0
v 188.5967254638672 6.190786838531494 0
v 187.9340362548828 5.174093723297119 10
v 188.5967254638672 6.190786838531494 0
v 188.5967254638672 6.190786838531494 10
v 187.9340362548828 5.174093723297119 10
v 188.5967254638672 6.190786838531494 0
v 189.0919952392578 7.216327667236328 0
v 188.5967254638672 6.190786838531494 10
v 189.0919952392578 7.216327667236328 0
v 189.0919952392578 7.216327667236328 10
v 188.5967254638672 6.190786838531494 10
v 189.0919952392578 7.216327667236328 0
v 189.427001953125 8.232000350952148 0
v 189.0919952392578 7.216327667236328 10
v 189.427001953125 8.232000350952148 0
v 189.427001953125 8.232000350952148 10
v 189.0919952392578 7.216327667236328 10
v 189.427001953125 8.232000350952148 0
v 184.625 8.232000350952148 0
v 189.427001953125 8.232000350952148 10
v 184.625 8.232000350952148 0
v 184.625 8.232000350952148 10
v 189.427001953125 8.232000350952148 10
v 184.625 8.232000350952148 0
v 184.3320770263672 7.73896598815918 0
v 184.625 8.232000350952148 10
v 184.3320770263672 7.73896598815918 0
v 184.3320770263672 7.73896598815918 10
v 184.625 8.232000350952148 10
v 184.3320770263672 7.73896598815918 0
v 183.95986938476562 7.2236433029174805 0
v 184.3320770263672 7.73896598815918 10
v 183.95986938476562 7.2236433029174805 0
v 183.95986938476562 7.2236433029174805 10
v 184.3320770263672 7.73896598815918 10
v 183.95986938476562 7.2236433029174805 0
v 183.49647521972656 6.698452949523926 0
v 183.95986938476562 7.2236433029174805 10
v 183.49647521972656 6.698452949523926 0
v 183.49647521972656 6.698452949523926 10
v 183.95986938476562 7.2236433029174805 10
v 183.49647521972656 6.698452949523926 0
v 182.92996215820312 6.175814628601074 0
v 183.49647521972656 6.698452949523926 10
v 182.92996215820312 6.175814628601074 0
v 182.92996215820312 6.175814628601074 10
v 183.49647521972656 6.698452949523926 10
v 182.92996215820312 6.175814628601074 0
v 182.24844360351562 5.668148517608643 0
v 182.92996215820312 6.175814628601074 10
v 182.24844360351562 5.668148517608643 0
v 182.24844360351562 5.668148517608643 10
v 182.92996215820312 6.175814628601074 10
v 182.24844360351562 5.668148517608643 0
v 181.44000244140625 5.187874794006348 0
v 182.24844360351562 5.668148517608643 10
v 181.44000244140625 5.187874794006348 0
v 181.44000244140625 5.187874794006348 10
v 182.24844360351562 5.668148517608643 10
v 181.44000244140625 5.187874794006348 0
v 180.4927215576172 4.747413635253906 0
v 181.44000244140625 5.187874794006348 10
v 180.4927215576172 4.747413635253906 0
v 180.4927215576172 4.747413635253906 10
v 181.44000244140625 5.187874794006348 10
v 180.4927215576172 4.747413635253906 0
v 179.3946990966797 4.359185218811035 0
v 180.4927215576172 4.747413635253906 10
v 179.3946990966797 4.359185218811035 0
v 179.3946990966797 4.359185218811035 10
v 180.4927215576172 4.747413635253906 10
v 179.3946990966797 4.359185218811035 0
v 178.134033203125 4.035609245300293 0
v 179.3946990966797 4.359185218811035 10
v 178.134033203125 4.035609245300293 0
v 178.134033203125 4.035609245300293 10
v 179.3946990966797 4.359185218811035 10
v 178.134033203125 4.035609245300293 0
v 176.69879150390625 3.7891063690185547 0
v 178.134033203125 4.035609245300293 10
v 176.69879150390625 3.7891063690185547 0
v 176.69879150390625 3.7891063690185547 10
v 178.134033203125 4.035609245300293 10
v 176.69879150390625 3.7891063690185547 0
v 175.07708740234375 3.632096529006958 0
v 176.69879150390625 3.7891063690185547 10
v 175.07708740234375 3.632096529006958 0
v 175.07708740234375 3.632096529006958 10
v 176.69879150390625 3.7891063690185547 10
v 175.07708740234375 3.632096529006958 0
v 173.2570037841797 3.5769999027252197 0
v 175.07708740234375 3.632096529006958 10
v 173.2570037841797 3.5769999027252197 0
v 173.2570037841797 3.5769999027252197 10
v 175.07708740234375 3.632096529006958 10
v 173.2570037841797 3.5769999027252197 0
v 171.36900329589844 3.640631914138794 0
v 173.2570037841797 3.5769999027252197 10
v 171.36900329589844 3.640631914138794 0
v 171.36900329589844 3.640631914138794 10
v 173.2570037841797 3.5769999027252197 10
v 171.36900329589844 3.640631914138794 0
v 169.64756774902344 3.828805446624756 0
v 171.36900329589844 3.640631914138794 10
v 169.64756774902344 3.828805446624756 0
v 169.64756774902344 3.828805446624756 10
v 171.36900329589844 3.640631914138794 10
v 169.64756774902344 3.828805446624756 0
v 168.0897979736328 4.137437343597412 0
v 169.64756774902344 3.828805446624756 10
v 168.0897979736328 4.137437343597412 0
v 168.0897979736328 4.137437343597412 10
v 169.64756774902344 3.828805446624756 10
v 168.0897979736328 4.137437343597412 0
v 166.69281005859375 4.56244421005249 0
v 168.0897979736328 4.137437343597412 10
v 166.69281005859375 4.56244421005249 0
v 166.69281005859375 4.56244421005249 10
v 168.0897979736328 4.137437343597412 10
v 166.69281005859375 4.56244421005249 0
v 165.45372009277344 5.099742889404297 0
v 166.69281005859375 4.56244421005249 10
v 165.45372009277344 5.099742889404297 0
v 165.45372009277344 5.099742889404297 10
v 166.69281005859375 4.56244421005249 10
v 165.45372009277344 5.099742889404297 0
v 164.36962890625 5.745250225067139 0
v 165.45372009277344 5.099742889404297 10
v 164.36962890625 5.745250225067139 0
v 164.36962890625 5.745250225067139 10
v 165.45372009277344 5.099742889404297 10
v 164.36962890625 5.745250225067139 0
v 163.43763732910156 6.494882106781006 0
v 164.36962890625 5.745250225067139 10
v 163.43763732910156 6.494882106781006 0
v 163.43763732910156 6.494882106781006 10
v 164.36962890625 5.745250225067139 10
v 163.43763732910156 6.494882106781006 0
v 162.65484619140625 7.344555377960205 0
v 163.43763732910156 6.494882106781006 10
v 162.65484619140625 7.344555377960205 0
v 162.65484619140625 7.344555377960205 10
v 163.43763732910156 6.494882106781006 10
v 162.65484619140625 7.344555377960205 0
v 162.0183868408203 8.29018783569336 0
v 162.65484619140625 7.344555377960205 10
v 162.0183868408203 8.29018783569336 0
v 162.0183868408203 8.29018783569336 10
v 162.65484619140625 7.344555377960205 10
v 162.0183868408203 8.29018783569336 0
v 161.52536010742188 9.3276948928833 0
v 162.0183868408203 8.29018783569336 10
v 161.52536010742188 9.3276948928833 0
v 161.52536010742188 9.3276948928833 10
v 162.0183868408203 8.29018783569336 10
v 161.52536010742188 9.3276948928833 0
v 161.1728515625 10.452993392944336 0
v 161.52536010742188 9.3276948928833 10
v 161.1728515625 10.452993392944336 0
v 161.1728515625 10.452993392944336 10
v 161.52536010742188 9.3276948928833 10
v 161.1728515625 10.452993392944336 0
v 160.95799255371094 11.661999702453613 0
v 161.1728515625 10.452993392944336 10
v 160.95799255371094 11.661999702453613 0
v 160.95799255371094 11.661999702453613 10
v 161.1728515625 10.452993392944336 10
v 160.95799255371094 11.661999702453613 0
v 189.91700744628906 11.661999702453613 0
v 160.95799255371094 11.661999702453613 10
v 189.91700744628906 11.661999702453613 0
v 189.91700744628906 11.661999702453613 10
v 160.95799255371094 11.661999702453613 10
v 189.91700744628906 11.661999702453613 0
v 189.94143676757812 11.87124252319336 0
v 189.91700744628906 11.661999702453613 10
v 189.94143676757812 11.87124252319336 0
v 189.94143676757812 11.87124252319336 10
v 189.91700744628906 11.661999702453613 10
v 189.94143676757812 11.87124252319336 0
v 189.96554565429688 12.082356452941895 0
v 189.94143676757812 11.87124252319336 10
v 189.96554565429688 12.082356452941895 0
v 189.96554565429688 12.082356452941895 10
v 189.94143676757812 11.87124252319336 10
v 189.96554565429688 12.082356452941895 0
v 189.9889678955078 12.295171737670898 0
v 189.96554565429688 12.082356452941895 10
v 189.9889678955078 12.295171737670898 0
v 189.9889678955078 12.295171737670898 10
v 189.96554565429688 12.082356452941895 10
v 189.9889678955078 12.295171737670898 0
v 190.01136779785156 12.50951862335205 0
v 189.9889678955078 12.295171737670898 10
v 190.01136779785156 12.50951862335205 0
v 190.01136779785156 12.50951862335205 10
v 189.9889678955078 12.295171737670898 10
v 190.01136779785156 12.50951862335205 0
v 190.03240966796875 12.725226402282715 0
v 190.01136779785156 12.50951862335205 10
v 190.03240966796875 12.725226402282715 0
v 190.03240966796875 12.725226402282715 10
v 190.01136779785156 12.50951862335205 10
v 190.03240966796875 12.725226402282715 0
v 190.05174255371094 12.94212532043457 0
v 190.03240966796875 12.725226402282715 10
v 190.05174255371094 12.94212532043457 0
v 190.05174255371094 12.94212532043457 10
v 190.03240966796875 12.725226402282715 10
v 190.05174255371094 12.94212532043457 0
v 190.0690460205078 13.16004467010498 0
v 190.05174255371094 12.94212532043457 10
v 190.0690460205078 13.16004467010498 0
v 190.0690460205078 13.16004467010498 10
v 190.05174255371094 12.94212532043457 10
v 190.0690460205078 13.16004467010498 0
v 190.08396911621094 13.378814697265625 0
v 190.0690460205078 13.16004467010498 10
v 190.08396911621094 13.378814697265625 0
v 190.08396911621094 13.378814697265625 10
v 190.0690460205078 13.16004467010498 10
v 190.08396911621094 13.378814697265625 0
v 190.09616088867188 13.598265647888184 0
v 190.08396911621094 13.378814697265625 10
v 190.09616088867188 13.598265647888184 0
v 190.09616088867188 13.598265647888184 10
v 190.08396911621094 13.378814697265625 10
v 190.09616088867188 13.598265647888184 0
v 190.10528564453125 13.81822681427002 0
v 190.09616088867188 13.598265647888184 10
v 190.10528564453125 13.81822681427002 0
v 190.10528564453125 13.81822681427002 10
v 190.09616088867188 13.598265647888184 10
v 190.10528564453125 13.81822681427002 0
v 190.1110076904297 14.038528442382812 0
v 190.10528564453125 13.81822681427002 10
v 190.1110076904297 14.038528442382812 0
v 190.1110076904297 14.038528442382812 10
v 190.10528564453125 13.81822681427002 10
v 190.1110076904297 14.038528442382812 0
v 190.11300659179688 14.258999824523926 0
v 190.1110076904297 14.038528442382812 10
v 190.11300659179688 14.258999824523926 0
v 190.11300659179688 14.258999824523926 10
v 190.1110076904297 14.038528442382812 10
v 190.11300659179688 14.258999824523926 0
v 190.0013885498047 15.940142631530762 0
v 190.11300659179688 14.258999824523926 10
v 190.0013885498047 15.940142631530762 0
v 190.0013885498047 15.940142631530762 10
v 190.11300659179688 14.258999824523926 10
v 175.386962890625 22.668909072875977 0
v 177.0994110107422 22.47285270690918 0
v 175.386962890625 22.668909072875977 10
v 177.0994110107422 22.47285270690918 0
v 177.0994110107422 22.47285270690918 10
v 175.386962890625 22.668909072875977 10
v 177.0994110107422 22.47285270690918 0
v 178.6424102783203 22.155656814575195 0
v 177.0994110107422 22.47285270690918 10
v 178.6424102783203 22.155656814575195 0
v 178.6424102783203 22.155656814575195 10
v 177.0994110107422 22.47285270690918 10
v 178.6424102783203 22.155656814575195 0
v 180.0189971923828 21.725147247314453 0
v 178.6424102783203 22.155656814575195 10
v 180.0189971923828 21.725147247314453 0
v 180.0189971923828 21.725147247314453 10
v 178.6424102783203 22.155656814575195 10
v 180.0189971923828 21.725147247314453 0
v 181.2322540283203 21.18915367126465 0
v 180.0189971923828 21.725147247314453 10
v 181.2322540283203 21.18915367126465 0
v 181.2322540283203 21.18915367126465 10
v 180.0189971923828 21.725147247314453 10
v 181.2322540283203 21.18915367126465 0
v 182.28524780273438 20.555500030517578 0
v 181.2322540283203 21.18915367126465 10
v 182.28524780273438 20.555500030517578 0
v 182.28524780273438 20.555500030517578 10
v 181.2322540283203 21.18915367126465 10
v 182.28524780273438 20.555500030517578 0
v 183.1810302734375 19.832012176513672 0
v 182.28524780273438 20.555500030517578 10
v 183.1810302734375 19.832012176513672 0
v 183.1810302734375 19.832012176513672 10
v 182.28524780273438 20.555500030517578 10
v 183.1810302734375 19.832012176513672 0
v 183.92266845703125 19.026517868041992 0
v 183.1810302734375 19.832012176513672 10
v 183.92266845703125 19.026517868041992 0
v 183.92266845703125 19.026517868041992 10
v 183.1810302734375 19.832012176513672 10
v 183.92266845703125 19.026517868041992 0
v 184.51321411132812 18.14684295654297 0
v 183.92266845703125 19.026517868041992 10
v 184.51321411132812 18.14684295654297 0
v 184.51321411132812 18.14684295654297 10
v 183.92266845703125 19.026517868041992 10
v 184.51321411132812 18.14684295654297 0
v 184.95574951171875 17.200815200805664 0
v 184.51321411132812 18.14684295654297 10
v 184.95574951171875 17.200815200805664 0
v 184.95574951171875 17.200815200805664 10
v 184.51321411132812 18.14684295654297 10
v 184.95574951171875 17.200815200805664 0
v 185.25332641601562 16.196258544921875 0
v 184.95574951171875 17.200815200805664 10
v 185.25332641601562 16.196258544921875 0
v 185.25332641601562 16.196258544921875 10
v 184.95574951171875 17.200815200805664 10
v 185.25332641601562 16.196258544921875 0
v 185.40899658203125 15.140999794006348 0
v 185.25332641601562 16.196258544921875 10
v 185.40899658203125 15.140999794006348 0
v 185.40899658203125 15.140999794006348 10
v 185.25332641601562 16.196258544921875 10
v 185.40899658203125 15.140999794006348 0
v 161.05599975585938 15.140999794006348 0
v 185.40899658203125 15.140999794006348 10
v 161.05599975585938 15.140999794006348 0
v 161.05599975585938 15.140999794006348 10
v 185.40899658203125 15.140999794006348 10
v 161.05599975585938 15.140999794006348 0
v 161.31585693359375 16.268312454223633 0
v 161.05599975585938 15.140999794006348 10
v 161.31585693359375 16.268312454223633 0
v 161.31585693359375 16.268312454223633 10
v 161.05599975585938 15.140999794006348 10
v 161.31585693359375 16.268312454223633 0
v 161.70570373535156 17.31991195678711 0
v 161.31585693359375 16.268312454223633 10
v 161.70570373535156 17.31991195678711 0
v 161.70570373535156 17.31991195678711 10
v 161.31585693359375 16.268312454223633 10
v 161.70570373535156 17.31991195678711 0
v 162.22894287109375 18.291547775268555 0
v 161.70570373535156 17.31991195678711 10
v 162.22894287109375 18.291547775268555 0
v 162.22894287109375 18.291547775268555 10
v 161.70570373535156 17.31991195678711 10
v 162.22894287109375 18.291547775268555 0
v 162.8889617919922 19.17896270751953 0
v 162.22894287109375 18.291547775268555 10
v 162.8889617919922 19.17896270751953 0
v 162.8889617919922 19.17896270751953 10
v 162.22894287109375 18.291547775268555 10
v 162.8889617919922 19.17896270751953 0
v 163.68917846679688 19.977907180786133 0
v 162.8889617919922 19.17896270751953 10
v 163.68917846679688 19.977907180786133 0
v 163.68917846679688 19.977907180786133 10
v 162.8889617919922 19.17896270751953 10
v 163.68917846679688 19.977907180786133 0
v 164.63299560546875 20.684125900268555 0
v 163.68917846679688 19.977907180786133 10
v 164.63299560546875 20.684125900268555 0
v 164.63299560546875 20.684125900268555 10
v 163.68917846679688 19.977907180786133 10
v 164.63299560546875 20.684125900268555 0
v 165.72381591796875 21.293363571166992 0
v 164.63299560546875 20.684125900268555 10
v 165.72381591796875 21.293363571166992 0
v 165.72381591796875 21.293363571166992 10
v 164.63299560546875 20.684125900268555 10
v 165.72381591796875 21.293363571166992 0
v 166.9650421142578 21.80137062072754 0
v 165.72381591796875 21.293363571166992 10
v 166.9650421142578 21.80137062072754 0
v 166.9650421142578 21.80137062072754 10
v 165.72381591796875 21.293363571166992 10
v 166.9650421142578 21.80137062072754 0
v 168.3600616455078 22.203889846801758 0
v 166.9650421142578 21.80137062072754 10
v 168.3600616455078 22.203889846801758 0
v 168.3600616455078 22.203889846801758 10
v 166.9650421142578 21.80137062072754 10
v 168.3600616455078 22.203889846801758 0
v 169.91229248046875 22.496671676635742 0
v 168.3600616455078 22.203889846801758 10
v 169.91229248046875 22.496671676635742 0
v 169.91229248046875 22.496671676635742 10
v 168.3600616455078 22.203889846801758 10
v 169.91229248046875 22.496671676635742 0
v 171.62513732910156 22.675458908081055 0
v 169.91229248046875 22.496671676635742 10
v 171.62513732910156 22.675458908081055 0
v 171.62513732910156 22.675458908081055 10
v 169.91229248046875 22.496671676635742 10
v 171.62513732910156 22.675458908081055 0
v 173.5019989013672 22.736000061035156 0
v 171.62513732910156 22.675458908081055 10
v 173.5019989013672 22.736000061035156 0
v 173.5019989013672 22.736000061035156 10
v 171.62513732910156 22.675458908081055 10
v 173.5019989013672 22.736000061035156 0
v 175.386962890625 22.668909072875977 0
v 173.5019989013672 22.736000061035156 10
v 175.386962890625 22.668909072875977 0
v 175.386962890625 22.668909072875977 10
v 173.5019989013672 22.736000061035156 10
vt 2.245067596435547 10.750395774841309
vt 2.009000062942505 12.739999771118164
vt 7.056000232696533 12.739999771118164
vt 3.3297030925750732 7.199937343597412
vt 2.6766250133514404 8.901666641235352
vt 2.245067596435547 10.750395774841309
vt 5.404546737670898 4.261979103088379
vt 4.23033332824707 5.651333332061768
vt 3.3297030925750732 7.199937343597412
vt 8.677848815917969 1.985520839691162
vt 6.878375053405762 3.0380001068115234
vt 5.404546737670898 4.261979103088379
vt 13.35785961151123 0.4195624887943268
vt 10.829000473022461 1.1106666326522827
vt 8.677848815917969 1.985520839691162
vt 19.652828216552734 -0.3868958353996277
vt 16.29045867919922 -0.08166666328907013
vt 13.35785961151123 0.4195624887943268
vt 27.208101272583008 -0.39701908826828003
vt 23.47100067138672 -0.49000000953674316
vt 19.652828216552734 -0.3868958353996277
vt 33.36134338378906 0.3116093873977661
vt 30.497055053710938 -0.12590277194976807
vt 27.208101272583008 -0.39701908826828003
vt 37.90983581542969 1.6388628482818604
vt 35.82444381713867 0.9037777781486511
vt 33.36134338378906 0.3116093873977661
vt 41.041412353515625 3.4908246994018555
vt 39.64099884033203 2.505125045776367
vt 37.90983581542969 1.6388628482818604
vt 42.943904876708984 5.77357816696167
vt 42.13455581665039 4.584222316741943
vt 41.041412353515625 3.4908246994018555
vt 43.80514907836914 8.393206596374512
vt 43.492942810058594 7.047152996063232
vt 42.943904876708984 5.77357816696167
vt 43.822105407714844 11.176735877990723
vt 43.90399932861328 9.800000190734863
vt 43.80514907836914 8.393206596374512
vt 43.07099914550781 13.657984733581543
vt 43.55510330200195 12.463467597961426
vt 43.822105407714844 11.176735877990723
vt 41.32355880737305 15.76152515411377
vt 42.33781433105469 14.758073806762695
vt 43.07099914550781 13.657984733581543
vt 38.32389831542969 17.469661712646484
vt 39.99625015258789 16.66612434387207
vt 41.32355880737305 15.76152515411377
vt 33.816123962402344 18.76470375061035
vt 36.27451705932617 18.169925689697266
vt 38.32389831542969 17.469661712646484
vt 27.54435157775879 19.628952026367188
vt 30.916730880737305 19.251781463623047
vt 33.816123962402344 18.76470375061035
vt 20.5654239654541 20.096040725708008
vt 23.66699981689453 19.893999099731445
vt 27.54435157775879 19.628952026367188
vt 42.630001068115234 23.128000259399414
vt 37.63199996948242 23.128000259399414
vt 37.453922271728516 24.53127670288086
vt 41.958744049072266 26.856990814208984
vt 42.39194869995117 25.05391502380371
vt 42.630001068115234 23.128000259399414
vt 40.42863082885742 30.060592651367188
vt 41.310829162597656 28.528718948364258
vt 41.958744049072266 26.856990814208984
vt 37.88312530517578 32.67074966430664
vt 39.29258346557617 31.44410514831543
vt 40.42863082885742 30.060592651367188
vt 34.16570281982422 34.619407653808594
vt 36.180686950683594 33.73202133178711
vt 37.88312530517578 32.67074966430664
vt 29.11983871459961 35.83850860595703
vt 31.8186092376709 35.324405670166016
vt 34.16570281982422 34.619407653808594
vt 22.589000701904297 36.2599983215332
vt 26.049823760986328 36.1532096862793
vt 29.11983871459961 35.83850860595703
vt 16.113059997558594 35.88909912109375
vt 19.1539249420166 36.16514587402344
vt 22.589000701904297 36.2599983215332
vt 11.141148567199707 34.844444274902344
vt 13.448203086853027 35.444610595703125
vt 16.113059997558594 35.88909912109375
vt 7.52762508392334 33.228126525878906
vt 9.173690795898438 34.10136413574219
vt 11.141148567199707 34.844444274902344
vt 5.126852035522461 31.142221450805664
vt 6.184747219085693 32.237491607666016
vt 7.52762508392334 33.228126525878906
vt 3.793189764022827 28.688819885253906
vt 4.3357343673706055 29.955078125
vt 5.126852035522461 31.142221450805664
vt 3.38100004196167 25.969999313354492
vt 3.481013298034668 27.3562068939209
vt 3.793189764022827 28.688819885253906
vt 3.719916582107544 23.3194637298584
vt 3.4601144790649414 24.602537155151367
vt 3.38100004196167 25.969999313354492
vt 4.916333198547363 21.017370223999023
vt 4.194093704223633 22.12350082397461
vt 3.719916582107544 23.3194637298584
vt 7.239749908447266 19.085500717163086
vt 5.920322895050049 20.003795623779297
vt 4.916333198547363 21.017370223999023
vt 10.95966625213623 17.545629501342773
vt 8.908302307128906 18.26520347595215
vt 7.239749908447266 19.085500717163086
vt 16.345582962036133 16.419536590576172
vt 13.427531242370605 16.929500579833984
vt 10.95966625213623 17.545629501342773
vt 23.66699981689453 15.729000091552734
vt 19.74751091003418 16.018463134765625
vt 16.345582962036133 16.419536590576172
vt 2.245067596435547 10.750395774841309
vt 7.056000232696533 12.739999771118164
vt 7.263881206512451 11.35538101196289
vt 5.404546737670898 4.261979103088379
vt 3.3297030925750732 7.199937343597412
vt 2.245067596435547 10.750395774841309
vt 13.35785961151123 0.4195624887943268
vt 8.677848815917969 1.985520839691162
vt 5.404546737670898 4.261979103088379
vt 27.208101272583008 -0.39701908826828003
vt 19.652828216552734 -0.3868958353996277
vt 13.35785961151123 0.4195624887943268
vt 37.90983581542969 1.6388628482818604
vt 33.36134338378906 0.3116093873977661
vt 27.208101272583008 -0.39701908826828003
vt 42.943904876708984 5.77357816696167
vt 41.041412353515625 3.4908246994018555
vt 37.90983581542969 1.6388628482818604
vt 43.822105407714844 11.176735877990723
vt 43.80514907836914 8.393206596374512
vt 42.943904876708984 5.77357816696167
vt 41.32355880737305 15.76152515411377
vt 43.07099914550781 13.657984733581543
vt 43.822105407714844 11.176735877990723
vt 33.816123962402344 18.76470375061035
vt 38.32389831542969 17.469661712646484
vt 41.32355880737305 15.76152515411377
vt 20.5654239654541 20.096040725708008
vt 27.54435157775879 19.628952026367188
vt 33.816123962402344 18.76470375061035
vt 42.630001068115234 23.128000259399414
vt 37.453922271728516 24.53127670288086
vt 37.15061950683594 25.824134826660156
vt 40.42863082885742 30.060592651367188
vt 41.958744049072266 26.856990814208984
vt 42.630001068115234 23.128000259399414
vt 34.16570281982422 34.619407653808594
vt 37.88312530517578 32.67074966430664
vt 40.42863082885742 30.060592651367188
vt 22.589000701904297 36.2599983215332
vt 29.11983871459961 35.83850860595703
vt 34.16570281982422 34.619407653808594
vt 11.141148567199707 34.844444274902344
vt 16.113059997558594 35.88909912109375
vt 22.589000701904297 36.2599983215332
vt 5.126852035522461 31.142221450805664
vt 7.52762508392334 33.228126525878906
vt 11.141148567199707 34.844444274902344
vt 3.38100004196167 25.969999313354492
vt 3.793189764022827 28.688819885253906
vt 5.126852035522461 31.142221450805664
vt 4.916333198547363 21.017370223999023
vt 3.719916582107544 23.3194637298584
vt 3.38100004196167 25.969999313354492
vt 10.95966625213623 17.545629501342773
vt 7.239749908447266 19.085500717163086
vt 4.916333198547363 21.017370223999023
vt 23.66699981689453 15.729000091552734
vt 16.345582962036133 16.419536590576172
vt 10.95966625213623 17.545629501342773
vt 2.245067596435547 10.750395774841309
vt 7.263881206512451 11.35538101196289
vt 7.608384132385254 10.070633888244629
vt 13.35785961151123 0.4195624887943268
vt 5.404546737670898 4.261979103088379
vt 2.245067596435547 10.750395774841309
vt 37.90983581542969 1.6388628482818604
vt 27.208101272583008 -0.39701908826828003
vt 13.35785961151123 0.4195624887943268
vt 43.822105407714844 11.176735877990723
vt 42.943904876708984 5.77357816696167
vt 37.90983581542969 1.6388628482818604
vt 33.816123962402344 18.76470375061035
vt 41.32355880737305 15.76152515411377
vt 43.822105407714844 11.176735877990723
vt 17.903148651123047 20.35881996154785
vt 20.5654239654541 20.096040725708008
vt 33.816123962402344 18.76470375061035
vt 42.630001068115234 23.128000259399414
vt 37.15061950683594 25.824134826660156
vt 36.70100021362305 27.00436019897461
vt 34.16570281982422 34.619407653808594
vt 40.42863082885742 30.060592651367188
vt 42.630001068115234 23.128000259399414
vt 11.141148567199707 34.844444274902344
vt 22.589000701904297 36.2599983215332
vt 34.16570281982422 34.619407653808594
vt 3.38100004196167 25.969999313354492
vt 5.126852035522461 31.142221450805664
vt 11.141148567199707 34.844444274902344
vt 10.95966625213623 17.545629501342773
vt 4.916333198547363 21.017370223999023
vt 3.38100004196167 25.969999313354492
vt 26.7573184967041 15.516779899597168
vt 23.66699981689453 15.729000091552734
vt 10.95966625213623 17.545629501342773
vt 2.245067596435547 10.750395774841309
vt 7.608384132385254 10.070633888244629
vt 8.111797332763672 8.88967227935791
vt 17.903148651123047 20.35881996154785
vt 33.816123962402344 18.76470375061035
vt 43.822105407714844 11.176735877990723
vt 42.630001068115234 23.128000259399414
vt 36.70100021362305 27.00436019897461
vt 36.083961486816406 28.069740295410156
vt 29.410207748413086 15.248074531555176
vt 26.7573184967041 15.516779899597168
vt 10.95966625213623 17.545629501342773
vt 2.245067596435547 10.750395774841309
vt 8.111797332763672 8.88967227935791
vt 8.796407699584961 7.816407203674316
vt 15.647843360900879 20.681827545166016
vt 17.903148651123047 20.35881996154785
vt 43.822105407714844 11.176735877990723
vt 42.630001068115234 23.128000259399414
vt 36.083961486816406 28.069740295410156
vt 35.278411865234375 29.01806640625
vt 2.245067596435547 10.750395774841309
vt 8.796407699584961 7.816407203674316
vt 9.684504508972168 6.8547539710998535
vt 42.630001068115234 23.128000259399414
vt 35.278411865234375 29.01806640625
vt 34.263248443603516 29.847124099731445
vt 2.245067596435547 10.750395774841309
vt 9.684504508972168 6.8547539710998535
vt 10.798375129699707 6.008625030517578
vt 34.16570281982422 34.619407653808594
vt 42.630001068115234 23.128000259399414
vt 34.263248443603516 29.847124099731445
vt 13.35785961151123 0.4195624887943268
vt 2.245067596435547 10.750395774841309
vt 10.798375129699707 6.008625030517578
vt 34.16570281982422 34.619407653808594
vt 34.263248443603516 29.847124099731445
vt 33.01737976074219 30.554704666137695
vt 13.35785961151123 0.4195624887943268
vt 10.798375129699707 6.008625030517578
vt 12.160308837890625 5.281933307647705
vt 34.16570281982422 34.619407653808594
vt 33.01737976074219 30.554704666137695
vt 31.519702911376953 31.138591766357422
vt 13.35785961151123 0.4195624887943268
vt 12.160308837890625 5.281933307647705
vt 13.792593002319336 4.678592681884766
vt 34.16570281982422 34.619407653808594
vt 31.519702911376953 31.138591766357422
vt 29.74912452697754 31.59657859802246
vt 13.35785961151123 0.4195624887943268
vt 13.792593002319336 4.678592681884766
vt 15.71751594543457 4.202515602111816
vt 34.16570281982422 34.619407653808594
vt 29.74912452697754 31.59657859802246
vt 27.684545516967773 31.926448822021484
vt 13.35785961151123 0.4195624887943268
vt 15.71751594543457 4.202515602111816
vt 17.957365036010742 3.8576157093048096
vt 34.16570281982422 34.619407653808594
vt 27.684545516967773 31.926448822021484
vt 25.30487060546875 32.12599182128906
vt 13.35785961151123 0.4195624887943268
vt 17.957365036010742 3.8576157093048096
vt 20.53443145751953 3.647806167602539
vt 34.16570281982422 34.619407653808594
vt 25.30487060546875 32.12599182128906
vt 22.589000701904297 32.19300079345703
vt 13.35785961151123 0.4195624887943268
vt 20.53443145751953 3.647806167602539
vt 23.47100067138672 3.5769999027252197
vt 34.16570281982422 34.619407653808594
vt 22.589000701904297 32.19300079345703
vt 19.86890411376953 32.139007568359375
vt 13.35785961151123 0.4195624887943268
vt 23.47100067138672 3.5769999027252197
vt 26.4725341796875 3.629147529602051
vt 34.16570281982422 34.619407653808594
vt 19.86890411376953 32.139007568359375
vt 17.500486373901367 31.98157501220703
vt 13.35785961151123 0.4195624887943268
vt 26.4725341796875 3.629147529602051
vt 29.07560157775879 3.7818472385406494
vt 34.16570281982422 34.619407653808594
vt 17.500486373901367 31.98157501220703
vt 15.461796760559082 31.727500915527344
vt 13.35785961151123 0.4195624887943268
vt 29.07560157775879 3.7818472385406494
vt 31.306406021118164 4.029484272003174
vt 11.141148567199707 34.844444274902344
vt 34.16570281982422 34.619407653808594
vt 15.461796760559082 31.727500915527344
vt 13.35785961151123 0.4195624887943268
vt 31.306406021118164 4.029484272003174
vt 33.19114685058594 4.3664445877075195
vt 11.141148567199707 34.844444274902344
vt 15.461796760559082 31.727500915527344
vt 13.730889320373535 31.38359260559082
vt 37.90983581542969 1.6388628482818604
vt 13.35785961151123 0.4195624887943268
vt 33.19114685058594 4.3664445877075195
vt 11.141148567199707 34.844444274902344
vt 13.730889320373535 31.38359260559082
vt 12.28581428527832 30.95665740966797
vt 37.90983581542969 1.6388628482818604
vt 33.19114685058594 4.3664445877075195
vt 34.75602722167969 4.787112712860107
vt 11.141148567199707 34.844444274902344
vt 12.28581428527832 30.95665740966797
vt 11.10462474822998 30.453500747680664
vt 37.90983581542969 1.6388628482818604
vt 34.75602722167969 4.787112712860107
vt 36.02724838256836 5.285874843597412
vt 11.141148567199707 34.844444274902344
vt 11.10462474822998 30.453500747680664
vt 10.165372848510742 29.88092613220215
vt 37.90983581542969 1.6388628482818604
vt 36.02724838256836 5.285874843597412
vt 37.03101348876953 5.857116222381592
vt 11.141148567199707 34.844444274902344
vt 10.165372848510742 29.88092613220215
vt 9.446110725402832 29.24574089050293
vt 37.90983581542969 1.6388628482818604
vt 37.03101348876953 5.857116222381592
vt 37.79351806640625 6.495222091674805
vt 11.141148567199707 34.844444274902344
vt 9.446110725402832 29.24574089050293
vt 8.924890518188477 28.554750442504883
vt 37.90983581542969 1.6388628482818604
vt 37.79351806640625 6.495222091674805
vt 38.34096908569336 7.194578170776367
vt 11.141148567199707 34.844444274902344
vt 8.924890518188477 28.554750442504883
vt 8.579763412475586 27.814760208129883
vt 37.90983581542969 1.6388628482818604
vt 38.34096908569336 7.194578170776367
vt 38.69956588745117 7.949569225311279
vt 3.38100004196167 25.969999313354492
vt 11.141148567199707 34.844444274902344
vt 8.579763412475586 27.814760208129883
vt 37.90983581542969 1.6388628482818604
vt 38.69956588745117 7.949569225311279
vt 38.8955078125 8.754581451416016
vt 3.38100004196167 25.969999313354492
vt 8.579763412475586 27.814760208129883
vt 8.38878345489502 27.032573699951172
vt 43.822105407714844 11.176735877990723
vt 37.90983581542969 1.6388628482818604
vt 38.8955078125 8.754581451416016
vt 3.38100004196167 25.969999313354492
vt 8.38878345489502 27.032573699951172
vt 8.329999923706055 26.21500015258789
vt 43.822105407714844 11.176735877990723
vt 38.8955078125 8.754581451416016
vt 38.95500183105469 9.604000091552734
vt 3.38100004196167 25.969999313354492
vt 8.329999923706055 26.21500015258789
vt 8.377242088317871 25.37289810180664
vt 43.822105407714844 11.176735877990723
vt 38.95500183105469 9.604000091552734
vt 38.90778732299805 10.400136947631836
vt 3.38100004196167 25.969999313354492
vt 8.377242088317871 25.37289810180664
vt 8.540518760681152 24.5864315032959
vt 43.822105407714844 11.176735877990723
vt 38.90778732299805 10.400136947631836
vt 38.74470901489258 11.146592140197754
vt 3.38100004196167 25.969999313354492
vt 8.540518760681152 24.5864315032959
vt 8.852156639099121 23.856109619140625
vt 43.822105407714844 11.176735877990723
vt 38.74470901489258 11.146592140197754
vt 38.43360900878906 11.842687606811523
vt 3.38100004196167 25.969999313354492
vt 8.852156639099121 23.856109619140625
vt 9.344481468200684 23.182443618774414
vt 43.822105407714844 11.176735877990723
vt 38.43360900878906 11.842687606811523
vt 37.94233322143555 12.487740516662598
vt 3.38100004196167 25.969999313354492
vt 9.344481468200684 23.182443618774414
vt 10.049820899963379 22.565946578979492
vt 43.822105407714844 11.176735877990723
vt 37.94233322143555 12.487740516662598
vt 37.23872375488281 13.081071853637695
vt 3.38100004196167 25.969999313354492
vt 10.049820899963379 22.565946578979492
vt 11.000499725341797 22.007125854492188
vt 43.822105407714844 11.176735877990723
vt 37.23872375488281 13.081071853637695
vt 36.290626525878906 13.621999740600586
vt 10.95966625213623 17.545629501342773
vt 3.38100004196167 25.969999313354492
vt 11.000499725341797 22.007125854492188
vt 43.822105407714844 11.176735877990723
vt 36.290626525878906 13.621999740600586
vt 35.065879821777344 14.109845161437988
vt 10.95966625213623 17.545629501342773
vt 11.000499725341797 22.007125854492188
vt 12.228845596313477 21.50649070739746
vt 15.647843360900879 20.681827545166016
vt 43.822105407714844 11.176735877990723
vt 35.065879821777344 14.109845161437988
vt 10.95966625213623 17.545629501342773
vt 12.228845596313477 21.50649070739746
vt 13.76718521118164 21.064556121826172
vt 15.647843360900879 20.681827545166016
vt 35.065879821777344 14.109845161437988
vt 33.53233337402344 14.543926239013672
vt 10.95966625213623 17.545629501342773
vt 13.76718521118164 21.064556121826172
vt 15.647843360900879 20.681827545166016
vt 15.647843360900879 20.681827545166016
vt 33.53233337402344 14.543926239013672
vt 31.657827377319336 14.923562049865723
vt 29.410207748413086 15.248074531555176
vt 10.95966625213623 17.545629501342773
vt 15.647843360900879 20.681827545166016
vt 15.647843360900879 20.681827545166016
vt 31.657827377319336 14.923562049865723
vt 29.410207748413086 15.248074531555176
vt 7.056000232696533 12.739999771118164
vt 2.009000062942505 12.739999771118164
vt 2.245067596435547 10.750395774841309
vt 2.245067596435547 10.750395774841309
vt 2.6766250133514404 8.901666641235352
vt 3.3297030925750732 7.199937343597412
vt 3.3297030925750732 7.199937343597412
vt 4.23033332824707 5.651333332061768
vt 5.404546737670898 4.261979103088379
vt 5.404546737670898 4.261979103088379
vt 6.878375053405762 3.0380001068115234
vt 8.677848815917969 1.985520839691162
vt 8.677848815917969 1.985520839691162
vt 10.829000473022461 1.1106666326522827
vt 13.35785961151123 0.4195624887943268
vt 13.35785961151123 0.4195624887943268
vt 16.29045867919922 -0.08166666328907013
vt 19.652828216552734 -0.3868958353996277
vt 19.652828216552734 -0.3868958353996277
vt 23.47100067138672 -0.49000000953674316
vt 27.208101272583008 -0.39701908826828003
vt 27.208101272583008 -0.39701908826828003
vt 30.497055053710938 -0.12590277194976807
vt 33.36134338378906 0.3116093873977661
vt 33.36134338378906 0.3116093873977661
vt 35.82444381713867 0.9037777781486511
vt 37.90983581542969 1.6388628482818604
vt 37.90983581542969 1.6388628482818604
vt 39.64099884033203 2.505125045776367
vt 41.041412353515625 3.4908246994018555
vt 41.041412353515625 3.4908246994018555
vt 42.13455581665039 4.584222316741943
vt 42.943904876708984 5.77357816696167
vt 42.943904876708984 5.77357816696167
vt 43.492942810058594 7.047152996063232
vt 43.80514907836914 8.393206596374512
vt 43.80514907836914 8.393206596374512
vt 43.90399932861328 9.800000190734863
vt 43.822105407714844 11.176735877990723
vt 43.822105407714844 11.176735877990723
vt 43.55510330200195 12.463467597961426
vt 43.07099914550781 13.657984733581543
vt 43.07099914550781 13.657984733581543
vt 42.33781433105469 14.758073806762695
vt 41.32355880737305 15.76152515411377
vt 41.32355880737305 15.76152515411377
vt 39.99625015258789 16.66612434387207
vt 38.32389831542969 17.469661712646484
vt 38.32389831542969 17.469661712646484
vt 36.27451705932617 18.169925689697266
vt 33.816123962402344 18.76470375061035
vt 33.816123962402344 18.76470375061035
vt 30.916730880737305 19.251781463623047
vt 27.54435157775879 19.628952026367188
vt 27.54435157775879 19.628952026367188
vt 23.66699981689453 19.893999099731445
vt 20.5654239654541 20.096040725708008
vt 37.453922271728516 24.53127670288086
vt 37.63199996948242 23.128000259399414
vt 42.630001068115234 23.128000259399414
vt 42.630001068115234 23.128000259399414
vt 42.39194869995117 25.05391502380371
vt 41.958744049072266 26.856990814208984
vt 41.958744049072266 26.856990814208984
vt 41.310829162597656 28.528718948364258
vt 40.42863082885742 30.060592651367188
vt 40.42863082885742 30.060592651367188
vt 39.29258346557617 31.44410514831543
vt 37.88312530517578 32.67074966430664
vt 37.88312530517578 32.67074966430664
vt 36.180686950683594 33.73202133178711
vt 34.16570281982422 34.619407653808594
vt 34.16570281982422 34.619407653808594
vt 31.8186092376709 35.324405670166016
vt 29.11983871459961 35.83850860595703
vt 29.11983871459961 35.83850860595703
vt 26.049823760986328 36.1532096862793
vt 22.589000701904297 36.2599983215332
vt 22.589000701904297 36.2599983215332
vt 19.1539249420166 36.16514587402344
vt 16.113059997558594 35.88909912109375
vt 16.113059997558594 35.88909912109375
vt 13.448203086853027 35.444610595703125
vt 11.141148567199707 34.844444274902344
vt 11.141148567199707 34.844444274902344
vt 9.173690795898438 34.10136413574219
vt 7.52762508392334 33.228126525878906
vt 7.52762508392334 33.228126525878906
vt 6.184747219085693 32.237491607666016
vt 5.126852035522461 31.142221450805664
vt 5.126852035522461 31.142221450805664
vt 4.3357343673706055 29.955078125
vt 3.793189764022827 28.688819885253906
vt 3.793189764022827 28.688819885253906
vt 3.481013298034668 27.3562068939209
vt 3.38100004196167 25.969999313354492
vt 3.38100004196167 25.969999313354492
vt 3.4601144790649414 24.602537155151367
vt 3.719916582107544 23.3194637298584
vt 3.719916582107544 23.3194637298584
vt 4.194093704223633 22.12350082397461
vt 4.916333198547363 21.017370223999023
vt 4.916333198547363 21.017370223999023
vt 5.920322895050049 20.003795623779297
vt 7.239749908447266 19.085500717163086
vt 7.239749908447266 19.085500717163086
vt 8.908302307128906 18.26520347595215
vt 10.95966625213623 17.545629501342773
vt 10.95966625213623 17.545629501342773
vt 13.427531242370605 16.929500579833984
vt 16.345582962036133 16.419536590576172
vt 16.345582962036133 16.419536590576172
vt 19.74751091003418 16.018463134765625
vt 23.66699981689453 15.729000091552734
vt 7.263881206512451 11.35538101196289
vt 7.056000232696533 12.739999771118164
vt 2.245067596435547 10.750395774841309
vt 2.245067596435547 10.750395774841309
vt 3.3297030925750732 7.199937343597412
vt 5.404546737670898 4.261979103088379
vt 5.404546737670898 4.261979103088379
vt 8.677848815917969 1.985520839691162
vt 13.35785961151123 0.4195624887943268
vt 13.35785961151123 0.4195624887943268
vt 19.652828216552734 -0.3868958353996277
vt 27.208101272583008 -0.39701908826828003
vt 27.208101272583008 -0.39701908826828003
vt 33.36134338378906 0.3116093873977661
vt 37.90983581542969 1.6388628482818604
vt 37.90983581542969 1.6388628482818604
vt 41.041412353515625 3.4908246994018555
vt 42.943904876708984 5.77357816696167
vt 42.943904876708984 5.77357816696167
vt 43.80514907836914 8.393206596374512
vt 43.822105407714844 11.176735877990723
vt 43.822105407714844 11.176735877990723
vt 43.07099914550781 13.657984733581543
vt 41.32355880737305 15.76152515411377
vt 41.32355880737305 15.76152515411377
vt 38.32389831542969 17.469661712646484
vt 33.816123962402344 18.76470375061035
vt 33.816123962402344 18.76470375061035
vt 27.54435157775879 19.628952026367188
vt 20.5654239654541 20.096040725708008
vt 37.15061950683594 25.824134826660156
vt 37.453922271728516 24.53127670288086
vt 42.630001068115234 23.128000259399414
vt 42.630001068115234 23.128000259399414
vt 41.958744049072266 26.856990814208984
vt 40.42863082885742 30.060592651367188
vt 40.42863082885742 30.060592651367188
vt 37.88312530517578 32.67074966430664
vt 34.16570281982422 34.619407653808594
vt 34.16570281982422 34.619407653808594
vt 29.11983871459961 35.83850860595703
vt 22.589000701904297 36.2599983215332
vt 22.589000701904297 36.2599983215332
vt 16.113059997558594 35.88909912109375
vt 11.141148567199707 34.844444274902344
vt 11.141148567199707 34.844444274902344
vt 7.52762508392334 33.228126525878906
vt 5.126852035522461 31.142221450805664
vt 5.126852035522461 31.142221450805664
vt 3.793189764022827 28.688819885253906
vt 3.38100004196167 25.969999313354492
vt 3.38100004196167 25.969999313354492
vt 3.719916582107544 23.3194637298584
vt 4.916333198547363 21.017370223999023
vt 4.916333198547363 21.017370223999023
vt 7.239749908447266 19.085500717163086
vt 10.95966625213623 17.545629501342773
vt 10.95966625213623 17.545629501342773
vt 16.345582962036133 16.419536590576172
vt 23.66699981689453 15.729000091552734
vt 7.608384132385254 10.070633888244629
vt 7.263881206512451 11.35538101196289
vt 2.245067596435547 10.750395774841309
vt 2.245067596435547 10.750395774841309
vt 5.404546737670898 4.261979103088379
vt 13.35785961151123 0.4195624887943268
vt 13.35785961151123 0.4195624887943268
vt 27.208101272583008 -0.39701908826828003
vt 37.90983581542969 1.6388628482818604
vt 37.90983581542969 1.6388628482818604
vt 42.943904876708984 5.77357816696167
vt 43.822105407714844 11.176735877990723
vt 43.822105407714844 11.176735877990723
vt 41.32355880737305 15.76152515411377
vt 33.816123962402344 18.76470375061035
vt 33.816123962402344 18.76470375061035
vt 20.5654239654541 20.096040725708008
vt 17.903148651123047 20.35881996154785
vt 36.70100021362305 27.00436019897461
vt 37.15061950683594 25.824134826660156
vt 42.630001068115234 23.128000259399414
vt 42.630001068115234 23.128000259399414
vt 40.42863082885742 30.060592651367188
vt 34.16570281982422 34.619407653808594
vt 34.16570281982422 34.619407653808594
vt 22.589000701904297 36.2599983215332
vt 11.141148567199707 34.844444274902344
vt 11.141148567199707 34.844444274902344
vt 5.126852035522461 31.142221450805664
vt 3.38100004196167 25.969999313354492
vt 3.38100004196167 25.969999313354492
vt 4.916333198547363 21.017370223999023
vt 10.95966625213623 17.545629501342773
vt 10.95966625213623 17.545629501342773
vt 23.66699981689453 15.729000091552734
vt 26.7573184967041 15.516779899597168
vt 8.111797332763672 8.88967227935791
vt 7.608384132385254 10.070633888244629
vt 2.245067596435547 10.750395774841309
vt 43.822105407714844 11.176735877990723
vt 33.816123962402344 18.76470375061035
vt 17.903148651123047 20.35881996154785
vt 36.083961486816406 28.069740295410156
vt 36.70100021362305 27.00436019897461
vt 42.630001068115234 23.128000259399414
vt 10.95966625213623 17.545629501342773
vt 26.7573184967041 15.516779899597168
vt 29.410207748413086 15.248074531555176
vt 8.796407699584961 7.816407203674316
vt 8.111797332763672 8.88967227935791
vt 2.245067596435547 10.750395774841309
vt 43.822105407714844 11.176735877990723
vt 17.903148651123047 20.35881996154785
vt 15.647843360900879 20.681827545166016
vt 35.278411865234375 29.01806640625
vt 36.083961486816406 28.069740295410156
vt 42.630001068115234 23.128000259399414
vt 9.684504508972168 6.8547539710998535
vt 8.796407699584961 7.816407203674316
vt 2.245067596435547 10.750395774841309
vt 34.263248443603516 29.847124099731445
vt 35.278411865234375 29.01806640625
vt 42.630001068115234 23.128000259399414
vt 10.798375129699707 6.008625030517578
vt 9.684504508972168 6.8547539710998535
vt 2.245067596435547 10.750395774841309
vt 34.263248443603516 29.847124099731445
vt 42.630001068115234 23.128000259399414
vt 34.16570281982422 34.619407653808594
vt 10.798375129699707 6.008625030517578
vt 2.245067596435547 10.750395774841309
vt 13.35785961151123 0.4195624887943268
vt 33.01737976074219 30.554704666137695
vt 34.263248443603516 29.847124099731445
vt 34.16570281982422 34.619407653808594
vt 12.160308837890625 5.281933307647705
vt 10.798375129699707 6.008625030517578
vt 13.35785961151123 0.4195624887943268
vt 31.519702911376953 31.138591766357422
vt 33.01737976074219 30.554704666137695
vt 34.16570281982422 34.619407653808594
vt 13.792593002319336 4.678592681884766
vt 12.160308837890625 5.281933307647705
vt 13.35785961151123 0.4195624887943268
vt 29.74912452697754 31.59657859802246
vt 31.519702911376953 31.138591766357422
vt 34.16570281982422 34.619407653808594
vt 15.71751594543457 4.202515602111816
vt 13.792593002319336 4.678592681884766
vt 13.35785961151123 0.4195624887943268
vt 27.684545516967773 31.926448822021484
vt 29.74912452697754 31.59657859802246
vt 34.16570281982422 34.619407653808594
vt 17.957365036010742 3.8576157093048096
vt 15.71751594543457 4.202515602111816
vt 13.35785961151123 0.4195624887943268
vt 25.30487060546875 32.12599182128906
vt 27.684545516967773 31.926448822021484
vt 34.16570281982422 34.619407653808594
vt 20.53443145751953 3.647806167602539
vt 17.957365036010742 3.8576157093048096
vt 13.35785961151123 0.4195624887943268
vt 22.589000701904297 32.19300079345703
vt 25.30487060546875 32.12599182128906
vt 34.16570281982422 34.619407653808594
vt 23.47100067138672 3.5769999027252197
vt 20.53443145751953 3.647806167602539
vt 13.35785961151123 0.4195624887943268
vt 19.86890411376953 32.139007568359375
vt 22.589000701904297 32.19300079345703
vt 34.16570281982422 34.619407653808594
vt 26.4725341796875 3.629147529602051
vt 23.47100067138672 3.5769999027252197
vt 13.35785961151123 0.4195624887943268
vt 17.500486373901367 31.98157501220703
vt 19.86890411376953 32.139007568359375
vt 34.16570281982422 34.619407653808594
vt 29.07560157775879 3.7818472385406494
vt 26.4725341796875 3.629147529602051
vt 13.35785961151123 0.4195624887943268
vt 15.461796760559082 31.727500915527344
vt 17.500486373901367 31.98157501220703
vt 34.16570281982422 34.619407653808594
vt 31.306406021118164 4.029484272003174
vt 29.07560157775879 3.7818472385406494
vt 13.35785961151123 0.4195624887943268
vt 15.461796760559082 31.727500915527344
vt 34.16570281982422 34.619407653808594
vt 11.141148567199707 34.844444274902344
vt 33.19114685058594 4.3664445877075195
vt 31.306406021118164 4.029484272003174
vt 13.35785961151123 0.4195624887943268
vt 13.730889320373535 31.38359260559082
vt 15.461796760559082 31.727500915527344
vt 11.141148567199707 34.844444274902344
vt 33.19114685058594 4.3664445877075195
vt 13.35785961151123 0.4195624887943268
vt 37.90983581542969 1.6388628482818604
vt 12.28581428527832 30.95665740966797
vt 13.730889320373535 31.38359260559082
vt 11.141148567199707 34.844444274902344
vt 34.75602722167969 4.787112712860107
vt 33.19114685058594 4.3664445877075195
vt 37.90983581542969 1.6388628482818604
vt 11.10462474822998 30.453500747680664
vt 12.28581428527832 30.95665740966797
vt 11.141148567199707 34.844444274902344
vt 36.02724838256836 5.285874843597412
vt 34.75602722167969 4.787112712860107
vt 37.90983581542969 1.6388628482818604
vt 10.165372848510742 29.88092613220215
vt 11.10462474822998 30.453500747680664
vt 11.141148567199707 34.844444274902344
vt 37.03101348876953 5.857116222381592
vt 36.02724838256836 5.285874843597412
vt 37.90983581542969 1.6388628482818604
vt 9.446110725402832 29.24574089050293
vt 10.165372848510742 29.88092613220215
vt 11.141148567199707 34.844444274902344
vt 37.79351806640625 6.495222091674805
vt 37.03101348876953 5.857116222381592
vt 37.90983581542969 1.6388628482818604
vt 8.924890518188477 28.554750442504883
vt 9.446110725402832 29.24574089050293
vt 11.141148567199707 34.844444274902344
vt 38.34096908569336 7.194578170776367
vt 37.79351806640625 6.495222091674805
vt 37.90983581542969 1.6388628482818604
vt 8.579763412475586 27.814760208129883
vt 8.924890518188477 28.554750442504883
vt 11.141148567199707 34.844444274902344
vt 38.69956588745117 7.949569225311279
vt 38.34096908569336 7.194578170776367
vt 37.90983581542969 1.6388628482818604
vt 8.579763412475586 27.814760208129883
vt 11.141148567199707 34.844444274902344
vt 3.38100004196167 25.969999313354492
vt 38.8955078125 8.754581451416016
vt 38.69956588745117 7.949569225311279
vt 37.90983581542969 1.6388628482818604
vt 8.38878345489502 27.032573699951172
vt 8.579763412475586 27.814760208129883
vt 3.38100004196167 25.969999313354492
vt 38.8955078125 8.754581451416016
vt 37.90983581542969 1.6388628482818604
vt 43.822105407714844 11.176735877990723
vt 8.329999923706055 26.21500015258789
vt 8.38878345489502 27.032573699951172
vt 3.38100004196167 25.969999313354492
vt 38.95500183105469 9.604000091552734
vt 38.8955078125 8.754581451416016
vt 43.822105407714844 11.176735877990723
vt 8.377242088317871 25.37289810180664
vt 8.329999923706055 26.21500015258789
vt 3.38100004196167 25.969999313354492
vt 38.90778732299805 10.400136947631836
vt 38.95500183105469 9.604000091552734
vt 43.822105407714844 11.176735877990723
vt 8.540518760681152 24.5864315032959
vt 8.377242088317871 25.37289810180664
vt 3.38100004196167 25.969999313354492
vt 38.74470901489258 11.146592140197754
vt 38.90778732299805 10.400136947631836
vt 43.822105407714844 11.176735877990723
vt 8.852156639099121 23.856109619140625
vt 8.540518760681152 24.5864315032959
vt 3.38100004196167 25.969999313354492
vt 38.43360900878906 11.842687606811523
vt 38.74470901489258 11.146592140197754
vt 43.822105407714844 11.176735877990723
vt 9.344481468200684 23.182443618774414
vt 8.852156639099121 23.856109619140625
vt 3.38100004196167 25.969999313354492
vt 37.94233322143555 12.487740516662598
vt 38.43360900878906 11.842687606811523
vt 43.822105407714844 11.176735877990723
vt 10.049820899963379 22.565946578979492
vt 9.344481468200684 23.182443618774414
vt 3.38100004196167 25.969999313354492
vt 37.23872375488281 13.081071853637695
vt 37.94233322143555 12.487740516662598
vt 43.822105407714844 11.176735877990723
vt 11.000499725341797 22.007125854492188
vt 10.049820899963379 22.565946578979492
vt 3.38100004196167 25.969999313354492
vt 36.290626525878906 13.621999740600586
vt 37.23872375488281 13.081071853637695
vt 43.822105407714844 11.176735877990723
vt 11.000499725341797 22.007125854492188
vt 3.38100004196167 25.969999313354492
vt 10.95966625213623 17.545629501342773
vt 35.065879821777344 14.109845161437988
vt 36.290626525878906 13.621999740600586
vt 43.822105407714844 11.176735877990723
vt 12.228845596313477 21.50649070739746
vt 11.000499725341797 22.007125854492188
vt 10.95966625213623 17.545629501342773
vt 35.065879821777344 14.109845161437988
vt 43.822105407714844 11.176735877990723
vt 15.647843360900879 20.681827545166016
vt 13.76718521118164 21.064556121826172
vt 12.228845596313477 21.50649070739746
vt 10.95966625213623 17.545629501342773
vt 33.53233337402344 14.543926239013672
vt 35.065879821777344 14.109845161437988
vt 15.647843360900879 20.681827545166016
vt 15.647843360900879 20.681827545166016
vt 13.76718521118164 21.064556121826172
vt 10.95966625213623 17.545629501342773
vt 31.657827377319336 14.923562049865723
vt 33.53233337402344 14.543926239013672
vt 15.647843360900879 20.681827545166016
vt 15.647843360900879 20.681827545166016
vt 10.95966625213623 17.545629501342773
vt 29.410207748413086 15.248074531555176
vt 29.410207748413086 15.248074531555176
vt 31.657827377319336 14.923562049865723
vt 15.647843360900879 20.681827545166016
vt 10.750395774841309 1
vt 8.901666641235352 1
vt 10.750395774841309 -9
vt 8.901666641235352 1
vt 8.901666641235352 -9
vt 10.750395774841309 -9
vt 8.901666641235352 1
vt 7.199937343597412 1
vt 8.901666641235352 -9
vt 7.199937343597412 1
vt 7.199937343597412 -9
vt 8.901666641235352 -9
vt 7.199937343597412 1
vt 5.651333332061768 1
vt 7.199937343597412 -9
vt 5.651333332061768 1
vt 5.651333332061768 -9
vt 7.199937343597412 -9
vt 5.651333332061768 1
vt 4.261979103088379 1
vt 5.651333332061768 -9
vt 4.261979103088379 1
vt 4.261979103088379 -9
vt 5.651333332061768 -9
vt 5.404546737670898 1
vt 6.878375053405762 1
vt 5.404546737670898 -9
vt 6.878375053405762 1
vt 6.878375053405762 -9
vt 5.404546737670898 -9
vt 6.878375053405762 1
vt 8.677848815917969 1
vt 6.878375053405762 -9
vt 8.677848815917969 1
vt 8.677848815917969 -9
vt 6.878375053405762 -9
vt 8.677848815917969 1
vt 10.829000473022461 1
vt 8.677848815917969 -9
vt 10.829000473022461 1
vt 10.829000473022461 -9
vt 8.677848815917969 -9
vt 10.829000473022461 1
vt 13.35785961151123 1
vt 10.829000473022461 -9
vt 13.35785961151123 1
vt 13.35785961151123 -9
vt 10.829000473022461 -9
vt 13.35785961151123 1
vt 16.29045867919922 1
vt 13.35785961151123 -9
vt 16.29045867919922 1
vt 16.29045867919922 -9
vt 13.35785961151123 -9
vt 16.29045867919922 1
vt 19.652828216552734 1
vt 16.29045867919922 -9
vt 19.652828216552734 1
vt 19.652828216552734 -9
vt 16.29045867919922 -9
vt 19.652828216552734 1
vt 23.47100067138672 1
vt 19.652828216552734 -9
vt 23.47100067138672 1
vt 23.47100067138672 -9
vt 19.652828216552734 -9
vt 23.47100067138672 1
vt 27.208101272583008 1
vt 23.47100067138672 -9
vt 27.208101272583008 1
vt 27.208101272583008 -9
vt 23.47100067138672 -9
vt 27.208101272583008 1
vt 30.497055053710938 1
vt 27.208101272583008 -9
vt 30.497055053710938 1
vt 30.497055053710938 -9
vt 27.208101272583008 -9
vt 30.497055053710938 1
vt 33.36134338378906 1
vt 30.497055053710938 -9
vt 33.36134338378906 1
vt 33.36134338378906 -9
vt 30.497055053710938 -9
vt 33.36134338378906 1
vt 35.82444381713867 1
vt 33.36134338378906 -9
vt 35.82444381713867 1
vt 35.82444381713867 -9
vt 33.36134338378906 -9
vt 35.82444381713867 1
vt 37.90983581542969 1
vt 35.82444381713867 -9
vt 37.90983581542969 1
vt 37.90983581542969 -9
vt 35.82444381713867 -9
vt 37.90983581542969 1
vt 39.64099884033203 1
vt 37.90983581542969 -9
vt 39.64099884033203 1
vt 39.64099884033203 -9
vt 37.90983581542969 -9
vt 39.64099884033203 1
vt 41.041412353515625 1
vt 39.64099884033203 -9
vt 41.041412353515625 1
vt 41.041412353515625 -9
vt 39.64099884033203 -9
vt 3.4908246994018555 1
vt 4.584222316741943 1
vt 3.4908246994018555 -9
vt 4.584222316741943 1
vt 4.584222316741943 -9
vt 3.4908246994018555 -9
vt 4.584222316741943 1
vt 5.77357816696167 1
vt 4.584222316741943 -9
vt 5.77357816696167 1
vt 5.77357816696167 -9
vt 4.584222316741943 -9
vt 5.77357816696167 1
vt 7.047152996063232 1
vt 5.77357816696167 -9
vt 7.047152996063232 1
vt 7.047152996063232 -9
vt 5.77357816696167 -9
vt 7.047152996063232 1
vt 8.393206596374512 1
vt 7.047152996063232 -9
vt 8.393206596374512 1
vt 8.393206596374512 -9
vt 7.047152996063232 -9
vt 8.393206596374512 1
vt 9.800000190734863 1
vt 8.393206596374512 -9
vt 9.800000190734863 1
vt 9.800000190734863 -9
vt 8.393206596374512 -9
vt 9.800000190734863 1
vt 11.176735877990723 1
vt 9.800000190734863 -9
vt 11.176735877990723 1
vt 11.176735877990723 -9
vt 9.800000190734863 -9
vt 11.176735877990723 1
vt 12.463467597961426 1
vt 11.176735877990723 -9
vt 12.463467597961426 1
vt 12.463467597961426 -9
vt 11.176735877990723 -9
vt 12.463467597961426 1
vt 13.657984733581543 1
vt 12.463467597961426 -9
vt 13.657984733581543 1
vt 13.657984733581543 -9
vt 12.463467597961426 -9
vt 13.657984733581543 1
vt 14.758073806762695 1
vt 13.657984733581543 -9
vt 14.758073806762695 1
vt 14.758073806762695 -9
vt 13.657984733581543 -9
vt 42.33781433105469 1
vt 41.32355880737305 1
vt 42.33781433105469 -9
vt 41.32355880737305 1
vt 41.32355880737305 -9
vt 42.33781433105469 -9
vt 41.32355880737305 1
vt 39.99625015258789 1
vt 41.32355880737305 -9
vt 39.99625015258789 1
vt 39.99625015258789 -9
vt 41.32355880737305 -9
vt 39.99625015258789 1
vt 38.32389831542969 1
vt 39.99625015258789 -9
vt 38.32389831542969 1
vt 38.32389831542969 -9
vt 39.99625015258789 -9
vt 38.32389831542969 1
vt 36.27451705932617 1
vt 38.32389831542969 -9
vt 36.27451705932617 1
vt 36.27451705932617 -9
vt 38.32389831542969 -9
vt 36.27451705932617 1
vt 33.816123962402344 1
vt 36.27451705932617 -9
vt 33.816123962402344 1
vt 33.816123962402344 -9
vt 36.27451705932617 -9
vt 33.816123962402344 1
vt 30.916730880737305 1
vt 33.816123962402344 -9
vt 30.916730880737305 1
vt 30.916730880737305 -9
vt 33.816123962402344 -9
vt 30.916730880737305 1
vt 27.54435157775879 1
vt 30.916730880737305 -9
vt 27.54435157775879 1
vt 27.54435157775879 -9
vt 30.916730880737305 -9
vt 27.54435157775879 1
vt 23.66699981689453 1
vt 27.54435157775879 -9
vt 23.66699981689453 1
vt 23.66699981689453 -9
vt 27.54435157775879 -9
vt 23.66699981689453 1
vt 20.5654239654541 1
vt 23.66699981689453 -9
vt 20.5654239654541 1
vt 20.5654239654541 -9
vt 23.66699981689453 -9
vt 20.5654239654541 1
vt 17.903148651123047 1
vt 20.5654239654541 -9
vt 17.903148651123047 1
vt 17.903148651123047 -9
vt 20.5654239654541 -9
vt 17.903148651123047 1
vt 15.647843360900879 1
vt 17.903148651123047 -9
vt 15.647843360900879 1
vt 15.647843360900879 -9
vt 17.903148651123047 -9
vt 15.647843360900879 1
vt 13.76718521118164 1
vt 15.647843360900879 -9
vt 13.76718521118164 1
vt 13.76718521118164 -9
vt 15.647843360900879 -9
vt 13.76718521118164 1
vt 12.228845596313477 1
vt 13.76718521118164 -9
vt 12.228845596313477 1
vt 12.228845596313477 -9
vt 13.76718521118164 -9
vt 12.228845596313477 1
vt 11.000499725341797 1
vt 12.228845596313477 -9
vt 11.000499725341797 1
vt 11.000499725341797 -9
vt 12.228845596313477 -9
vt 11.000499725341797 1
vt 10.049820899963379 1
vt 11.000499725341797 -9
vt 10.049820899963379 1
vt 10.049820899963379 -9
vt 11.000499725341797 -9
vt 10.049820899963379 1
vt 9.344481468200684 1
vt 10.049820899963379 -9
vt 9.344481468200684 1
vt 9.344481468200684 -9
vt 10.049820899963379 -9
vt 23.182443618774414 1
vt 23.856109619140625 1
vt 23.182443618774414 -9
vt 23.856109619140625 1
vt 23.856109619140625 -9
vt 23.182443618774414 -9
vt 23.856109619140625 1
vt 24.5864315032959 1
vt 23.856109619140625 -9
vt 24.5864315032959 1
vt 24.5864315032959 -9
vt 23.856109619140625 -9
vt 24.5864315032959 1
vt 25.37289810180664 1
vt 24.5864315032959 -9
vt 25.37289810180664 1
vt 25.37289810180664 -9
vt 24.5864315032959 -9
vt 25.37289810180664 1
vt 26.21500015258789 1
vt 25.37289810180664 -9
vt 26.21500015258789 1
vt 26.21500015258789 -9
vt 25.37289810180664 -9
vt 26.21500015258789 1
vt 27.032573699951172 1
vt 26.21500015258789 -9
vt 27.032573699951172 1
vt 27.032573699951172 -9
vt 26.21500015258789 -9
vt 27.032573699951172 1
vt 27.814760208129883 1
vt 27.032573699951172 -9
vt 27.814760208129883 1
vt 27.814760208129883 -9
vt 27.032573699951172 -9
vt 27.814760208129883 1
vt 28.554750442504883 1
vt 27.814760208129883 -9
vt 28.554750442504883 1
vt 28.554750442504883 -9
vt 27.814760208129883 -9
vt 28.554750442504883 1
vt 29.24574089050293 1
vt 28.554750442504883 -9
vt 29.24574089050293 1
vt 29.24574089050293 -9
vt 28.554750442504883 -9
vt 9.446110725402832 1
vt 10.165372848510742 1
vt 9.446110725402832 -9
vt 10.165372848510742 1
vt 10.165372848510742 -9
vt 9.446110725402832 -9
vt 10.165372848510742 1
vt 11.10462474822998 1
vt 10.165372848510742 -9
vt 11.10462474822998 1
vt 11.10462474822998 -9
vt 10.165372848510742 -9
vt 11.10462474822998 1
vt 12.28581428527832 1
vt 11.10462474822998 -9
vt 12.28581428527832 1
vt 12.28581428527832 -9
vt 11.10462474822998 -9
vt 12.28581428527832 1
vt 13.730889320373535 1
vt 12.28581428527832 -9
vt 13.730889320373535 1
vt 13.730889320373535 -9
vt 12.28581428527832 -9
vt 13.730889320373535 1
vt 15.461796760559082 1
vt 13.730889320373535 -9
vt 15.461796760559082 1
vt 15.461796760559082 -9
vt 13.730889320373535 -9
vt 15.461796760559082 1
vt 17.500486373901367 1
vt 15.461796760559082 -9
vt 17.500486373901367 1
vt 17.500486373901367 -9
vt 15.461796760559082 -9
vt 17.500486373901367 1
vt 19.86890411376953 1
vt 17.500486373901367 -9
vt 19.86890411376953 1
vt 19.86890411376953 -9
vt 17.500486373901367 -9
vt 19.86890411376953 1
vt 22.589000701904297 1
vt 19.86890411376953 -9
vt 22.589000701904297 1
vt 22.589000701904297 -9
vt 19.86890411376953 -9
vt 22.589000701904297 1
vt 25.30487060546875 1
vt 22.589000701904297 -9
vt 25.30487060546875 1
vt 25.30487060546875 -9
vt 22.589000701904297 -9
vt 25.30487060546875 1
vt 27.684545516967773 1
vt 25.30487060546875 -9
vt 27.684545516967773 1
vt 27.684545516967773 -9
vt 25.30487060546875 -9
vt 27.684545516967773 1
vt 29.74912452697754 1
vt 27.684545516967773 -9
vt 29.74912452697754 1
vt 29.74912452697754 -9
vt 27.684545516967773 -9
vt 29.74912452697754 1
vt 31.519702911376953 1
vt 29.74912452697754 -9
vt 31.519702911376953 1
vt 31.519702911376953 -9
vt 29.74912452697754 -9
vt 31.519702911376953 1
vt 33.01737976074219 1
vt 31.519702911376953 -9
vt 33.01737976074219 1
vt 33.01737976074219 -9
vt 31.519702911376953 -9
vt 33.01737976074219 1
vt 34.263248443603516 1
vt 33.01737976074219 -9
vt 34.263248443603516 1
vt 34.263248443603516 -9
vt 33.01737976074219 -9
vt 34.263248443603516 1
vt 35.278411865234375 1
vt 34.263248443603516 -9
vt 35.278411865234375 1
vt 35.278411865234375 -9
vt 34.263248443603516 -9
vt 29.01806640625 1
vt 28.069740295410156 1
vt 29.01806640625 -9
vt 28.069740295410156 1
vt 28.069740295410156 -9
vt 29.01806640625 -9
vt 28.069740295410156 1
vt 27.00436019897461 1
vt 28.069740295410156 -9
vt 27.00436019897461 1
vt 27.00436019897461 -9
vt 28.069740295410156 -9
vt 27.00436019897461 1
vt 25.824134826660156 1
vt 27.00436019897461 -9
vt 25.824134826660156 1
vt 25.824134826660156 -9
vt 27.00436019897461 -9
vt 25.824134826660156 1
vt 24.53127670288086 1
vt 25.824134826660156 -9
vt 24.53127670288086 1
vt 24.53127670288086 -9
vt 25.824134826660156 -9
vt 24.53127670288086 1
vt 23.128000259399414 1
vt 24.53127670288086 -9
vt 23.128000259399414 1
vt 23.128000259399414 -9
vt 24.53127670288086 -9
vt 37.63199996948242 1
vt 42.630001068115234 1
vt 37.63199996948242 -9
vt 42.630001068115234 1
vt 42.630001068115234 -9
vt 37.63199996948242 -9
vt 23.128000259399414 1
vt 25.05391502380371 1
vt 23.128000259399414 -9
vt 25.05391502380371 1
vt 25.05391502380371 -9
vt 23.128000259399414 -9
vt 25.05391502380371 1
vt 26.856990814208984 1
vt 25.05391502380371 -9
vt 26.856990814208984 1
vt 26.856990814208984 -9
vt 25.05391502380371 -9
vt 26.856990814208984 1
vt 28.528718948364258 1
vt 26.856990814208984 -9
vt 28.528718948364258 1
vt 28.528718948364258 -9
vt 26.856990814208984 -9
vt 28.528718948364258 1
vt 30.060592651367188 1
vt 28.528718948364258 -9
vt 30.060592651367188 1
vt 30.060592651367188 -9
vt 28.528718948364258 -9
vt 30.060592651367188 1
vt 31.44410514831543 1
vt 30.060592651367188 -9
vt 31.44410514831543 1
vt 31.44410514831543 -9
vt 30.060592651367188 -9
vt 39.29258346557617 1
vt 37.88312530517578 1
vt 39.29258346557617 -9
vt 37.88312530517578 1
vt 37.88312530517578 -9
vt 39.29258346557617 -9
vt 37.88312530517578 1
vt 36.180686950683594 1
vt 37.88312530517578 -9
vt 36.180686950683594 1
vt 36.180686950683594 -9
vt 37.88312530517578 -9
vt 36.180686950683594 1
vt 34.16570281982422 1
vt 36.180686950683594 -9
vt 34.16570281982422 1
vt 34.16570281982422 -9
vt 36.180686950683594 -9
vt 34.16570281982422 1
vt 31.8186092376709 1
vt 34.16570281982422 -9
vt 31.8186092376709 1
vt 31.8186092376709 -9
vt 34.16570281982422 -9
vt 31.8186092376709 1
vt 29.11983871459961 1
vt 31.8186092376709 -9
vt 29.11983871459961 1
vt 29.11983871459961 -9
vt 31.8186092376709 -9
vt 29.11983871459961 1
vt 26.049823760986328 1
vt 29.11983871459961 -9
vt 26.049823760986328 1
vt 26.049823760986328 -9
vt 29.11983871459961 -9
vt 26.049823760986328 1
vt 22.589000701904297 1
vt 26.049823760986328 -9
vt 22.589000701904297 1
vt 22.589000701904297 -9
vt 26.049823760986328 -9
vt 22.589000701904297 1
vt 19.1539249420166 1
vt 22.589000701904297 -9
vt 19.1539249420166 1
vt 19.1539249420166 -9
vt 22.589000701904297 -9
vt 19.1539249420166 1
vt 16.113059997558594 1
vt 19.1539249420166 -9
vt 16.113059997558594 1
vt 16.113059997558594 -9
vt 19.1539249420166 -9
vt 16.113059997558594 1
vt 13.448203086853027 1
vt 16.113059997558594 -9
vt 13.448203086853027 1
vt 13.448203086853027 -9
vt 16.113059997558594 -9
vt 13.448203086853027 1
vt 11.141148567199707 1
vt 13.448203086853027 -9
vt 11.141148567199707 1
vt 11.141148567199707 -9
vt 13.448203086853027 -9
vt 11.141148567199707 1
vt 9.173690795898438 1
vt 11.141148567199707 -9
vt 9.173690795898438 1
vt 9.173690795898438 -9
vt 11.141148567199707 -9
vt 9.173690795898438 1
vt 7.52762508392334 1
vt 9.173690795898438 -9
vt 7.52762508392334 1
vt 7.52762508392334 -9
vt 9.173690795898438 -9
vt 7.52762508392334 1
vt 6.184747219085693 1
vt 7.52762508392334 -9
vt 6.184747219085693 1
vt 6.184747219085693 -9
vt 7.52762508392334 -9
vt 32.237491607666016 1
vt 31.142221450805664 1
vt 32.237491607666016 -9
vt 31.142221450805664 1
vt 31.142221450805664 -9
vt 32.237491607666016 -9
vt 31.142221450805664 1
vt 29.955078125 1
vt 31.142221450805664 -9
vt 29.955078125 1
vt 29.955078125 -9
vt 31.142221450805664 -9
vt 29.955078125 1
vt 28.688819885253906 1
vt 29.955078125 -9
vt 28.688819885253906 1
vt 28.688819885253906 -9
vt 29.955078125 -9
vt 28.688819885253906 1
vt 27.3562068939209 1
vt 28.688819885253906 -9
vt 27.3562068939209 1
vt 27.3562068939209 -9
vt 28.688819885253906 -9
vt 27.3562068939209 1
vt 25.969999313354492 1
vt 27.3562068939209 -9
vt 25.969999313354492 1
vt 25.969999313354492 -9
vt 27.3562068939209 -9
vt 25.969999313354492 1
vt 24.602537155151367 1
vt 25.969999313354492 -9
vt 24.602537155151367 1
vt 24.602537155151367 -9
vt 25.969999313354492 -9
vt 24.602537155151367 1
vt 23.3194637298584 1
vt 24.602537155151367 -9
vt 23.3194637298584 1
vt 23.3194637298584 -9
vt 24.602537155151367 -9
vt 23.3194637298584 1
vt 22.12350082397461 1
vt 23.3194637298584 -9
vt 22.12350082397461 1
vt 22.12350082397461 -9
vt 23.3194637298584 -9
vt 22.12350082397461 1
vt 21.017370223999023 1
vt 22.12350082397461 -9
vt 21.017370223999023 1
vt 21.017370223999023 -9
vt 22.12350082397461 -9
vt 21.017370223999023 1
vt 20.003795623779297 1
vt 21.017370223999023 -9
vt 20.003795623779297 1
vt 20.003795623779297 -9
vt 21.017370223999023 -9
vt 5.920322895050049 1
vt 7.239749908447266 1
vt 5.920322895050049 -9
vt 7.239749908447266 1
vt 7.239749908447266 -9
vt 5.920322895050049 -9
vt 7.239749908447266 1
vt 8.908302307128906 1
vt 7.239749908447266 -9
vt 8.908302307128906 1
vt 8.908302307128906 -9
vt 7.239749908447266 -9
vt 8.908302307128906 1
vt 10.95966625213623 1
vt 8.908302307128906 -9
vt 10.95966625213623 1
vt 10.95966625213623 -9
vt 8.908302307128906 -9
vt 10.95966625213623 1
vt 13.427531242370605 1
vt 10.95966625213623 -9
vt 13.427531242370605 1
vt 13.427531242370605 -9
vt 10.95966625213623 -9
vt 13.427531242370605 1
vt 16.345582962036133 1
vt 13.427531242370605 -9
vt 16.345582962036133 1
vt 16.345582962036133 -9
vt 13.427531242370605 -9
vt 16.345582962036133 1
vt 19.74751091003418 1
vt 16.345582962036133 -9
vt 19.74751091003418 1
vt 19.74751091003418 -9
vt 16.345582962036133 -9
vt 19.74751091003418 1
vt 23.66699981689453 1
vt 19.74751091003418 -9
vt 23.66699981689453 1
vt 23.66699981689453 -9
vt 19.74751091003418 -9
vt 23.66699981689453 1
vt 26.7573184967041 1
vt 23.66699981689453 -9
vt 26.7573184967041 1
vt 26.7573184967041 -9
vt 23.66699981689453 -9
vt 26.7573184967041 1
vt 29.410207748413086 1
vt 26.7573184967041 -9
vt 29.410207748413086 1
vt 29.410207748413086 -9
vt 26.7573184967041 -9
vt 29.410207748413086 1
vt 31.657827377319336 1
vt 29.410207748413086 -9
vt 31.657827377319336 1
vt 31.657827377319336 -9
vt 29.410207748413086 -9
vt 31.657827377319336 1
vt 33.53233337402344 1
vt 31.657827377319336 -9
vt 33.53233337402344 1
vt 33.53233337402344 -9
vt 31.657827377319336 -9
vt 33.53233337402344 1
vt 35.065879821777344 1
vt 33.53233337402344 -9
vt 35.065879821777344 1
vt 35.065879821777344 -9
vt 33.53233337402344 -9
vt 35.065879821777344 1
vt 36.290626525878906 1
vt 35.065879821777344 -9
vt 36.290626525878906 1
vt 36.290626525878906 -9
vt 35.065879821777344 -9
vt 36.290626525878906 1
vt 37.23872375488281 1
vt 36.290626525878906 -9
vt 37.23872375488281 1
vt 37.23872375488281 -9
vt 36.290626525878906 -9
vt 37.23872375488281 1
vt 37.94233322143555 1
vt 37.23872375488281 -9
vt 37.94233322143555 1
vt 37.94233322143555 -9
vt 37.23872375488281 -9
vt 12.487740516662598 1
vt 11.842687606811523 1
vt 12.487740516662598 -9
vt 11.842687606811523 1
vt 11.842687606811523 -9
vt 12.487740516662598 -9
vt 11.842687606811523 1
vt 11.146592140197754 1
vt 11.842687606811523 -9
vt 11.146592140197754 1
vt 11.146592140197754 -9
vt 11.842687606811523 -9
vt 11.146592140197754 1
vt 10.400136947631836 1
vt 11.146592140197754 -9
vt 10.400136947631836 1
vt 10.400136947631836 -9
vt 11.146592140197754 -9
vt 10.400136947631836 1
vt 9.604000091552734 1
vt 10.400136947631836 -9
vt 9.604000091552734 1
vt 9.604000091552734 -9
vt 10.400136947631836 -9
vt 9.604000091552734 1
vt 8.754581451416016 1
vt 9.604000091552734 -9
vt 8.754581451416016 1
vt 8.754581451416016 -9
vt 9.604000091552734 -9
vt 8.754581451416016 1
vt 7.949569225311279 1
vt 8.754581451416016 -9
vt 7.949569225311279 1
vt 7.949569225311279 -9
vt 8.754581451416016 -9
vt 7.949569225311279 1
vt 7.194578170776367 1
vt 7.949569225311279 -9
vt 7.194578170776367 1
vt 7.194578170776367 -9
vt 7.949569225311279 -9
vt 7.194578170776367 1
vt 6.495222091674805 1
vt 7.194578170776367 -9
vt 6.495222091674805 1
vt 6.495222091674805 -9
vt 7.194578170776367 -9
vt 37.79351806640625 1
vt 37.03101348876953 1
vt 37.79351806640625 -9
vt 37.03101348876953 1
vt 37.03101348876953 -9
vt 37.79351806640625 -9
vt 37.03101348876953 1
vt 36.02724838256836 1
vt 37.03101348876953 -9
vt 36.02724838256836 1
vt 36.02724838256836 -9
vt 37.03101348876953 -9
vt 36.02724838256836 1
vt 34.75602722167969 1
vt 36.02724838256836 -9
vt 34.75602722167969 1
vt 34.75602722167969 -9
vt 36.02724838256836 -9
vt 34.75602722167969 1
vt 33.19114685058594 1
vt 34.75602722167969 -9
vt 33.19114685058594 1
vt 33.19114685058594 -9
vt 34.75602722167969 -9
vt 33.19114685058594 1
vt 31.306406021118164 1
vt 33.19114685058594 -9
vt 31.306406021118164 1
vt 31.306406021118164 -9
vt 33.19114685058594 -9
vt 31.306406021118164 1
vt 29.07560157775879 1
vt 31.306406021118164 -9
vt 29.07560157775879 1
vt 29.07560157775879 -9
vt 31.306406021118164 -9
vt 29.07560157775879 1
vt 26.4725341796875 1
vt 29.07560157775879 -9
vt 26.4725341796875 1
vt 26.4725341796875 -9
vt 29.07560157775879 -9
vt 26.4725341796875 1
vt 23.47100067138672 1
vt 26.4725341796875 -9
vt 23.47100067138672 1
vt 23.47100067138672 -9
vt 26.4725341796875 -9
vt 23.47100067138672 1
vt 20.53443145751953 1
vt 23.47100067138672 -9
vt 20.53443145751953 1
vt 20.53443145751953 -9
vt 23.47100067138672 -9
vt 20.53443145751953 1
vt 17.957365036010742 1
vt 20.53443145751953 -9
vt 17.957365036010742 1
vt 17.957365036010742 -9
vt 20.53443145751953 -9
vt 17.957365036010742 1
vt 15.71751594543457 1
vt 17.957365036010742 -9
vt 15.71751594543457 1
vt 15.71751594543457 -9
vt 17.957365036010742 -9
vt 15.71751594543457 1
vt 13.792593002319336 1
vt 15.71751594543457 -9
vt 13.792593002319336 1
vt 13.792593002319336 -9
vt 15.71751594543457 -9
vt 13.792593002319336 1
vt 12.160308837890625 1
vt 13.792593002319336 -9
vt 12.160308837890625 1
vt 12.160308837890625 -9
vt 13.792593002319336 -9
vt 12.160308837890625 1
vt 10.798375129699707 1
vt 12.160308837890625 -9
vt 10.798375129699707 1
vt 10.798375129699707 -9
vt 12.160308837890625 -9
vt 10.798375129699707 1
vt 9.684504508972168 1
vt 10.798375129699707 -9
vt 9.684504508972168 1
vt 9.684504508972168 -9
vt 10.798375129699707 -9
vt 6.8547539710998535 1
vt 7.816407203674316 1
vt 6.8547539710998535 -9
vt 7.816407203674316 1
vt 7.816407203674316 -9
vt 6.8547539710998535 -9
vt 7.816407203674316 1
vt 8.88967227935791 1
vt 7.816407203674316 -9
vt 8.88967227935791 1
vt 8.88967227935791 -9
vt 7.816407203674316 -9
vt 8.88967227935791 1
vt 10.070633888244629 1
vt 8.88967227935791 -9
vt 10.070633888244629 1
vt 10.070633888244629 -9
vt 8.88967227935791 -9
vt 10.070633888244629 1
vt 11.35538101196289 1
vt 10.070633888244629 -9
vt 11.35538101196289 1
vt 11.35538101196289 -9
vt 10.070633888244629 -9
vt 11.35538101196289 1
vt 12.739999771118164 1
vt 11.35538101196289 -9
vt 12.739999771118164 1
vt 12.739999771118164 -9
vt 11.35538101196289 -9
vt 7.056000232696533 1
vt 2.009000062942505 1
vt 7.056000232696533 -9
vt 2.009000062942505 1
vt 2.009000062942505 -9
vt 7.056000232696533 -9
vt 12.739999771118164 1
vt 10.750395774841309 1
vt 12.739999771118164 -9
vt 10.750395774841309 1
vt 10.750395774841309 -9
vt 12.739999771118164 -9
vt 70.78152465820312 -0.02812962979078293
vt 68.26128387451172 -0.37203702330589294
vt 65.50199890136719 -0.49000000953674316
vt 75.10418701171875 1.2776296138763428
vt 73.06254577636719 0.5267500281333923
vt 70.78152465820312 -0.02812962979078293
vt 78.4686279296875 3.307499885559082
vt 76.90626525878906 2.2095370292663574
vt 75.10418701171875 1.2776296138763428
vt 80.87348175048828 5.941703796386719
vt 79.79108428955078 4.556546211242676
vt 78.4686279296875 3.307499885559082
vt 82.31739044189453 9.060462951660156
vt 81.71563720703125 7.447999954223633
vt 80.87348175048828 5.941703796386719
vt 82.79900360107422 12.543999671936035
vt 82.67857360839844 10.764120101928711
vt 82.31739044189453 9.060462951660156
vt 82.67857360839844 15.205879211425781
vt 82.79900360107422 13.425999641418457
vt 82.79900360107422 12.543999671936035
vt 81.71563720703125 18.52199935913086
vt 82.31739044189453 16.909536361694336
vt 82.67857360839844 15.205879211425781
vt 79.79108428955078 21.413454055786133
vt 80.87348175048828 20.028295516967773
vt 81.71563720703125 18.52199935913086
vt 76.90626525878906 23.76046371459961
vt 78.4686279296875 22.662500381469727
vt 79.79108428955078 21.413454055786133
vt 73.06254577636719 25.44325065612793
vt 75.10418701171875 24.69236946105957
vt 76.90626525878906 23.76046371459961
vt 68.26128387451172 26.342037200927734
vt 70.78152465820312 25.99812889099121
vt 73.06254577636719 25.44325065612793
vt 62.74271774291992 26.342037200927734
vt 65.50199890136719 26.459999084472656
vt 68.26128387451172 26.342037200927734
vt 57.94145202636719 25.44325065612793
vt 60.222476959228516 25.99812889099121
vt 62.74271774291992 26.342037200927734
vt 54.09773254394531 23.76046371459961
vt 55.89981460571289 24.69236946105957
vt 57.94145202636719 25.44325065612793
vt 51.212913513183594 21.413454055786133
vt 52.53537368774414 22.662500381469727
vt 54.09773254394531 23.76046371459961
vt 49.288360595703125 18.52199935913086
vt 50.13051986694336 20.028295516967773
vt 51.212913513183594 21.413454055786133
vt 48.32543182373047 15.205879211425781
vt 48.686607360839844 16.909536361694336
vt 49.288360595703125 18.52199935913086
vt 48.20500183105469 12.543999671936035
vt 48.20500183105469 13.425999641418457
vt 48.32543182373047 15.205879211425781
vt 52.98834228515625 14.353852272033691
vt 52.909000396728516 12.984999656677246
vt 48.20500183105469 12.543999671936035
vt 48.20500183105469 12.543999671936035
vt 52.909000396728516 12.984999656677246
vt 52.98834228515625 11.616147994995117
vt 48.686607360839844 9.060462951660156
vt 48.32543182373047 10.764120101928711
vt 48.20500183105469 12.543999671936035
vt 50.13051986694336 5.941703796386719
vt 49.288360595703125 7.447999954223633
vt 48.686607360839844 9.060462951660156
vt 52.53537368774414 3.307499885559082
vt 51.212913513183594 4.556546211242676
vt 50.13051986694336 5.941703796386719
vt 55.89981460571289 1.2776296138763428
vt 54.09773254394531 2.2095370292663574
vt 52.53537368774414 3.307499885559082
vt 60.222476959228516 -0.02812962979078293
vt 57.94145202636719 0.5267500281333923
vt 55.89981460571289 1.2776296138763428
vt 65.50199890136719 -0.49000000953674316
vt 62.74271774291992 -0.37203702330589294
vt 60.222476959228516 -0.02812962979078293
vt 75.10418701171875 1.2776296138763428
vt 70.78152465820312 -0.02812962979078293
vt 65.50199890136719 -0.49000000953674316
vt 80.87348175048828 5.941703796386719
vt 78.4686279296875 3.307499885559082
vt 75.10418701171875 1.2776296138763428
vt 82.79900360107422 12.543999671936035
vt 82.31739044189453 9.060462951660156
vt 80.87348175048828 5.941703796386719
vt 81.71563720703125 18.52199935913086
vt 82.67857360839844 15.205879211425781
vt 82.79900360107422 12.543999671936035
vt 76.90626525878906 23.76046371459961
vt 79.79108428955078 21.413454055786133
vt 81.71563720703125 18.52199935913086
vt 68.26128387451172 26.342037200927734
vt 73.06254577636719 25.44325065612793
vt 76.90626525878906 23.76046371459961
vt 57.94145202636719 25.44325065612793
vt 62.74271774291992 26.342037200927734
vt 68.26128387451172 26.342037200927734
vt 51.212913513183594 21.413454055786133
vt 54.09773254394531 23.76046371459961
vt 57.94145202636719 25.44325065612793
vt 48.32543182373047 15.205879211425781
vt 49.288360595703125 18.52199935913086
vt 51.212913513183594 21.413454055786133
vt 52.98834228515625 14.353852272033691
vt 48.20500183105469 12.543999671936035
vt 48.32543182373047 15.205879211425781
vt 48.20500183105469 12.543999671936035
vt 52.98834228515625 11.616147994995117
vt 53.22931671142578 10.331514358520508
vt 50.13051986694336 5.941703796386719
vt 48.686607360839844 9.060462951660156
vt 48.20500183105469 12.543999671936035
vt 55.89981460571289 1.2776296138763428
vt 52.53537368774414 3.307499885559082
vt 50.13051986694336 5.941703796386719
vt 65.50199890136719 -0.49000000953674316
vt 60.222476959228516 -0.02812962979078293
vt 55.89981460571289 1.2776296138763428
vt 80.87348175048828 5.941703796386719
vt 75.10418701171875 1.2776296138763428
vt 65.50199890136719 -0.49000000953674316
vt 81.71563720703125 18.52199935913086
vt 82.79900360107422 12.543999671936035
vt 80.87348175048828 5.941703796386719
vt 68.26128387451172 26.342037200927734
vt 76.90626525878906 23.76046371459961
vt 81.71563720703125 18.52199935913086
vt 51.212913513183594 21.413454055786133
vt 57.94145202636719 25.44325065612793
vt 68.26128387451172 26.342037200927734
vt 52.98834228515625 14.353852272033691
vt 48.32543182373047 15.205879211425781
vt 51.212913513183594 21.413454055786133
vt 48.20500183105469 12.543999671936035
vt 53.22931671142578 10.331514358520508
vt 53.63634490966797 9.137734413146973
vt 55.89981460571289 1.2776296138763428
vt 50.13051986694336 5.941703796386719
vt 48.20500183105469 12.543999671936035
vt 80.87348175048828 5.941703796386719
vt 65.50199890136719 -0.49000000953674316
vt 55.89981460571289 1.2776296138763428
vt 53.22931671142578 15.6384859085083
vt 52.98834228515625 14.353852272033691
vt 51.212913513183594 21.413454055786133
vt 48.20500183105469 12.543999671936035
vt 53.63634490966797 9.137734413146973
vt 54.21385192871094 8.041444778442383
vt 53.63634490966797 16.832265853881836
vt 53.22931671142578 15.6384859085083
vt 51.212913513183594 21.413454055786133
vt 48.20500183105469 12.543999671936035
vt 54.21385192871094 8.041444778442383
vt 54.96626281738281 7.049279689788818
vt 54.21385192871094 17.928556442260742
vt 53.63634490966797 16.832265853881836
vt 51.212913513183594 21.413454055786133
vt 48.20500183105469 12.543999671936035
vt 54.96626281738281 7.049279689788818
vt 55.89799880981445 6.167874813079834
vt 54.96626281738281 18.92072105407715
vt 54.21385192871094 17.928556442260742
vt 51.212913513183594 21.413454055786133
vt 55.89981460571289 1.2776296138763428
vt 48.20500183105469 12.543999671936035
vt 55.89799880981445 6.167874813079834
vt 55.89799880981445 19.802125930786133
vt 54.96626281738281 18.92072105407715
vt 51.212913513183594 21.413454055786133
vt 55.89981460571289 1.2776296138763428
vt 55.89799880981445 6.167874813079834
vt 57.01348876953125 5.403866291046143
vt 57.01348876953125 20.566133499145508
vt 55.89799880981445 19.802125930786133
vt 51.212913513183594 21.413454055786133
vt 55.89981460571289 1.2776296138763428
vt 57.01348876953125 5.403866291046143
vt 58.31714630126953 4.763888835906982
vt 57.01348876953125 20.566133499145508
vt 51.212913513183594 21.413454055786133
vt 68.26128387451172 26.342037200927734
vt 55.89981460571289 1.2776296138763428
vt 58.31714630126953 4.763888835906982
vt 59.81340789794922 4.254578113555908
vt 58.31714630126953 21.206111907958984
vt 57.01348876953125 20.566133499145508
vt 68.26128387451172 26.342037200927734
vt 55.89981460571289 1.2776296138763428
vt 59.81340789794922 4.254578113555908
vt 61.506683349609375 3.8825695514678955
vt 59.81340789794922 21.715421676635742
vt 58.31714630126953 21.206111907958984
vt 68.26128387451172 26.342037200927734
vt 55.89981460571289 1.2776296138763428
vt 61.506683349609375 3.8825695514678955
vt 63.40140914916992 3.654498338699341
vt 61.506683349609375 22.087430953979492
vt 59.81340789794922 21.715421676635742
vt 68.26128387451172 26.342037200927734
vt 55.89981460571289 1.2776296138763428
vt 63.40140914916992 3.654498338699341
vt 65.50199890136719 3.5769999027252197
vt 63.40140914916992 22.315502166748047
vt 61.506683349609375 22.087430953979492
vt 68.26128387451172 26.342037200927734
vt 55.89981460571289 1.2776296138763428
vt 65.50199890136719 3.5769999027252197
vt 67.60259246826172 3.654498338699341
vt 65.50199890136719 22.39299964904785
vt 63.40140914916992 22.315502166748047
vt 68.26128387451172 26.342037200927734
vt 55.89981460571289 1.2776296138763428
vt 67.60259246826172 3.654498338699341
vt 69.497314453125 3.8825695514678955
vt 67.60259246826172 22.315502166748047
vt 65.50199890136719 22.39299964904785
vt 68.26128387451172 26.342037200927734
vt 80.87348175048828 5.941703796386719
vt 55.89981460571289 1.2776296138763428
vt 69.497314453125 3.8825695514678955
vt 69.497314453125 22.087430953979492
vt 67.60259246826172 22.315502166748047
vt 68.26128387451172 26.342037200927734
vt 80.87348175048828 5.941703796386719
vt 69.497314453125 3.8825695514678955
vt 71.19059753417969 4.254578113555908
vt 71.19059753417969 21.715421676635742
vt 69.497314453125 22.087430953979492
vt 68.26128387451172 26.342037200927734
vt 80.87348175048828 5.941703796386719
vt 71.19059753417969 4.254578113555908
vt 72.68685150146484 4.763888835906982
vt 71.19059753417969 21.715421676635742
vt 68.26128387451172 26.342037200927734
vt 81.71563720703125 18.52199935913086
vt 80.87348175048828 5.941703796386719
vt 72.68685150146484 4.763888835906982
vt 73.99050903320312 5.403866291046143
vt 72.68685150146484 21.206111907958984
vt 71.19059753417969 21.715421676635742
vt 81.71563720703125 18.52199935913086
vt 80.87348175048828 5.941703796386719
vt 73.99050903320312 5.403866291046143
vt 75.10600280761719 6.167874813079834
vt 73.99050903320312 20.566133499145508
vt 72.68685150146484 21.206111907958984
vt 81.71563720703125 18.52199935913086
vt 80.87348175048828 5.941703796386719
vt 75.10600280761719 6.167874813079834
vt 76.03773498535156 7.049279689788818
vt 75.10600280761719 19.802125930786133
vt 73.99050903320312 20.566133499145508
vt 81.71563720703125 18.52199935913086
vt 80.87348175048828 5.941703796386719
vt 76.03773498535156 7.049279689788818
vt 76.79014587402344 8.041444778442383
vt 76.03773498535156 18.92072105407715
vt 75.10600280761719 19.802125930786133
vt 81.71563720703125 18.52199935913086
vt 80.87348175048828 5.941703796386719
vt 76.79014587402344 8.041444778442383
vt 77.3676528930664 9.137734413146973
vt 76.79014587402344 17.928556442260742
vt 76.03773498535156 18.92072105407715
vt 81.71563720703125 18.52199935913086
vt 80.87348175048828 5.941703796386719
vt 77.3676528930664 9.137734413146973
vt 77.77468872070312 10.331514358520508
vt 77.3676528930664 16.832265853881836
vt 76.79014587402344 17.928556442260742
vt 81.71563720703125 18.52199935913086
vt 80.87348175048828 5.941703796386719
vt 77.77468872070312 10.331514358520508
vt 78.01565551757812 11.616147994995117
vt 77.77468872070312 15.6384859085083
vt 77.3676528930664 16.832265853881836
vt 81.71563720703125 18.52199935913086
vt 80.87348175048828 5.941703796386719
vt 78.01565551757812 11.616147994995117
vt 78.09500122070312 12.984999656677246
vt 77.77468872070312 15.6384859085083
vt 81.71563720703125 18.52199935913086
vt 80.87348175048828 5.941703796386719
vt 80.87348175048828 5.941703796386719
vt 78.09500122070312 12.984999656677246
vt 78.01565551757812 14.353852272033691
vt 78.01565551757812 14.353852272033691
vt 77.77468872070312 15.6384859085083
vt 80.87348175048828 5.941703796386719
vt 65.50199890136719 -0.49000000953674316
vt 68.26128387451172 -0.37203702330589294
vt 70.78152465820312 -0.02812962979078293
vt 70.78152465820312 -0.02812962979078293
vt 73.06254577636719 0.5267500281333923
vt 75.10418701171875 1.2776296138763428
vt 75.10418701171875 1.2776296138763428
vt 76.90626525878906 2.2095370292663574
vt 78.4686279296875 3.307499885559082
vt 78.4686279296875 3.307499885559082
vt 79.79108428955078 4.556546211242676
vt 80.87348175048828 5.941703796386719
vt 80.87348175048828 5.941703796386719
vt 81.71563720703125 7.447999954223633
vt 82.31739044189453 9.060462951660156
vt 82.31739044189453 9.060462951660156
vt 82.67857360839844 10.764120101928711
vt 82.79900360107422 12.543999671936035
vt 82.79900360107422 12.543999671936035
vt 82.79900360107422 13.425999641418457
vt 82.67857360839844 15.205879211425781
vt 82.67857360839844 15.205879211425781
vt 82.31739044189453 16.909536361694336
vt 81.71563720703125 18.52199935913086
vt 81.71563720703125 18.52199935913086
vt 80.87348175048828 20.028295516967773
vt 79.79108428955078 21.413454055786133
vt 79.79108428955078 21.413454055786133
vt 78.4686279296875 22.662500381469727
vt 76.90626525878906 23.76046371459961
vt 76.90626525878906 23.76046371459961
vt 75.10418701171875 24.69236946105957
vt 73.06254577636719 25.44325065612793
vt 73.06254577636719 25.44325065612793
vt 70.78152465820312 25.99812889099121
vt 68.26128387451172 26.342037200927734
vt 68.26128387451172 26.342037200927734
vt 65.50199890136719 26.459999084472656
vt 62.74271774291992 26.342037200927734
vt 62.74271774291992 26.342037200927734
vt 60.222476959228516 25.99812889099121
vt 57.94145202636719 25.44325065612793
vt 57.94145202636719 25.44325065612793
vt 55.89981460571289 24.69236946105957
vt 54.09773254394531 23.76046371459961
vt 54.09773254394531 23.76046371459961
vt 52.53537368774414 22.662500381469727
vt 51.212913513183594 21.413454055786133
vt 51.212913513183594 21.413454055786133
vt 50.13051986694336 20.028295516967773
vt 49.288360595703125 18.52199935913086
vt 49.288360595703125 18.52199935913086
vt 48.686607360839844 16.909536361694336
vt 48.32543182373047 15.205879211425781
vt 48.32543182373047 15.205879211425781
vt 48.20500183105469 13.425999641418457
vt 48.20500183105469 12.543999671936035
vt 48.20500183105469 12.543999671936035
vt 52.909000396728516 12.984999656677246
vt 52.98834228515625 14.353852272033691
vt 52.98834228515625 11.616147994995117
vt 52.909000396728516 12.984999656677246
vt 48.20500183105469 12.543999671936035
vt 48.20500183105469 12.543999671936035
vt 48.32543182373047 10.764120101928711
vt 48.686607360839844 9.060462951660156
vt 48.686607360839844 9.060462951660156
vt 49.288360595703125 7.447999954223633
vt 50.13051986694336 5.941703796386719
vt 50.13051986694336 5.941703796386719
vt 51.212913513183594 4.556546211242676
vt 52.53537368774414 3.307499885559082
vt 52.53537368774414 3.307499885559082
vt 54.09773254394531 2.2095370292663574
vt 55.89981460571289 1.2776296138763428
vt 55.89981460571289 1.2776296138763428
vt 57.94145202636719 0.5267500281333923
vt 60.222476959228516 -0.02812962979078293
vt 60.222476959228516 -0.02812962979078293
vt 62.74271774291992 -0.37203702330589294
vt 65.50199890136719 -0.49000000953674316
vt 65.50199890136719 -0.49000000953674316
vt 70.78152465820312 -0.02812962979078293
vt 75.10418701171875 1.2776296138763428
vt 75.10418701171875 1.2776296138763428
vt 78.4686279296875 3.307499885559082
vt 80.87348175048828 5.941703796386719
vt 80.87348175048828 5.941703796386719
vt 82.31739044189453 9.060462951660156
vt 82.79900360107422 12.543999671936035
vt 82.79900360107422 12.543999671936035
vt 82.67857360839844 15.205879211425781
vt 81.71563720703125 18.52199935913086
vt 81.71563720703125 18.52199935913086
vt 79.79108428955078 21.413454055786133
vt 76.90626525878906 23.76046371459961
vt 76.90626525878906 23.76046371459961
vt 73.06254577636719 25.44325065612793
vt 68.26128387451172 26.342037200927734
vt 68.26128387451172 26.342037200927734
vt 62.74271774291992 26.342037200927734
vt 57.94145202636719 25.44325065612793
vt 57.94145202636719 25.44325065612793
vt 54.09773254394531 23.76046371459961
vt 51.212913513183594 21.413454055786133
vt 51.212913513183594 21.413454055786133
vt 49.288360595703125 18.52199935913086
vt 48.32543182373047 15.205879211425781
vt 48.32543182373047 15.205879211425781
vt 48.20500183105469 12.543999671936035
vt 52.98834228515625 14.353852272033691
vt 53.22931671142578 10.331514358520508
vt 52.98834228515625 11.616147994995117
vt 48.20500183105469 12.543999671936035
vt 48.20500183105469 12.543999671936035
vt 48.686607360839844 9.060462951660156
vt 50.13051986694336 5.941703796386719
vt 50.13051986694336 5.941703796386719
vt 52.53537368774414 3.307499885559082
vt 55.89981460571289 1.2776296138763428
vt 55.89981460571289 1.2776296138763428
vt 60.222476959228516 -0.02812962979078293
vt 65.50199890136719 -0.49000000953674316
vt 65.50199890136719 -0.49000000953674316
vt 75.10418701171875 1.2776296138763428
vt 80.87348175048828 5.941703796386719
vt 80.87348175048828 5.941703796386719
vt 82.79900360107422 12.543999671936035
vt 81.71563720703125 18.52199935913086
vt 81.71563720703125 18.52199935913086
vt 76.90626525878906 23.76046371459961
vt 68.26128387451172 26.342037200927734
vt 68.26128387451172 26.342037200927734
vt 57.94145202636719 25.44325065612793
vt 51.212913513183594 21.413454055786133
vt 51.212913513183594 21.413454055786133
vt 48.32543182373047 15.205879211425781
vt 52.98834228515625 14.353852272033691
vt 53.63634490966797 9.137734413146973
vt 53.22931671142578 10.331514358520508
vt 48.20500183105469 12.543999671936035
vt 48.20500183105469 12.543999671936035
vt 50.13051986694336 5.941703796386719
vt 55.89981460571289 1.2776296138763428
vt 55.89981460571289 1.2776296138763428
vt 65.50199890136719 -0.49000000953674316
vt 80.87348175048828 5.941703796386719
vt 51.212913513183594 21.413454055786133
vt 52.98834228515625 14.353852272033691
vt 53.22931671142578 15.6384859085083
vt 54.21385192871094 8.041444778442383
vt 53.63634490966797 9.137734413146973
vt 48.20500183105469 12.543999671936035
vt 51.212913513183594 21.413454055786133
vt 53.22931671142578 15.6384859085083
vt 53.63634490966797 16.832265853881836
vt 54.96626281738281 7.049279689788818
vt 54.21385192871094 8.041444778442383
vt 48.20500183105469 12.543999671936035
vt 51.212913513183594 21.413454055786133
vt 53.63634490966797 16.832265853881836
vt 54.21385192871094 17.928556442260742
vt 55.89799880981445 6.167874813079834
vt 54.96626281738281 7.049279689788818
vt 48.20500183105469 12.543999671936035
vt 51.212913513183594 21.413454055786133
vt 54.21385192871094 17.928556442260742
vt 54.96626281738281 18.92072105407715
vt 55.89799880981445 6.167874813079834
vt 48.20500183105469 12.543999671936035
vt 55.89981460571289 1.2776296138763428
vt 51.212913513183594 21.413454055786133
vt 54.96626281738281 18.92072105407715
vt 55.89799880981445 19.802125930786133
vt 57.01348876953125 5.403866291046143
vt 55.89799880981445 6.167874813079834
vt 55.89981460571289 1.2776296138763428
vt 51.212913513183594 21.413454055786133
vt 55.89799880981445 19.802125930786133
vt 57.01348876953125 20.566133499145508
vt 58.31714630126953 4.763888835906982
vt 57.01348876953125 5.403866291046143
vt 55.89981460571289 1.2776296138763428
vt 68.26128387451172 26.342037200927734
vt 51.212913513183594 21.413454055786133
vt 57.01348876953125 20.566133499145508
vt 59.81340789794922 4.254578113555908
vt 58.31714630126953 4.763888835906982
vt 55.89981460571289 1.2776296138763428
vt 68.26128387451172 26.342037200927734
vt 57.01348876953125 20.566133499145508
vt 58.31714630126953 21.206111907958984
vt 61.506683349609375 3.8825695514678955
vt 59.81340789794922 4.254578113555908
vt 55.89981460571289 1.2776296138763428
vt 68.26128387451172 26.342037200927734
vt 58.31714630126953 21.206111907958984
vt 59.81340789794922 21.715421676635742
vt 63.40140914916992 3.654498338699341
vt 61.506683349609375 3.8825695514678955
vt 55.89981460571289 1.2776296138763428
vt 68.26128387451172 26.342037200927734
vt 59.81340789794922 21.715421676635742
vt 61.506683349609375 22.087430953979492
vt 65.50199890136719 3.5769999027252197
vt 63.40140914916992 3.654498338699341
vt 55.89981460571289 1.2776296138763428
vt 68.26128387451172 26.342037200927734
vt 61.506683349609375 22.087430953979492
vt 63.40140914916992 22.315502166748047
vt 67.60259246826172 3.654498338699341
vt 65.50199890136719 3.5769999027252197
vt 55.89981460571289 1.2776296138763428
vt 68.26128387451172 26.342037200927734
vt 63.40140914916992 22.315502166748047
vt 65.50199890136719 22.39299964904785
vt 69.497314453125 3.8825695514678955
vt 67.60259246826172 3.654498338699341
vt 55.89981460571289 1.2776296138763428
vt 68.26128387451172 26.342037200927734
vt 65.50199890136719 22.39299964904785
vt 67.60259246826172 22.315502166748047
vt 69.497314453125 3.8825695514678955
vt 55.89981460571289 1.2776296138763428
vt 80.87348175048828 5.941703796386719
vt 68.26128387451172 26.342037200927734
vt 67.60259246826172 22.315502166748047
vt 69.497314453125 22.087430953979492
vt 71.19059753417969 4.254578113555908
vt 69.497314453125 3.8825695514678955
vt 80.87348175048828 5.941703796386719
vt 68.26128387451172 26.342037200927734
vt 69.497314453125 22.087430953979492
vt 71.19059753417969 21.715421676635742
vt 72.68685150146484 4.763888835906982
vt 71.19059753417969 4.254578113555908
vt 80.87348175048828 5.941703796386719
vt 81.71563720703125 18.52199935913086
vt 68.26128387451172 26.342037200927734
vt 71.19059753417969 21.715421676635742
vt 73.99050903320312 5.403866291046143
vt 72.68685150146484 4.763888835906982
vt 80.87348175048828 5.941703796386719
vt 81.71563720703125 18.52199935913086
vt 71.19059753417969 21.715421676635742
vt 72.68685150146484 21.206111907958984
vt 75.10600280761719 6.167874813079834
vt 73.99050903320312 5.403866291046143
vt 80.87348175048828 5.941703796386719
vt 81.71563720703125 18.52199935913086
vt 72.68685150146484 21.206111907958984
vt 73.99050903320312 20.566133499145508
vt 76.03773498535156 7.049279689788818
vt 75.10600280761719 6.167874813079834
vt 80.87348175048828 5.941703796386719
vt 81.71563720703125 18.52199935913086
vt 73.99050903320312 20.566133499145508
vt 75.10600280761719 19.802125930786133
vt 76.79014587402344 8.041444778442383
vt 76.03773498535156 7.049279689788818
vt 80.87348175048828 5.941703796386719
vt 81.71563720703125 18.52199935913086
vt 75.10600280761719 19.802125930786133
vt 76.03773498535156 18.92072105407715
vt 77.3676528930664 9.137734413146973
vt 76.79014587402344 8.041444778442383
vt 80.87348175048828 5.941703796386719
vt 81.71563720703125 18.52199935913086
vt 76.03773498535156 18.92072105407715
vt 76.79014587402344 17.928556442260742
vt 77.77468872070312 10.331514358520508
vt 77.3676528930664 9.137734413146973
vt 80.87348175048828 5.941703796386719
vt 81.71563720703125 18.52199935913086
vt 76.79014587402344 17.928556442260742
vt 77.3676528930664 16.832265853881836
vt 78.01565551757812 11.616147994995117
vt 77.77468872070312 10.331514358520508
vt 80.87348175048828 5.941703796386719
vt 81.71563720703125 18.52199935913086
vt 77.3676528930664 16.832265853881836
vt 77.77468872070312 15.6384859085083
vt 78.09500122070312 12.984999656677246
vt 78.01565551757812 11.616147994995117
vt 80.87348175048828 5.941703796386719
vt 80.87348175048828 5.941703796386719
vt 81.71563720703125 18.52199935913086
vt 77.77468872070312 15.6384859085083
vt 78.01565551757812 14.353852272033691
vt 78.09500122070312 12.984999656677246
vt 80.87348175048828 5.941703796386719
vt 80.87348175048828 5.941703796386719
vt 77.77468872070312 15.6384859085083
vt 78.01565551757812 14.353852272033691
vt 68.26128387451172 1
vt 70.78152465820312 1
vt 68.26128387451172 -9
vt 70.78152465820312 1
vt 70.78152465820312 -9
vt 68.26128387451172 -9
vt 70.78152465820312 1
vt 73.06254577636719 1
vt 70.78152465820312 -9
vt 73.06254577636719 1
vt 73.06254577636719 -9
vt 70.78152465820312 -9
vt 73.06254577636719 1
vt 75.10418701171875 1
vt 73.06254577636719 -9
vt 75.10418701171875 1
vt 75.10418701171875 -9
vt 73.06254577636719 -9
vt 75.10418701171875 1
vt 76.90626525878906 1
vt 75.10418701171875 -9
vt 76.90626525878906 1
vt 76.90626525878906 -9
vt 75.10418701171875 -9
vt 76.90626525878906 1
vt 78.4686279296875 1
vt 76.90626525878906 -9
vt 78.4686279296875 1
vt 78.4686279296875 -9
vt 76.90626525878906 -9
vt 78.4686279296875 1
vt 79.79108428955078 1
vt 78.4686279296875 -9
vt 79.79108428955078 1
vt 79.79108428955078 -9
vt 78.4686279296875 -9
vt 4.556546211242676 1
vt 5.941703796386719 1
vt 4.556546211242676 -9
vt 5.941703796386719 1
vt 5.941703796386719 -9
vt 4.556546211242676 -9
vt 5.941703796386719 1
vt 7.447999954223633 1
vt 5.941703796386719 -9
vt 7.447999954223633 1
vt 7.447999954223633 -9
vt 5.941703796386719 -9
vt 7.447999954223633 1
vt 9.060462951660156 1
vt 7.447999954223633 -9
vt 9.060462951660156 1
vt 9.060462951660156 -9
vt 7.447999954223633 -9
vt 9.060462951660156 1
vt 10.764120101928711 1
vt 9.060462951660156 -9
vt 10.764120101928711 1
vt 10.764120101928711 -9
vt 9.060462951660156 -9
vt 10.764120101928711 1
vt 12.543999671936035 1
vt 10.764120101928711 -9
vt 12.543999671936035 1
vt 12.543999671936035 -9
vt 10.764120101928711 -9
vt 12.543999671936035 1
vt 13.425999641418457 1
vt 12.543999671936035 -9
vt 13.425999641418457 1
vt 13.425999641418457 -9
vt 12.543999671936035 -9
vt 13.425999641418457 1
vt 15.205879211425781 1
vt 13.425999641418457 -9
vt 15.205879211425781 1
vt 15.205879211425781 -9
vt 13.425999641418457 -9
vt 15.205879211425781 1
vt 16.909536361694336 1
vt 15.205879211425781 -9
vt 16.909536361694336 1
vt 16.909536361694336 -9
vt 15.205879211425781 -9
vt 16.909536361694336 1
vt 18.52199935913086 1
vt 16.909536361694336 -9
vt 18.52199935913086 1
vt 18.52199935913086 -9
vt 16.909536361694336 -9
vt 18.52199935913086 1
vt 20.028295516967773 1
vt 18.52199935913086 -9
vt 20.028295516967773 1
vt 20.028295516967773 -9
vt 18.52199935913086 -9
vt 20.028295516967773 1
vt 21.413454055786133 1
vt 20.028295516967773 -9
vt 21.413454055786133 1
vt 21.413454055786133 -9
vt 20.028295516967773 -9
vt 79.79108428955078 1
vt 78.4686279296875 1
vt 79.79108428955078 -9
vt 78.4686279296875 1
vt 78.4686279296875 -9
vt 79.79108428955078 -9
vt 78.4686279296875 1
vt 76.90626525878906 1
vt 78.4686279296875 -9
vt 76.90626525878906 1
vt 76.90626525878906 -9
vt 78.4686279296875 -9
vt 76.90626525878906 1
vt 75.10418701171875 1
vt 76.90626525878906 -9
vt 75.10418701171875 1
vt 75.10418701171875 -9
vt 76.90626525878906 -9
vt 75.10418701171875 1
vt 73.06254577636719 1
vt 75.10418701171875 -9
vt 73.06254577636719 1
vt 73.06254577636719 -9
vt 75.10418701171875 -9
vt 73.06254577636719 1
vt 70.78152465820312 1
vt 73.06254577636719 -9
vt 70.78152465820312 1
vt 70.78152465820312 -9
vt 73.06254577636719 -9
vt 70.78152465820312 1
vt 68.26128387451172 1
vt 70.78152465820312 -9
vt 68.26128387451172 1
vt 68.26128387451172 -9
vt 70.78152465820312 -9
vt 68.26128387451172 1
vt 65.50199890136719 1
vt 68.26128387451172 -9
vt 65.50199890136719 1
vt 65.50199890136719 -9
vt 68.26128387451172 -9
vt 65.50199890136719 1
vt 62.74271774291992 1
vt 65.50199890136719 -9
vt 62.74271774291992 1
vt 62.74271774291992 -9
vt 65.50199890136719 -9
vt 62.74271774291992 1
vt 60.222476959228516 1
vt 62.74271774291992 -9
vt 60.222476959228516 1
vt 60.222476959228516 -9
vt 62.74271774291992 -9
vt 60.222476959228516 1
vt 57.94145202636719 1
vt 60.222476959228516 -9
vt 57.94145202636719 1
vt 57.94145202636719 -9
vt 60.222476959228516 -9
vt 57.94145202636719 1
vt 55.89981460571289 1
vt 57.94145202636719 -9
vt 55.89981460571289 1
vt 55.89981460571289 -9
vt 57.94145202636719 -9
vt 55.89981460571289 1
vt 54.09773254394531 1
vt 55.89981460571289 -9
vt 54.09773254394531 1
vt 54.09773254394531 -9
vt 55.89981460571289 -9
vt 54.09773254394531 1
vt 52.53537368774414 1
vt 54.09773254394531 -9
vt 52.53537368774414 1
vt 52.53537368774414 -9
vt 54.09773254394531 -9
vt 52.53537368774414 1
vt 51.212913513183594 1
vt 52.53537368774414 -9
vt 51.212913513183594 1
vt 51.212913513183594 -9
vt 52.53537368774414 -9
vt 21.413454055786133 1
vt 20.028295516967773 1
vt 21.413454055786133 -9
vt 20.028295516967773 1
vt 20.028295516967773 -9
vt 21.413454055786133 -9
vt 20.028295516967773 1
vt 18.52199935913086 1
vt 20.028295516967773 -9
vt 18.52199935913086 1
vt 18.52199935913086 -9
vt 20.028295516967773 -9
vt 18.52199935913086 1
vt 16.909536361694336 1
vt 18.52199935913086 -9
vt 16.909536361694336 1
vt 16.909536361694336 -9
vt 18.52199935913086 -9
vt 16.909536361694336 1
vt 15.205879211425781 1
vt 16.909536361694336 -9
vt 15.205879211425781 1
vt 15.205879211425781 -9
vt 16.909536361694336 -9
vt 15.205879211425781 1
vt 13.425999641418457 1
vt 15.205879211425781 -9
vt 13.425999641418457 1
vt 13.425999641418457 -9
vt 15.205879211425781 -9
vt 13.425999641418457 1
vt 12.543999671936035 1
vt 13.425999641418457 -9
vt 12.543999671936035 1
vt 12.543999671936035 -9
vt 13.425999641418457 -9
vt 12.543999671936035 1
vt 10.764120101928711 1
vt 12.543999671936035 -9
vt 10.764120101928711 1
vt 10.764120101928711 -9
vt 12.543999671936035 -9
vt 10.764120101928711 1
vt 9.060462951660156 1
vt 10.764120101928711 -9
vt 9.060462951660156 1
vt 9.060462951660156 -9
vt 10.764120101928711 -9
vt 9.060462951660156 1
vt 7.447999954223633 1
vt 9.060462951660156 -9
vt 7.447999954223633 1
vt 7.447999954223633 -9
vt 9.060462951660156 -9
vt 7.447999954223633 1
vt 5.941703796386719 1
vt 7.447999954223633 -9
vt 5.941703796386719 1
vt 5.941703796386719 -9
vt 7.447999954223633 -9
vt 5.941703796386719 1
vt 4.556546211242676 1
vt 5.941703796386719 -9
vt 4.556546211242676 1
vt 4.556546211242676 -9
vt 5.941703796386719 -9
vt 51.212913513183594 1
vt 52.53537368774414 1
vt 51.212913513183594 -9
vt 52.53537368774414 1
vt 52.53537368774414 -9
vt 51.212913513183594 -9
vt 52.53537368774414 1
vt 54.09773254394531 1
vt 52.53537368774414 -9
vt 54.09773254394531 1
vt 54.09773254394531 -9
vt 52.53537368774414 -9
vt 54.09773254394531 1
vt 55.89981460571289 1
vt 54.09773254394531 -9
vt 55.89981460571289 1
vt 55.89981460571289 -9
vt 54.09773254394531 -9
vt 55.89981460571289 1
vt 57.94145202636719 1
vt 55.89981460571289 -9
vt 57.94145202636719 1
vt 57.94145202636719 -9
vt 55.89981460571289 -9
vt 57.94145202636719 1
vt 60.222476959228516 1
vt 57.94145202636719 -9
vt 60.222476959228516 1
vt 60.222476959228516 -9
vt 57.94145202636719 -9
vt 60.222476959228516 1
vt 62.74271774291992 1
vt 60.222476959228516 -9
vt 62.74271774291992 1
vt 62.74271774291992 -9
vt 60.222476959228516 -9
vt 62.74271774291992 1
vt 65.50199890136719 1
vt 62.74271774291992 -9
vt 65.50199890136719 1
vt 65.50199890136719 -9
vt 62.74271774291992 -9
vt 65.50199890136719 1
vt 68.26128387451172 1
vt 65.50199890136719 -9
vt 68.26128387451172 1
vt 68.26128387451172 -9
vt 65.50199890136719 -9
vt 63.40140914916992 1
vt 61.506683349609375 1
vt 63.40140914916992 -9
vt 61.506683349609375 1
vt 61.506683349609375 -9
vt 63.40140914916992 -9
vt 61.506683349609375 1
vt 59.81340789794922 1
vt 61.506683349609375 -9
vt 59.81340789794922 1
vt 59.81340789794922 -9
vt 61.506683349609375 -9
vt 59.81340789794922 1
vt 58.31714630126953 1
vt 59.81340789794922 -9
vt 58.31714630126953 1
vt 58.31714630126953 -9
vt 59.81340789794922 -9
vt 58.31714630126953 1
vt 57.01348876953125 1
vt 58.31714630126953 -9
vt 57.01348876953125 1
vt 57.01348876953125 -9
vt 58.31714630126953 -9
vt 57.01348876953125 1
vt 55.89799880981445 1
vt 57.01348876953125 -9
vt 55.89799880981445 1
vt 55.89799880981445 -9
vt 57.01348876953125 -9
vt 55.89799880981445 1
vt 54.96626281738281 1
vt 55.89799880981445 -9
vt 54.96626281738281 1
vt 54.96626281738281 -9
vt 55.89799880981445 -9
vt 7.049279689788818 1
vt 8.041444778442383 1
vt 7.049279689788818 -9
vt 8.041444778442383 1
vt 8.041444778442383 -9
vt 7.049279689788818 -9
vt 8.041444778442383 1
vt 9.137734413146973 1
vt 8.041444778442383 -9
vt 9.137734413146973 1
vt 9.137734413146973 -9
vt 8.041444778442383 -9
vt 9.137734413146973 1
vt 10.331514358520508 1
vt 9.137734413146973 -9
vt 10.331514358520508 1
vt 10.331514358520508 -9
vt 9.137734413146973 -9
vt 10.331514358520508 1
vt 11.616147994995117 1
vt 10.331514358520508 -9
vt 11.616147994995117 1
vt 11.616147994995117 -9
vt 10.331514358520508 -9
vt 11.616147994995117 1
vt 12.984999656677246 1
vt 11.616147994995117 -9
vt 12.984999656677246 1
vt 12.984999656677246 -9
vt 11.616147994995117 -9
vt 12.984999656677246 1
vt 14.353852272033691 1
vt 12.984999656677246 -9
vt 14.353852272033691 1
vt 14.353852272033691 -9
vt 12.984999656677246 -9
vt 14.353852272033691 1
vt 15.6384859085083 1
vt 14.353852272033691 -9
vt 15.6384859085083 1
vt 15.6384859085083 -9
vt 14.353852272033691 -9
vt 15.6384859085083 1
vt 16.832265853881836 1
vt 15.6384859085083 -9
vt 16.832265853881836 1
vt 16.832265853881836 -9
vt 15.6384859085083 -9
vt 16.832265853881836 1
vt 17.928556442260742 1
vt 16.832265853881836 -9
vt 17.928556442260742 1
vt 17.928556442260742 -9
vt 16.832265853881836 -9
vt 17.928556442260742 1
vt 18.92072105407715 1
vt 17.928556442260742 -9
vt 18.92072105407715 1
vt 18.92072105407715 -9
vt 17.928556442260742 -9
vt 54.96626281738281 1
vt 55.89799880981445 1
vt 54.96626281738281 -9
vt 55.89799880981445 1
vt 55.89799880981445 -9
vt 54.96626281738281 -9
vt 55.89799880981445 1
vt 57.01348876953125 1
vt 55.89799880981445 -9
vt 57.01348876953125 1
vt 57.01348876953125 -9
vt 55.89799880981445 -9
vt 57.01348876953125 1
vt 58.31714630126953 1
vt 57.01348876953125 -9
vt 58.31714630126953 1
vt 58.31714630126953 -9
vt 57.01348876953125 -9
vt 58.31714630126953 1
vt 59.81340789794922 1
vt 58.31714630126953 -9
vt 59.81340789794922 1
vt 59.81340789794922 -9
vt 58.31714630126953 -9
vt 59.81340789794922 1
vt 61.506683349609375 1
vt 59.81340789794922 -9
vt 61.506683349609375 1
vt 61.506683349609375 -9
vt 59.81340789794922 -9
vt 61.506683349609375 1
vt 63.40140914916992 1
vt 61.506683349609375 -9
vt 63.40140914916992 1
vt 63.40140914916992 -9
vt 61.506683349609375 -9
vt 63.40140914916992 1
vt 65.50199890136719 1
vt 63.40140914916992 -9
vt 65.50199890136719 1
vt 65.50199890136719 -9
vt 63.40140914916992 -9
vt 65.50199890136719 1
vt 67.60259246826172 1
vt 65.50199890136719 -9
vt 67.60259246826172 1
vt 67.60259246826172 -9
vt 65.50199890136719 -9
vt 67.60259246826172 1
vt 69.497314453125 1
vt 67.60259246826172 -9
vt 69.497314453125 1
vt 69.497314453125 -9
vt 67.60259246826172 -9
vt 69.497314453125 1
vt 71.19059753417969 1
vt 69.497314453125 -9
vt 71.19059753417969 1
vt 71.19059753417969 -9
vt 69.497314453125 -9
vt 71.19059753417969 1
vt 72.68685150146484 1
vt 71.19059753417969 -9
vt 72.68685150146484 1
vt 72.68685150146484 -9
vt 71.19059753417969 -9
vt 72.68685150146484 1
vt 73.99050903320312 1
vt 72.68685150146484 -9
vt 73.99050903320312 1
vt 73.99050903320312 -9
vt 72.68685150146484 -9
vt 73.99050903320312 1
vt 75.10600280761719 1
vt 73.99050903320312 -9
vt 75.10600280761719 1
vt 75.10600280761719 -9
vt 73.99050903320312 -9
vt 75.10600280761719 1
vt 76.03773498535156 1
vt 75.10600280761719 -9
vt 76.03773498535156 1
vt 76.03773498535156 -9
vt 75.10600280761719 -9
vt 18.92072105407715 1
vt 17.928556442260742 1
vt 18.92072105407715 -9
vt 17.928556442260742 1
vt 17.928556442260742 -9
vt 18.92072105407715 -9
vt 17.928556442260742 1
vt 16.832265853881836 1
vt 17.928556442260742 -9
vt 16.832265853881836 1
vt 16.832265853881836 -9
vt 17.928556442260742 -9
vt 16.832265853881836 1
vt 15.6384859085083 1
vt 16.832265853881836 -9
vt 15.6384859085083 1
vt 15.6384859085083 -9
vt 16.832265853881836 -9
vt 15.6384859085083 1
vt 14.353852272033691 1
vt 15.6384859085083 -9
vt 14.353852272033691 1
vt 14.353852272033691 -9
vt 15.6384859085083 -9
vt 14.353852272033691 1
vt 12.984999656677246 1
vt 14.353852272033691 -9
vt 12.984999656677246 1
vt 12.984999656677246 -9
vt 14.353852272033691 -9
vt 12.984999656677246 1
vt 11.616147994995117 1
vt 12.984999656677246 -9
vt 11.616147994995117 1
vt 11.616147994995117 -9
vt 12.984999656677246 -9
vt 11.616147994995117 1
vt 10.331514358520508 1
vt 11.616147994995117 -9
vt 10.331514358520508 1
vt 10.331514358520508 -9
vt 11.616147994995117 -9
vt 10.331514358520508 1
vt 9.137734413146973 1
vt 10.331514358520508 -9
vt 9.137734413146973 1
vt 9.137734413146973 -9
vt 10.331514358520508 -9
vt 9.137734413146973 1
vt 8.041444778442383 1
vt 9.137734413146973 -9
vt 8.041444778442383 1
vt 8.041444778442383 -9
vt 9.137734413146973 -9
vt 8.041444778442383 1
vt 7.049279689788818 1
vt 8.041444778442383 -9
vt 7.049279689788818 1
vt 7.049279689788818 -9
vt 8.041444778442383 -9
vt 76.03773498535156 1
vt 75.10600280761719 1
vt 76.03773498535156 -9
vt 75.10600280761719 1
vt 75.10600280761719 -9
vt 76.03773498535156 -9
vt 75.10600280761719 1
vt 73.99050903320312 1
vt 75.10600280761719 -9
vt 73.99050903320312 1
vt 73.99050903320312 -9
vt 75.10600280761719 -9
vt 73.99050903320312 1
vt 72.68685150146484 1
vt 73.99050903320312 -9
vt 72.68685150146484 1
vt 72.68685150146484 -9
vt 73.99050903320312 -9
vt 72.68685150146484 1
vt 71.19059753417969 1
vt 72.68685150146484 -9
vt 71.19059753417969 1
vt 71.19059753417969 -9
vt 72.68685150146484 -9
vt 71.19059753417969 1
vt 69.497314453125 1
vt 71.19059753417969 -9
vt 69.497314453125 1
vt 69.497314453125 -9
vt 71.19059753417969 -9
vt 69.497314453125 1
vt 67.60259246826172 1
vt 69.497314453125 -9
vt 67.60259246826172 1
vt 67.60259246826172 -9
vt 69.497314453125 -9
vt 67.60259246826172 1
vt 65.50199890136719 1
vt 67.60259246826172 -9
vt 65.50199890136719 1
vt 65.50199890136719 -9
vt 67.60259246826172 -9
vt 65.50199890136719 1
vt 63.40140914916992 1
vt 65.50199890136719 -9
vt 63.40140914916992 1
vt 63.40140914916992 -9
vt 65.50199890136719 -9
vt 103.29886627197266 26.405696868896484
vt 104.697998046875 26.459999084472656
vt 105.17784881591797 26.456029891967773
vt 100.71292114257812 25.967702865600586
vt 101.96965026855469 26.241994857788086
vt 103.29886627197266 26.405696868896484
vt 98.42710876464844 25.082584381103516
vt 99.53121948242188 25.581628799438477
vt 100.71292114257812 25.967702865600586
vt 96.46183013916016 23.740812301635742
vt 97.40312194824219 24.469375610351562
vt 98.42710876464844 25.082584381103516
vt 94.83751678466797 21.932859420776367
vt 95.60578155517578 22.89570426940918
vt 96.46183013916016 23.740812301635742
vt 93.57457733154297 19.649198532104492
vt 94.15959930419922 20.85108757019043
vt 94.83751678466797 21.932859420776367
vt 88.96900177001953 25.969999313354492
vt 92.1050033569336 25.969999313354492
vt 93.08499908447266 18.326000213623047
vt 93.6240005493164 0
vt 88.96900177001953 0
vt 88.96900177001953 25.969999313354492
vt 109.20600128173828 26.06800079345703
vt 109.20600128173828 21.461999893188477
vt 108.82882690429688 21.48644256591797
vt 108.63388061523438 26.16509246826172
vt 108.92827606201172 26.116886138916016
vt 109.20600128173828 26.06800079345703
vt 107.99370574951172 26.25674057006836
vt 108.32247161865234 26.211936950683594
vt 108.63388061523438 26.16509246826172
vt 107.28275299072266 26.337499618530273
vt 107.64724731445312 26.2988224029541
vt 107.99370574951172 26.25674057006836
vt 106.49829864501953 26.401926040649414
vt 106.8998794555664 26.372095108032227
vt 107.28275299072266 26.337499618530273
vt 105.63761901855469 26.4445743560791
vt 106.0776596069336 26.426313400268555
vt 106.49829864501953 26.401926040649414
vt 103.29886627197266 26.405696868896484
vt 105.17784881591797 26.456029891967773
vt 105.63761901855469 26.4445743560791
vt 98.42710876464844 25.082584381103516
vt 100.71292114257812 25.967702865600586
vt 103.29886627197266 26.405696868896484
vt 94.83751678466797 21.932859420776367
vt 96.46183013916016 23.740812301635742
vt 98.42710876464844 25.082584381103516
vt 93.08499908447266 18.326000213623047
vt 93.57457733154297 19.649198532104492
vt 94.83751678466797 21.932859420776367
vt 93.6240005493164 0
vt 88.96900177001953 25.969999313354492
vt 93.08499908447266 18.326000213623047
vt 109.20600128173828 26.06800079345703
vt 108.82882690429688 21.48644256591797
vt 108.45489501953125 21.51054573059082
vt 107.99370574951172 26.25674057006836
vt 108.63388061523438 26.16509246826172
vt 109.20600128173828 26.06800079345703
vt 106.49829864501953 26.401926040649414
vt 107.28275299072266 26.337499618530273
vt 107.99370574951172 26.25674057006836
vt 103.29886627197266 26.405696868896484
vt 105.63761901855469 26.4445743560791
vt 106.49829864501953 26.401926040649414
vt 94.83751678466797 21.932859420776367
vt 98.42710876464844 25.082584381103516
vt 103.29886627197266 26.405696868896484
vt 93.6240005493164 10.045000076293945
vt 93.6240005493164 0
vt 93.08499908447266 18.326000213623047
vt 109.20600128173828 26.06800079345703
vt 108.45489501953125 21.51054573059082
vt 108.081298828125 21.533967971801758
vt 106.49829864501953 26.401926040649414
vt 107.99370574951172 26.25674057006836
vt 109.20600128173828 26.06800079345703
vt 94.83751678466797 21.932859420776367
vt 103.29886627197266 26.405696868896484
vt 106.49829864501953 26.401926040649414
vt 93.69659423828125 11.98220157623291
vt 93.6240005493164 10.045000076293945
vt 93.08499908447266 18.326000213623047
vt 109.20600128173828 26.06800079345703
vt 108.081298828125 21.533967971801758
vt 107.70514678955078 21.55636978149414
vt 94.83751678466797 21.932859420776367
vt 106.49829864501953 26.401926040649414
vt 109.20600128173828 26.06800079345703
vt 93.69659423828125 11.98220157623291
vt 93.08499908447266 18.326000213623047
vt 94.83751678466797 21.932859420776367
vt 109.20600128173828 26.06800079345703
vt 107.70514678955078 21.55636978149414
vt 107.32355499267578 21.577411651611328
vt 93.91482543945312 13.729527473449707
vt 93.69659423828125 11.98220157623291
vt 94.83751678466797 21.932859420776367
vt 109.20600128173828 26.06800079345703
vt 107.32355499267578 21.577411651611328
vt 106.93362426757812 21.596750259399414
vt 94.27937316894531 15.291062355041504
vt 93.91482543945312 13.729527473449707
vt 94.83751678466797 21.932859420776367
vt 109.20600128173828 26.06800079345703
vt 106.93362426757812 21.596750259399414
vt 106.53246307373047 21.61404800415039
vt 94.79092407226562 16.670888900756836
vt 94.27937316894531 15.291062355041504
vt 94.83751678466797 21.932859420776367
vt 109.20600128173828 26.06800079345703
vt 106.53246307373047 21.61404800415039
vt 106.1171875 21.628963470458984
vt 95.45015716552734 17.873090744018555
vt 94.79092407226562 16.670888900756836
vt 94.83751678466797 21.932859420776367
vt 109.20600128173828 26.06800079345703
vt 106.1171875 21.628963470458984
vt 105.68489074707031 21.641157150268555
vt 96.25775146484375 18.901750564575195
vt 95.45015716552734 17.873090744018555
vt 94.83751678466797 21.932859420776367
vt 109.20600128173828 26.06800079345703
vt 105.68489074707031 21.641157150268555
vt 105.2326889038086 21.650287628173828
vt 97.21438598632812 19.76095199584961
vt 96.25775146484375 18.901750564575195
vt 94.83751678466797 21.932859420776367
vt 109.20600128173828 26.06800079345703
vt 105.2326889038086 21.650287628173828
vt 104.7576904296875 21.656015396118164
vt 98.32073974609375 20.45477867126465
vt 97.21438598632812 19.76095199584961
vt 94.83751678466797 21.932859420776367
vt 109.20600128173828 26.06800079345703
vt 104.7576904296875 21.656015396118164
vt 104.25700378417969 21.658000946044922
vt 98.32073974609375 20.45477867126465
vt 94.83751678466797 21.932859420776367
vt 109.20600128173828 26.06800079345703
vt 109.20600128173828 26.06800079345703
vt 104.25700378417969 21.658000946044922
vt 102.54495239257812 21.584840774536133
vt 99.57749938964844 20.98731231689453
vt 98.32073974609375 20.45477867126465
vt 109.20600128173828 26.06800079345703
vt 109.20600128173828 26.06800079345703
vt 102.54495239257812 21.584840774536133
vt 100.98534393310547 21.362638473510742
vt 100.98534393310547 21.362638473510742
vt 99.57749938964844 20.98731231689453
vt 109.20600128173828 26.06800079345703
vt 105.17784881591797 26.456029891967773
vt 104.697998046875 26.459999084472656
vt 103.29886627197266 26.405696868896484
vt 103.29886627197266 26.405696868896484
vt 101.96965026855469 26.241994857788086
vt 100.71292114257812 25.967702865600586
vt 100.71292114257812 25.967702865600586
vt 99.53121948242188 25.581628799438477
vt 98.42710876464844 25.082584381103516
vt 98.42710876464844 25.082584381103516
vt 97.40312194824219 24.469375610351562
vt 96.46183013916016 23.740812301635742
vt 96.46183013916016 23.740812301635742
vt 95.60578155517578 22.89570426940918
vt 94.83751678466797 21.932859420776367
vt 94.83751678466797 21.932859420776367
vt 94.15959930419922 20.85108757019043
vt 93.57457733154297 19.649198532104492
vt 93.08499908447266 18.326000213623047
vt 92.1050033569336 25.969999313354492
vt 88.96900177001953 25.969999313354492
vt 88.96900177001953 25.969999313354492
vt 88.96900177001953 0
vt 93.6240005493164 0
vt 108.82882690429688 21.48644256591797
vt 109.20600128173828 21.461999893188477
vt 109.20600128173828 26.06800079345703
vt 109.20600128173828 26.06800079345703
vt 108.92827606201172 26.116886138916016
vt 108.63388061523438 26.16509246826172
vt 108.63388061523438 26.16509246826172
vt 108.32247161865234 26.211936950683594
vt 107.99370574951172 26.25674057006836
vt 107.99370574951172 26.25674057006836
vt 107.64724731445312 26.2988224029541
vt 107.28275299072266 26.337499618530273
vt 107.28275299072266 26.337499618530273
vt 106.8998794555664 26.372095108032227
vt 106.49829864501953 26.401926040649414
vt 106.49829864501953 26.401926040649414
vt 106.0776596069336 26.426313400268555
vt 105.63761901855469 26.4445743560791
vt 105.63761901855469 26.4445743560791
vt 105.17784881591797 26.456029891967773
vt 103.29886627197266 26.405696868896484
vt 103.29886627197266 26.405696868896484
vt 100.71292114257812 25.967702865600586
vt 98.42710876464844 25.082584381103516
vt 98.42710876464844 25.082584381103516
vt 96.46183013916016 23.740812301635742
vt 94.83751678466797 21.932859420776367
vt 94.83751678466797 21.932859420776367
vt 93.57457733154297 19.649198532104492
vt 93.08499908447266 18.326000213623047
vt 93.08499908447266 18.326000213623047
vt 88.96900177001953 25.969999313354492
vt 93.6240005493164 0
vt 108.45489501953125 21.51054573059082
vt 108.82882690429688 21.48644256591797
vt 109.20600128173828 26.06800079345703
vt 109.20600128173828 26.06800079345703
vt 108.63388061523438 26.16509246826172
vt 107.99370574951172 26.25674057006836
vt 107.99370574951172 26.25674057006836
vt 107.28275299072266 26.337499618530273
vt 106.49829864501953 26.401926040649414
vt 106.49829864501953 26.401926040649414
vt 105.63761901855469 26.4445743560791
vt 103.29886627197266 26.405696868896484
vt 103.29886627197266 26.405696868896484
vt 98.42710876464844 25.082584381103516
vt 94.83751678466797 21.932859420776367
vt 93.08499908447266 18.326000213623047
vt 93.6240005493164 0
vt 93.6240005493164 10.045000076293945
vt 108.081298828125 21.533967971801758
vt 108.45489501953125 21.51054573059082
vt 109.20600128173828 26.06800079345703
vt 109.20600128173828 26.06800079345703
vt 107.99370574951172 26.25674057006836
vt 106.49829864501953 26.401926040649414
vt 106.49829864501953 26.401926040649414
vt 103.29886627197266 26.405696868896484
vt 94.83751678466797 21.932859420776367
vt 93.08499908447266 18.326000213623047
vt 93.6240005493164 10.045000076293945
vt 93.69659423828125 11.98220157623291
vt 107.70514678955078 21.55636978149414
vt 108.081298828125 21.533967971801758
vt 109.20600128173828 26.06800079345703
vt 109.20600128173828 26.06800079345703
vt 106.49829864501953 26.401926040649414
vt 94.83751678466797 21.932859420776367
vt 94.83751678466797 21.932859420776367
vt 93.08499908447266 18.326000213623047
vt 93.69659423828125 11.98220157623291
vt 107.32355499267578 21.577411651611328
vt 107.70514678955078 21.55636978149414
vt 109.20600128173828 26.06800079345703
vt 94.83751678466797 21.932859420776367
vt 93.69659423828125 11.98220157623291
vt 93.91482543945312 13.729527473449707
vt 106.93362426757812 21.596750259399414
vt 107.32355499267578 21.577411651611328
vt 109.20600128173828 26.06800079345703
vt 94.83751678466797 21.932859420776367
vt 93.91482543945312 13.729527473449707
vt 94.27937316894531 15.291062355041504
vt 106.53246307373047 21.61404800415039
vt 106.93362426757812 21.596750259399414
vt 109.20600128173828 26.06800079345703
vt 94.83751678466797 21.932859420776367
vt 94.27937316894531 15.291062355041504
vt 94.79092407226562 16.670888900756836
vt 106.1171875 21.628963470458984
vt 106.53246307373047 21.61404800415039
vt 109.20600128173828 26.06800079345703
vt 94.83751678466797 21.932859420776367
vt 94.79092407226562 16.670888900756836
vt 95.45015716552734 17.873090744018555
vt 105.68489074707031 21.641157150268555
vt 106.1171875 21.628963470458984
vt 109.20600128173828 26.06800079345703
vt 94.83751678466797 21.932859420776367
vt 95.45015716552734 17.873090744018555
vt 96.25775146484375 18.901750564575195
vt 105.2326889038086 21.650287628173828
vt 105.68489074707031 21.641157150268555
vt 109.20600128173828 26.06800079345703
vt 94.83751678466797 21.932859420776367
vt 96.25775146484375 18.901750564575195
vt 97.21438598632812 19.76095199584961
vt 104.7576904296875 21.656015396118164
vt 105.2326889038086 21.650287628173828
vt 109.20600128173828 26.06800079345703
vt 94.83751678466797 21.932859420776367
vt 97.21438598632812 19.76095199584961
vt 98.32073974609375 20.45477867126465
vt 104.25700378417969 21.658000946044922
vt 104.7576904296875 21.656015396118164
vt 109.20600128173828 26.06800079345703
vt 109.20600128173828 26.06800079345703
vt 94.83751678466797 21.932859420776367
vt 98.32073974609375 20.45477867126465
vt 102.54495239257812 21.584840774536133
vt 104.25700378417969 21.658000946044922
vt 109.20600128173828 26.06800079345703
vt 109.20600128173828 26.06800079345703
vt 98.32073974609375 20.45477867126465
vt 99.57749938964844 20.98731231689453
vt 100.98534393310547 21.362638473510742
vt 102.54495239257812 21.584840774536133
vt 109.20600128173828 26.06800079345703
vt 109.20600128173828 26.06800079345703
vt 99.57749938964844 20.98731231689453
vt 100.98534393310547 21.362638473510742
vt 103.29886627197266 1
vt 101.96965026855469 1
vt 103.29886627197266 -9
vt 101.96965026855469 1
vt 101.96965026855469 -9
vt 103.29886627197266 -9
vt 101.96965026855469 1
vt 100.71292114257812 1
vt 101.96965026855469 -9
vt 100.71292114257812 1
vt 100.71292114257812 -9
vt 101.96965026855469 -9
vt 100.71292114257812 1
vt 99.53121948242188 1
vt 100.71292114257812 -9
vt 99.53121948242188 1
vt 99.53121948242188 -9
vt 100.71292114257812 -9
vt 99.53121948242188 1
vt 98.42710876464844 1
vt 99.53121948242188 -9
vt 98.42710876464844 1
vt 98.42710876464844 -9
vt 99.53121948242188 -9
vt 98.42710876464844 1
vt 97.40312194824219 1
vt 98.42710876464844 -9
vt 97.40312194824219 1
vt 97.40312194824219 -9
vt 98.42710876464844 -9
vt 97.40312194824219 1
vt 96.46183013916016 1
vt 97.40312194824219 -9
vt 96.46183013916016 1
vt 96.46183013916016 -9
vt 97.40312194824219 -9
vt 96.46183013916016 1
vt 95.60578155517578 1
vt 96.46183013916016 -9
vt 95.60578155517578 1
vt 95.60578155517578 -9
vt 96.46183013916016 -9
vt 22.89570426940918 1
vt 21.932859420776367 1
vt 22.89570426940918 -9
vt 21.932859420776367 1
vt 21.932859420776367 -9
vt 22.89570426940918 -9
vt 21.932859420776367 1
vt 20.85108757019043 1
vt 21.932859420776367 -9
vt 20.85108757019043 1
vt 20.85108757019043 -9
vt 21.932859420776367 -9
vt 20.85108757019043 1
vt 19.649198532104492 1
vt 20.85108757019043 -9
vt 19.649198532104492 1
vt 19.649198532104492 -9
vt 20.85108757019043 -9
vt 19.649198532104492 1
vt 18.326000213623047 1
vt 19.649198532104492 -9
vt 18.326000213623047 1
vt 18.326000213623047 -9
vt 19.649198532104492 -9
vt 18.326000213623047 1
vt 25.969999313354492 1
vt 18.326000213623047 -9
vt 25.969999313354492 1
vt 25.969999313354492 -9
vt 18.326000213623047 -9
vt 92.1050033569336 1
vt 88.96900177001953 1
vt 92.1050033569336 -9
vt 88.96900177001953 1
vt 88.96900177001953 -9
vt 92.1050033569336 -9
vt 25.969999313354492 1
vt 0 1
vt 25.969999313354492 -9
vt 0 1
vt 0 -9
vt 25.969999313354492 -9
vt 88.96900177001953 1
vt 93.6240005493164 1
vt 88.96900177001953 -9
vt 93.6240005493164 1
vt 93.6240005493164 -9
vt 88.96900177001953 -9
vt 0 1
vt 10.045000076293945 1
vt 0 -9
vt 10.045000076293945 1
vt 10.045000076293945 -9
vt 0 -9
vt 10.045000076293945 1
vt 11.98220157623291 1
vt 10.045000076293945 -9
vt 11.98220157623291 1
vt 11.98220157623291 -9
vt 10.045000076293945 -9
vt 11.98220157623291 1
vt 13.729527473449707 1
vt 11.98220157623291 -9
vt 13.729527473449707 1
vt 13.729527473449707 -9
vt 11.98220157623291 -9
vt 13.729527473449707 1
vt 15.291062355041504 1
vt 13.729527473449707 -9
vt 15.291062355041504 1
vt 15.291062355041504 -9
vt 13.729527473449707 -9
vt 15.291062355041504 1
vt 16.670888900756836 1
vt 15.291062355041504 -9
vt 16.670888900756836 1
vt 16.670888900756836 -9
vt 15.291062355041504 -9
vt 16.670888900756836 1
vt 17.873090744018555 1
vt 16.670888900756836 -9
vt 17.873090744018555 1
vt 17.873090744018555 -9
vt 16.670888900756836 -9
vt 17.873090744018555 1
vt 18.901750564575195 1
vt 17.873090744018555 -9
vt 18.901750564575195 1
vt 18.901750564575195 -9
vt 17.873090744018555 -9
vt 96.25775146484375 1
vt 97.21438598632812 1
vt 96.25775146484375 -9
vt 97.21438598632812 1
vt 97.21438598632812 -9
vt 96.25775146484375 -9
vt 97.21438598632812 1
vt 98.32073974609375 1
vt 97.21438598632812 -9
vt 98.32073974609375 1
vt 98.32073974609375 -9
vt 97.21438598632812 -9
vt 98.32073974609375 1
vt 99.57749938964844 1
vt 98.32073974609375 -9
vt 99.57749938964844 1
vt 99.57749938964844 -9
vt 98.32073974609375 -9
vt 99.57749938964844 1
vt 100.98534393310547 1
vt 99.57749938964844 -9
vt 100.98534393310547 1
vt 100.98534393310547 -9
vt 99.57749938964844 -9
vt 100.98534393310547 1
vt 102.54495239257812 1
vt 100.98534393310547 -9
vt 102.54495239257812 1
vt 102.54495239257812 -9
vt 100.98534393310547 -9
vt 102.54495239257812 1
vt 104.25700378417969 1
vt 102.54495239257812 -9
vt 104.25700378417969 1
vt 104.25700378417969 -9
vt 102.54495239257812 -9
vt 104.25700378417969 1
vt 104.7576904296875 1
vt 104.25700378417969 -9
vt 104.7576904296875 1
vt 104.7576904296875 -9
vt 104.25700378417969 -9
vt 104.7576904296875 1
vt 105.2326889038086 1
vt 104.7576904296875 -9
vt 105.2326889038086 1
vt 105.2326889038086 -9
vt 104.7576904296875 -9
vt 105.2326889038086 1
vt 105.68489074707031 1
vt 105.2326889038086 -9
vt 105.68489074707031 1
vt 105.68489074707031 -9
vt 105.2326889038086 -9
vt 105.68489074707031 1
vt 106.1171875 1
vt 105.68489074707031 -9
vt 106.1171875 1
vt 106.1171875 -9
vt 105.68489074707031 -9
vt 106.1171875 1
vt 106.53246307373047 1
vt 106.1171875 -9
vt 106.53246307373047 1
vt 106.53246307373047 -9
vt 106.1171875 -9
vt 106.53246307373047 1
vt 106.93362426757812 1
vt 106.53246307373047 -9
vt 106.93362426757812 1
vt 106.93362426757812 -9
vt 106.53246307373047 -9
vt 106.93362426757812 1
vt 107.32355499267578 1
vt 106.93362426757812 -9
vt 107.32355499267578 1
vt 107.32355499267578 -9
vt 106.93362426757812 -9
vt 107.32355499267578 1
vt 107.70514678955078 1
vt 107.32355499267578 -9
vt 107.70514678955078 1
vt 107.70514678955078 -9
vt 107.32355499267578 -9
vt 107.70514678955078 1
vt 108.081298828125 1
vt 107.70514678955078 -9
vt 108.081298828125 1
vt 108.081298828125 -9
vt 107.70514678955078 -9
vt 108.081298828125 1
vt 108.45489501953125 1
vt 108.081298828125 -9
vt 108.45489501953125 1
vt 108.45489501953125 -9
vt 108.081298828125 -9
vt 108.45489501953125 1
vt 108.82882690429688 1
vt 108.45489501953125 -9
vt 108.82882690429688 1
vt 108.82882690429688 -9
vt 108.45489501953125 -9
vt 108.82882690429688 1
vt 109.20600128173828 1
vt 108.82882690429688 -9
vt 109.20600128173828 1
vt 109.20600128173828 -9
vt 108.82882690429688 -9
vt 21.461999893188477 1
vt 26.06800079345703 1
vt 21.461999893188477 -9
vt 26.06800079345703 1
vt 26.06800079345703 -9
vt 21.461999893188477 -9
vt 109.20600128173828 1
vt 108.92827606201172 1
vt 109.20600128173828 -9
vt 108.92827606201172 1
vt 108.92827606201172 -9
vt 109.20600128173828 -9
vt 108.92827606201172 1
vt 108.63388061523438 1
vt 108.92827606201172 -9
vt 108.63388061523438 1
vt 108.63388061523438 -9
vt 108.92827606201172 -9
vt 108.63388061523438 1
vt 108.32247161865234 1
vt 108.63388061523438 -9
vt 108.32247161865234 1
vt 108.32247161865234 -9
vt 108.63388061523438 -9
vt 108.32247161865234 1
vt 107.99370574951172 1
vt 108.32247161865234 -9
vt 107.99370574951172 1
vt 107.99370574951172 -9
vt 108.32247161865234 -9
vt 107.99370574951172 1
vt 107.64724731445312 1
vt 107.99370574951172 -9
vt 107.64724731445312 1
vt 107.64724731445312 -9
vt 107.99370574951172 -9
vt 107.64724731445312 1
vt 107.28275299072266 1
vt 107.64724731445312 -9
vt 107.28275299072266 1
vt 107.28275299072266 -9
vt 107.64724731445312 -9
vt 107.28275299072266 1
vt 106.8998794555664 1
vt 107.28275299072266 -9
vt 106.8998794555664 1
vt 106.8998794555664 -9
vt 107.28275299072266 -9
vt 106.8998794555664 1
vt 106.49829864501953 1
vt 106.8998794555664 -9
vt 106.49829864501953 1
vt 106.49829864501953 -9
vt 106.8998794555664 -9
vt 106.49829864501953 1
vt 106.0776596069336 1
vt 106.49829864501953 -9
vt 106.0776596069336 1
vt 106.0776596069336 -9
vt 106.49829864501953 -9
vt 106.0776596069336 1
vt 105.63761901855469 1
vt 106.0776596069336 -9
vt 105.63761901855469 1
vt 105.63761901855469 -9
vt 106.0776596069336 -9
vt 105.63761901855469 1
vt 105.17784881591797 1
vt 105.63761901855469 -9
vt 105.17784881591797 1
vt 105.17784881591797 -9
vt 105.63761901855469 -9
vt 105.17784881591797 1
vt 104.697998046875 1
vt 105.17784881591797 -9
vt 104.697998046875 1
vt 104.697998046875 -9
vt 105.17784881591797 -9
vt 104.697998046875 1
vt 103.29886627197266 1
vt 104.697998046875 -9
vt 103.29886627197266 1
vt 103.29886627197266 -9
vt 104.697998046875 -9
vt 125.62200164794922 25.969999313354492
vt 138.0679931640625 25.969999313354492
vt 138.0679931640625 22.049999237060547
vt 122.38800048828125 34.05500030517578
vt 125.62200164794922 34.05500030517578
vt 125.62200164794922 25.969999313354492
vt 113.71499633789062 22.049999237060547
vt 113.71499633789062 25.969999313354492
vt 121.11399841308594 25.969999313354492
vt 121.0370101928711 7.909416675567627
vt 120.96700286865234 9.505999565124512
vt 120.96700286865234 22.049999237060547
vt 121.60782623291016 5.132750034332275
vt 121.24942779541016 6.451666831970215
vt 121.0370101928711 7.909416675567627
vt 122.77685546875 2.91141676902771
vt 122.11577606201172 3.952666759490967
vt 121.60782623291016 5.132750034332275
vt 124.57266998291016 1.2454166412353516
vt 123.5946273803711 2.009000062942505
vt 122.77685546875 2.91141676902771
vt 127.02385711669922 0.13474999368190765
vt 125.71455383300781 0.6206666827201843
vt 124.57266998291016 1.2454166412353516
vt 130.1590118408203 -0.4205833375453949
vt 128.504150390625 -0.2123333364725113
vt 127.02385711669922 0.13474999368190765
vt 132.65902709960938 -0.48597338795661926
vt 131.99200439453125 -0.49000000953674316
vt 130.1590118408203 -0.4205833375453949
vt 133.8869171142578 -0.45478126406669617
vt 133.28982543945312 -0.4741203784942627
vt 132.65902709960938 -0.48597338795661926
vt 134.9902801513672 -0.3950057923793793
vt 134.45289611816406 -0.42829629778862
vt 133.8869171142578 -0.45478126406669617
vt 135.989501953125 -0.30936920642852783
vt 135.50161743164062 -0.3552500009536743
vt 134.9902801513672 -0.3950057923793793
vt 136.90501403808594 -0.2005937546491623
vt 136.45645141601562 -0.2577036917209625
vt 135.989501953125 -0.30936920642852783
vt 137.7572479248047 -0.07140161842107773
vt 137.3377685546875 -0.13837963342666626
vt 136.90501403808594 -0.2005937546491623
vt 138.16600036621094 4.066999912261963
vt 138.16600036621094 0
vt 137.7572479248047 -0.07140161842107773
vt 125.62200164794922 25.969999313354492
vt 138.0679931640625 22.049999237060547
vt 125.62200164794922 22.049999237060547
vt 121.11399841308594 25.969999313354492
vt 122.38800048828125 34.05500030517578
vt 125.62200164794922 25.969999313354492
vt 120.96700286865234 22.049999237060547
vt 113.71499633789062 22.049999237060547
vt 121.11399841308594 25.969999313354492
vt 121.60782623291016 5.132750034332275
vt 121.0370101928711 7.909416675567627
vt 120.96700286865234 22.049999237060547
vt 124.57266998291016 1.2454166412353516
vt 122.77685546875 2.91141676902771
vt 121.60782623291016 5.132750034332275
vt 130.1590118408203 -0.4205833375453949
vt 127.02385711669922 0.13474999368190765
vt 124.57266998291016 1.2454166412353516
vt 133.8869171142578 -0.45478126406669617
vt 132.65902709960938 -0.48597338795661926
vt 130.1590118408203 -0.4205833375453949
vt 135.989501953125 -0.30936920642852783
vt 134.9902801513672 -0.3950057923793793
vt 133.8869171142578 -0.45478126406669617
vt 137.7572479248047 -0.07140161842107773
vt 136.90501403808594 -0.2005937546491623
vt 135.989501953125 -0.30936920642852783
vt 137.69454956054688 4.0068559646606445
vt 138.16600036621094 4.066999912261963
vt 137.7572479248047 -0.07140161842107773
vt 121.11399841308594 25.969999313354492
vt 125.62200164794922 25.969999313354492
vt 125.62200164794922 22.049999237060547
vt 121.60782623291016 5.132750034332275
vt 120.96700286865234 22.049999237060547
vt 121.11399841308594 25.969999313354492
vt 130.1590118408203 -0.4205833375453949
vt 124.57266998291016 1.2454166412353516
vt 121.60782623291016 5.132750034332275
vt 135.989501953125 -0.30936920642852783
vt 133.8869171142578 -0.45478126406669617
vt 130.1590118408203 -0.4205833375453949
vt 137.69454956054688 4.0068559646606445
vt 137.7572479248047 -0.07140161842107773
vt 135.989501953125 -0.30936920642852783
vt 121.11399841308594 25.969999313354492
vt 125.62200164794922 22.049999237060547
vt 125.62200164794922 9.996000289916992
vt 135.989501953125 -0.30936920642852783
vt 130.1590118408203 -0.4205833375453949
vt 121.60782623291016 5.132750034332275
vt 137.23228454589844 3.94926381111145
vt 137.69454956054688 4.0068559646606445
vt 135.989501953125 -0.30936920642852783
vt 121.11399841308594 25.969999313354492
vt 125.62200164794922 9.996000289916992
vt 125.65656280517578 8.872203826904297
vt 136.7740936279297 3.8947343826293945
vt 137.23228454589844 3.94926381111145
vt 135.989501953125 -0.30936920642852783
vt 121.11399841308594 25.969999313354492
vt 125.65656280517578 8.872203826904297
vt 125.76377868652344 7.873800754547119
vt 136.3148956298828 3.843777894973755
vt 136.7740936279297 3.8947343826293945
vt 135.989501953125 -0.30936920642852783
vt 121.11399841308594 25.969999313354492
vt 125.76377868652344 7.873800754547119
vt 125.94892120361328 6.995515823364258
vt 135.8495635986328 3.7969045639038086
vt 136.3148956298828 3.843777894973755
vt 135.989501953125 -0.30936920642852783
vt 121.60782623291016 5.132750034332275
vt 121.11399841308594 25.969999313354492
vt 125.94892120361328 6.995515823364258
vt 135.3730010986328 3.754625082015991
vt 135.8495635986328 3.7969045639038086
vt 135.989501953125 -0.30936920642852783
vt 121.60782623291016 5.132750034332275
vt 125.94892120361328 6.995515823364258
vt 126.2172622680664 6.23207426071167
vt 134.88011169433594 3.71744966506958
vt 135.3730010986328 3.754625082015991
vt 135.989501953125 -0.30936920642852783
vt 121.60782623291016 5.132750034332275
vt 126.2172622680664 6.23207426071167
vt 126.57406616210938 5.578201770782471
vt 134.36578369140625 3.6858890056610107
vt 134.88011169433594 3.71744966506958
vt 135.989501953125 -0.30936920642852783
vt 121.60782623291016 5.132750034332275
vt 126.57406616210938 5.578201770782471
vt 127.02462768554688 5.028625011444092
vt 133.8249053955078 3.6604530811309814
vt 134.36578369140625 3.6858890056610107
vt 135.989501953125 -0.30936920642852783
vt 121.60782623291016 5.132750034332275
vt 127.02462768554688 5.028625011444092
vt 127.57420349121094 4.578068733215332
vt 133.2523956298828 3.641652822494507
vt 133.8249053955078 3.6604530811309814
vt 135.989501953125 -0.30936920642852783
vt 121.60782623291016 5.132750034332275
vt 127.57420349121094 4.578068733215332
vt 128.2280731201172 4.221259117126465
vt 132.64312744140625 3.629998207092285
vt 133.2523956298828 3.641652822494507
vt 135.989501953125 -0.30936920642852783
vt 121.60782623291016 5.132750034332275
vt 128.2280731201172 4.221259117126465
vt 128.99151611328125 3.9529218673706055
vt 131.99200439453125 3.625999927520752
vt 132.64312744140625 3.629998207092285
vt 135.989501953125 -0.30936920642852783
vt 121.60782623291016 5.132750034332275
vt 128.99151611328125 3.9529218673706055
vt 129.8697967529297 3.76778244972229
vt 130.8682098388672 3.660566568374634
vt 131.99200439453125 3.625999927520752
vt 135.989501953125 -0.30936920642852783
vt 135.989501953125 -0.30936920642852783
vt 121.60782623291016 5.132750034332275
vt 129.8697967529297 3.76778244972229
vt 129.8697967529297 3.76778244972229
vt 130.8682098388672 3.660566568374634
vt 135.989501953125 -0.30936920642852783
vt 138.0679931640625 22.049999237060547
vt 138.0679931640625 25.969999313354492
vt 125.62200164794922 25.969999313354492
vt 125.62200164794922 25.969999313354492
vt 125.62200164794922 34.05500030517578
vt 122.38800048828125 34.05500030517578
vt 121.11399841308594 25.969999313354492
vt 113.71499633789062 25.969999313354492
vt 113.71499633789062 22.049999237060547
vt 120.96700286865234 22.049999237060547
vt 120.96700286865234 9.505999565124512
vt 121.0370101928711 7.909416675567627
vt 121.0370101928711 7.909416675567627
vt 121.24942779541016 6.451666831970215
vt 121.60782623291016 5.132750034332275
vt 121.60782623291016 5.132750034332275
vt 122.11577606201172 3.952666759490967
vt 122.77685546875 2.91141676902771
vt 122.77685546875 2.91141676902771
vt 123.5946273803711 2.009000062942505
vt 124.57266998291016 1.2454166412353516
vt 124.57266998291016 1.2454166412353516
vt 125.71455383300781 0.6206666827201843
vt 127.02385711669922 0.13474999368190765
vt 127.02385711669922 0.13474999368190765
vt 128.504150390625 -0.2123333364725113
vt 130.1590118408203 -0.4205833375453949
vt 130.1590118408203 -0.4205833375453949
vt 131.99200439453125 -0.49000000953674316
vt 132.65902709960938 -0.48597338795661926
vt 132.65902709960938 -0.48597338795661926
vt 133.28982543945312 -0.4741203784942627
vt 133.8869171142578 -0.45478126406669617
vt 133.8869171142578 -0.45478126406669617
vt 134.45289611816406 -0.42829629778862
vt 134.9902801513672 -0.3950057923793793
vt 134.9902801513672 -0.3950057923793793
vt 135.50161743164062 -0.3552500009536743
vt 135.989501953125 -0.30936920642852783
vt 135.989501953125 -0.30936920642852783
vt 136.45645141601562 -0.2577036917209625
vt 136.90501403808594 -0.2005937546491623
vt 136.90501403808594 -0.2005937546491623
vt 137.3377685546875 -0.13837963342666626
vt 137.7572479248047 -0.07140161842107773
vt 137.7572479248047 -0.07140161842107773
vt 138.16600036621094 0
vt 138.16600036621094 4.066999912261963
vt 125.62200164794922 22.049999237060547
vt 138.0679931640625 22.049999237060547
vt 125.62200164794922 25.969999313354492
vt 125.62200164794922 25.969999313354492
vt 122.38800048828125 34.05500030517578
vt 121.11399841308594 25.969999313354492
vt 121.11399841308594 25.969999313354492
vt 113.71499633789062 22.049999237060547
vt 120.96700286865234 22.049999237060547
vt 120.96700286865234 22.049999237060547
vt 121.0370101928711 7.909416675567627
vt 121.60782623291016 5.132750034332275
vt 121.60782623291016 5.132750034332275
vt 122.77685546875 2.91141676902771
vt 124.57266998291016 1.2454166412353516
vt 124.57266998291016 1.2454166412353516
vt 127.02385711669922 0.13474999368190765
vt 130.1590118408203 -0.4205833375453949
vt 130.1590118408203 -0.4205833375453949
vt 132.65902709960938 -0.48597338795661926
vt 133.8869171142578 -0.45478126406669617
vt 133.8869171142578 -0.45478126406669617
vt 134.9902801513672 -0.3950057923793793
vt 135.989501953125 -0.30936920642852783
vt 135.989501953125 -0.30936920642852783
vt 136.90501403808594 -0.2005937546491623
vt 137.7572479248047 -0.07140161842107773
vt 137.7572479248047 -0.07140161842107773
vt 138.16600036621094 4.066999912261963
vt 137.69454956054688 4.0068559646606445
vt 125.62200164794922 22.049999237060547
vt 125.62200164794922 25.969999313354492
vt 121.11399841308594 25.969999313354492
vt 121.11399841308594 25.969999313354492
vt 120.96700286865234 22.049999237060547
vt 121.60782623291016 5.132750034332275
vt 121.60782623291016 5.132750034332275
vt 124.57266998291016 1.2454166412353516
vt 130.1590118408203 -0.4205833375453949
vt 130.1590118408203 -0.4205833375453949
vt 133.8869171142578 -0.45478126406669617
vt 135.989501953125 -0.30936920642852783
vt 135.989501953125 -0.30936920642852783
vt 137.7572479248047 -0.07140161842107773
vt 137.69454956054688 4.0068559646606445
vt 125.62200164794922 9.996000289916992
vt 125.62200164794922 22.049999237060547
vt 121.11399841308594 25.969999313354492
vt 121.60782623291016 5.132750034332275
vt 130.1590118408203 -0.4205833375453949
vt 135.989501953125 -0.30936920642852783
vt 135.989501953125 -0.30936920642852783
vt 137.69454956054688 4.0068559646606445
vt 137.23228454589844 3.94926381111145
vt 125.65656280517578 8.872203826904297
vt 125.62200164794922 9.996000289916992
vt 121.11399841308594 25.969999313354492
vt 135.989501953125 -0.30936920642852783
vt 137.23228454589844 3.94926381111145
vt 136.7740936279297 3.8947343826293945
vt 125.76377868652344 7.873800754547119
vt 125.65656280517578 8.872203826904297
vt 121.11399841308594 25.969999313354492
vt 135.989501953125 -0.30936920642852783
vt 136.7740936279297 3.8947343826293945
vt 136.3148956298828 3.843777894973755
vt 125.94892120361328 6.995515823364258
vt 125.76377868652344 7.873800754547119
vt 121.11399841308594 25.969999313354492
vt 135.989501953125 -0.30936920642852783
vt 136.3148956298828 3.843777894973755
vt 135.8495635986328 3.7969045639038086
vt 125.94892120361328 6.995515823364258
vt 121.11399841308594 25.969999313354492
vt 121.60782623291016 5.132750034332275
vt 135.989501953125 -0.30936920642852783
vt 135.8495635986328 3.7969045639038086
vt 135.3730010986328 3.754625082015991
vt 126.2172622680664 6.23207426071167
vt 125.94892120361328 6.995515823364258
vt 121.60782623291016 5.132750034332275
vt 135.989501953125 -0.30936920642852783
vt 135.3730010986328 3.754625082015991
vt 134.88011169433594 3.71744966506958
vt 126.57406616210938 5.578201770782471
vt 126.2172622680664 6.23207426071167
vt 121.60782623291016 5.132750034332275
vt 135.989501953125 -0.30936920642852783
vt 134.88011169433594 3.71744966506958
vt 134.36578369140625 3.6858890056610107
vt 127.02462768554688 5.028625011444092
vt 126.57406616210938 5.578201770782471
vt 121.60782623291016 5.132750034332275
vt 135.989501953125 -0.30936920642852783
vt 134.36578369140625 3.6858890056610107
vt 133.8249053955078 3.6604530811309814
vt 127.57420349121094 4.578068733215332
vt 127.02462768554688 5.028625011444092
vt 121.60782623291016 5.132750034332275
vt 135.989501953125 -0.30936920642852783
vt 133.8249053955078 3.6604530811309814
vt 133.2523956298828 3.641652822494507
vt 128.2280731201172 4.221259117126465
vt 127.57420349121094 4.578068733215332
vt 121.60782623291016 5.132750034332275
vt 135.989501953125 -0.30936920642852783
vt 133.2523956298828 3.641652822494507
vt 132.64312744140625 3.629998207092285
vt 128.99151611328125 3.9529218673706055
vt 128.2280731201172 4.221259117126465
vt 121.60782623291016 5.132750034332275
vt 135.989501953125 -0.30936920642852783
vt 132.64312744140625 3.629998207092285
vt 131.99200439453125 3.625999927520752
vt 129.8697967529297 3.76778244972229
vt 128.99151611328125 3.9529218673706055
vt 121.60782623291016 5.132750034332275
vt 135.989501953125 -0.30936920642852783
vt 131.99200439453125 3.625999927520752
vt 130.8682098388672 3.660566568374634
vt 129.8697967529297 3.76778244972229
vt 121.60782623291016 5.132750034332275
vt 135.989501953125 -0.30936920642852783
vt 135.989501953125 -0.30936920642852783
vt 130.8682098388672 3.660566568374634
vt 129.8697967529297 3.76778244972229
vt 25.969999313354492 1
vt 34.05500030517578 1
vt 25.969999313354492 -9
vt 34.05500030517578 1
vt 34.05500030517578 -9
vt 25.969999313354492 -9
vt 125.62200164794922 1
vt 122.38800048828125 1
vt 125.62200164794922 -9
vt 122.38800048828125 1
vt 122.38800048828125 -9
vt 125.62200164794922 -9
vt 34.05500030517578 1
vt 25.969999313354492 1
vt 34.05500030517578 -9
vt 25.969999313354492 1
vt 25.969999313354492 -9
vt 34.05500030517578 -9
vt 121.11399841308594 1
vt 113.71499633789062 1
vt 121.11399841308594 -9
vt 113.71499633789062 1
vt 113.71499633789062 -9
vt 121.11399841308594 -9
vt 25.969999313354492 1
vt 22.049999237060547 1
vt 25.969999313354492 -9
vt 22.049999237060547 1
vt 22.049999237060547 -9
vt 25.969999313354492 -9
vt 113.71499633789062 1
vt 120.96700286865234 1
vt 113.71499633789062 -9
vt 120.96700286865234 1
vt 120.96700286865234 -9
vt 113.71499633789062 -9
vt 22.049999237060547 1
vt 9.505999565124512 1
vt 22.049999237060547 -9
vt 9.505999565124512 1
vt 9.505999565124512 -9
vt 22.049999237060547 -9
vt 9.505999565124512 1
vt 7.909416675567627 1
vt 9.505999565124512 -9
vt 7.909416675567627 1
vt 7.909416675567627 -9
vt 9.505999565124512 -9
vt 7.909416675567627 1
vt 6.451666831970215 1
vt 7.909416675567627 -9
vt 6.451666831970215 1
vt 6.451666831970215 -9
vt 7.909416675567627 -9
vt 6.451666831970215 1
vt 5.132750034332275 1
vt 6.451666831970215 -9
vt 5.132750034332275 1
vt 5.132750034332275 -9
vt 6.451666831970215 -9
vt 5.132750034332275 1
vt 3.952666759490967 1
vt 5.132750034332275 -9
vt 3.952666759490967 1
vt 3.952666759490967 -9
vt 5.132750034332275 -9
vt 3.952666759490967 1
vt 2.91141676902771 1
vt 3.952666759490967 -9
vt 2.91141676902771 1
vt 2.91141676902771 -9
vt 3.952666759490967 -9
vt 2.91141676902771 1
vt 2.009000062942505 1
vt 2.91141676902771 -9
vt 2.009000062942505 1
vt 2.009000062942505 -9
vt 2.91141676902771 -9
vt 123.5946273803711 1
vt 124.57266998291016 1
vt 123.5946273803711 -9
vt 124.57266998291016 1
vt 124.57266998291016 -9
vt 123.5946273803711 -9
vt 124.57266998291016 1
vt 125.71455383300781 1
vt 124.57266998291016 -9
vt 125.71455383300781 1
vt 125.71455383300781 -9
vt 124.57266998291016 -9
vt 125.71455383300781 1
vt 127.02385711669922 1
vt 125.71455383300781 -9
vt 127.02385711669922 1
vt 127.02385711669922 -9
vt 125.71455383300781 -9
vt 127.02385711669922 1
vt 128.504150390625 1
vt 127.02385711669922 -9
vt 128.504150390625 1
vt 128.504150390625 -9
vt 127.02385711669922 -9
vt 128.504150390625 1
vt 130.1590118408203 1
vt 128.504150390625 -9
vt 130.1590118408203 1
vt 130.1590118408203 -9
vt 128.504150390625 -9
vt 130.1590118408203 1
vt 131.99200439453125 1
vt 130.1590118408203 -9
vt 131.99200439453125 1
vt 131.99200439453125 -9
vt 130.1590118408203 -9
vt 131.99200439453125 1
vt 132.65902709960938 1
vt 131.99200439453125 -9
vt 132.65902709960938 1
vt 132.65902709960938 -9
vt 131.99200439453125 -9
vt 132.65902709960938 1
vt 133.28982543945312 1
vt 132.65902709960938 -9
vt 133.28982543945312 1
vt 133.28982543945312 -9
vt 132.65902709960938 -9
vt 133.28982543945312 1
vt 133.8869171142578 1
vt 133.28982543945312 -9
vt 133.8869171142578 1
vt 133.8869171142578 -9
vt 133.28982543945312 -9
vt 133.8869171142578 1
vt 134.45289611816406 1
vt 133.8869171142578 -9
vt 134.45289611816406 1
vt 134.45289611816406 -9
vt 133.8869171142578 -9
vt 134.45289611816406 1
vt 134.9902801513672 1
vt 134.45289611816406 -9
vt 134.9902801513672 1
vt 134.9902801513672 -9
vt 134.45289611816406 -9
vt 134.9902801513672 1
vt 135.50161743164062 1
vt 134.9902801513672 -9
vt 135.50161743164062 1
vt 135.50161743164062 -9
vt 134.9902801513672 -9
vt 135.50161743164062 1
vt 135.989501953125 1
vt 135.50161743164062 -9
vt 135.989501953125 1
vt 135.989501953125 -9
vt 135.50161743164062 -9
vt 135.989501953125 1
vt 136.45645141601562 1
vt 135.989501953125 -9
vt 136.45645141601562 1
vt 136.45645141601562 -9
vt 135.989501953125 -9
vt 136.45645141601562 1
vt 136.90501403808594 1
vt 136.45645141601562 -9
vt 136.90501403808594 1
vt 136.90501403808594 -9
vt 136.45645141601562 -9
vt 136.90501403808594 1
vt 137.3377685546875 1
vt 136.90501403808594 -9
vt 137.3377685546875 1
vt 137.3377685546875 -9
vt 136.90501403808594 -9
vt 137.3377685546875 1
vt 137.7572479248047 1
vt 137.3377685546875 -9
vt 137.7572479248047 1
vt 137.7572479248047 -9
vt 137.3377685546875 -9
vt 137.7572479248047 1
vt 138.16600036621094 1
vt 137.7572479248047 -9
vt 138.16600036621094 1
vt 138.16600036621094 -9
vt 137.7572479248047 -9
vt 0 1
vt 4.066999912261963 1
vt 0 -9
vt 4.066999912261963 1
vt 4.066999912261963 -9
vt 0 -9
vt 138.16600036621094 1
vt 137.69454956054688 1
vt 138.16600036621094 -9
vt 137.69454956054688 1
vt 137.69454956054688 -9
vt 138.16600036621094 -9
vt 137.69454956054688 1
vt 137.23228454589844 1
vt 137.69454956054688 -9
vt 137.23228454589844 1
vt 137.23228454589844 -9
vt 137.69454956054688 -9
vt 137.23228454589844 1
vt 136.7740936279297 1
vt 137.23228454589844 -9
vt 136.7740936279297 1
vt 136.7740936279297 -9
vt 137.23228454589844 -9
vt 136.7740936279297 1
vt 136.3148956298828 1
vt 136.7740936279297 -9
vt 136.3148956298828 1
vt 136.3148956298828 -9
vt 136.7740936279297 -9
vt 136.3148956298828 1
vt 135.8495635986328 1
vt 136.3148956298828 -9
vt 135.8495635986328 1
vt 135.8495635986328 -9
vt 136.3148956298828 -9
vt 135.8495635986328 1
vt 135.3730010986328 1
vt 135.8495635986328 -9
vt 135.3730010986328 1
vt 135.3730010986328 -9
vt 135.8495635986328 -9
vt 135.3730010986328 1
vt 134.88011169433594 1
vt 135.3730010986328 -9
vt 134.88011169433594 1
vt 134.88011169433594 -9
vt 135.3730010986328 -9
vt 134.88011169433594 1
vt 134.36578369140625 1
vt 134.88011169433594 -9
vt 134.36578369140625 1
vt 134.36578369140625 -9
vt 134.88011169433594 -9
vt 134.36578369140625 1
vt 133.8249053955078 1
vt 134.36578369140625 -9
vt 133.8249053955078 1
vt 133.8249053955078 -9
vt 134.36578369140625 -9
vt 133.8249053955078 1
vt 133.2523956298828 1
vt 133.8249053955078 -9
vt 133.2523956298828 1
vt 133.2523956298828 -9
vt 133.8249053955078 -9
vt 133.2523956298828 1
vt 132.64312744140625 1
vt 133.2523956298828 -9
vt 132.64312744140625 1
vt 132.64312744140625 -9
vt 133.2523956298828 -9
vt 132.64312744140625 1
vt 131.99200439453125 1
vt 132.64312744140625 -9
vt 131.99200439453125 1
vt 131.99200439453125 -9
vt 132.64312744140625 -9
vt 131.99200439453125 1
vt 130.8682098388672 1
vt 131.99200439453125 -9
vt 130.8682098388672 1
vt 130.8682098388672 -9
vt 131.99200439453125 -9
vt 130.8682098388672 1
vt 129.8697967529297 1
vt 130.8682098388672 -9
vt 129.8697967529297 1
vt 129.8697967529297 -9
vt 130.8682098388672 -9
vt 129.8697967529297 1
vt 128.99151611328125 1
vt 129.8697967529297 -9
vt 128.99151611328125 1
vt 128.99151611328125 -9
vt 129.8697967529297 -9
vt 128.99151611328125 1
vt 128.2280731201172 1
vt 128.99151611328125 -9
vt 128.2280731201172 1
vt 128.2280731201172 -9
vt 128.99151611328125 -9
vt 128.2280731201172 1
vt 127.57420349121094 1
vt 128.2280731201172 -9
vt 127.57420349121094 1
vt 127.57420349121094 -9
vt 128.2280731201172 -9
vt 127.57420349121094 1
vt 127.02462768554688 1
vt 127.57420349121094 -9
vt 127.02462768554688 1
vt 127.02462768554688 -9
vt 127.57420349121094 -9
vt 5.028625011444092 1
vt 5.578201770782471 1
vt 5.028625011444092 -9
vt 5.578201770782471 1
vt 5.578201770782471 -9
vt 5.028625011444092 -9
vt 5.578201770782471 1
vt 6.23207426071167 1
vt 5.578201770782471 -9
vt 6.23207426071167 1
vt 6.23207426071167 -9
vt 5.578201770782471 -9
vt 6.23207426071167 1
vt 6.995515823364258 1
vt 6.23207426071167 -9
vt 6.995515823364258 1
vt 6.995515823364258 -9
vt 6.23207426071167 -9
vt 6.995515823364258 1
vt 7.873800754547119 1
vt 6.995515823364258 -9
vt 7.873800754547119 1
vt 7.873800754547119 -9
vt 6.995515823364258 -9
vt 7.873800754547119 1
vt 8.872203826904297 1
vt 7.873800754547119 -9
vt 8.872203826904297 1
vt 8.872203826904297 -9
vt 7.873800754547119 -9
vt 8.872203826904297 1
vt 9.996000289916992 1
vt 8.872203826904297 -9
vt 9.996000289916992 1
vt 9.996000289916992 -9
vt 8.872203826904297 -9
vt 9.996000289916992 1
vt 22.049999237060547 1
vt 9.996000289916992 -9
vt 22.049999237060547 1
vt 22.049999237060547 -9
vt 9.996000289916992 -9
vt 125.62200164794922 1
vt 138.0679931640625 1
vt 125.62200164794922 -9
vt 138.0679931640625 1
vt 138.0679931640625 -9
vt 125.62200164794922 -9
vt 22.049999237060547 1
vt 25.969999313354492 1
vt 22.049999237060547 -9
vt 25.969999313354492 1
vt 25.969999313354492 -9
vt 22.049999237060547 -9
vt 138.0679931640625 1
vt 125.62200164794922 1
vt 138.0679931640625 -9
vt 125.62200164794922 1
vt 125.62200164794922 -9
vt 138.0679931640625 -9
vt 150.57777404785156 33.65233612060547
vt 150.60400390625 33.22200012207031
vt 150.57777404785156 32.78040313720703
vt 150.37355041503906 34.44087600708008
vt 150.50033569335938 34.05953598022461
vt 150.57777404785156 33.65233612060547
vt 149.9794464111328 35.11507797241211
vt 150.1992950439453 34.79362869262695
vt 150.37355041503906 34.44087600708008
vt 149.4104461669922 35.65317153930664
vt 149.71588134765625 35.40250015258789
vt 149.9794464111328 35.11507797241211
vt 148.6815185546875 36.03337478637695
vt 149.06503295898438 35.86437225341797
vt 149.4104461669922 35.65317153930664
vt 147.80763244628906 36.23391342163086
vt 148.26174926757812 36.15746307373047
vt 148.6815185546875 36.03337478637695
vt 146.8231201171875 36.23391342163086
vt 147.3209991455078 36.2599983215332
vt 147.80763244628906 36.23391342163086
vt 145.93215942382812 36.03337478637695
vt 146.35960388183594 36.15746307373047
vt 146.8231201171875 36.23391342163086
vt 145.19227600097656 35.65317153930664
vt 145.54248046875 35.86437225341797
vt 145.93215942382812 36.03337478637695
vt 144.61709594726562 35.11507797241211
vt 144.8832550048828 35.40250015258789
vt 145.19227600097656 35.65317153930664
vt 144.22021484375 34.44087600708008
vt 144.39552307128906 34.79362869262695
vt 144.61709594726562 35.11507797241211
vt 144.0152587890625 33.65233612060547
vt 144.0928955078125 34.05953598022461
vt 144.22021484375 34.44087600708008
vt 144.0152587890625 32.78040313720703
vt 143.98899841308594 33.22200012207031
vt 144.0152587890625 33.65233612060547
vt 144.22021484375 31.974796295166016
vt 144.0928955078125 32.36381912231445
vt 144.0152587890625 32.78040313720703
vt 144.61709594726562 31.289648056030273
vt 144.39552307128906 31.615888595581055
vt 144.22021484375 31.974796295166016
vt 145.19227600097656 30.745372772216797
vt 144.8832550048828 30.998624801635742
vt 144.61709594726562 31.289648056030273
vt 145.93215942382812 30.362390518188477
vt 145.54248046875 30.53244400024414
vt 145.19227600097656 30.745372772216797
vt 146.8231201171875 30.161115646362305
vt 146.35960388183594 30.237764358520508
vt 145.93215942382812 30.362390518188477
vt 147.80763244628906 30.161115646362305
vt 147.3209991455078 30.135000228881836
vt 146.8231201171875 30.161115646362305
vt 148.6815185546875 30.362390518188477
vt 148.26174926757812 30.237764358520508
vt 147.80763244628906 30.161115646362305
vt 149.4104461669922 30.745372772216797
vt 149.06503295898438 30.53244400024414
vt 148.6815185546875 30.362390518188477
vt 149.9794464111328 31.289648056030273
vt 149.71588134765625 30.998624801635742
vt 149.4104461669922 30.745372772216797
vt 150.37355041503906 31.974796295166016
vt 150.1992950439453 31.615888595581055
vt 149.9794464111328 31.289648056030273
vt 150.57777404785156 32.78040313720703
vt 150.50033569335938 32.36381912231445
vt 150.37355041503906 31.974796295166016
vt 150.37355041503906 34.44087600708008
vt 150.57777404785156 33.65233612060547
vt 150.57777404785156 32.78040313720703
vt 149.4104461669922 35.65317153930664
vt 149.9794464111328 35.11507797241211
vt 150.37355041503906 34.44087600708008
vt 147.80763244628906 36.23391342163086
vt 148.6815185546875 36.03337478637695
vt 149.4104461669922 35.65317153930664
vt 145.93215942382812 36.03337478637695
vt 146.8231201171875 36.23391342163086
vt 147.80763244628906 36.23391342163086
vt 144.61709594726562 35.11507797241211
vt 145.19227600097656 35.65317153930664
vt 145.93215942382812 36.03337478637695
vt 144.0152587890625 33.65233612060547
vt 144.22021484375 34.44087600708008
vt 144.61709594726562 35.11507797241211
vt 144.22021484375 31.974796295166016
vt 144.0152587890625 32.78040313720703
vt 144.0152587890625 33.65233612060547
vt 145.19227600097656 30.745372772216797
vt 144.61709594726562 31.289648056030273
vt 144.22021484375 31.974796295166016
vt 146.8231201171875 30.161115646362305
vt 145.93215942382812 30.362390518188477
vt 145.19227600097656 30.745372772216797
vt 148.6815185546875 30.362390518188477
vt 147.80763244628906 30.161115646362305
vt 146.8231201171875 30.161115646362305
vt 149.9794464111328 31.289648056030273
vt 149.4104461669922 30.745372772216797
vt 148.6815185546875 30.362390518188477
vt 150.57777404785156 32.78040313720703
vt 150.37355041503906 31.974796295166016
vt 149.9794464111328 31.289648056030273
vt 149.4104461669922 35.65317153930664
vt 150.37355041503906 34.44087600708008
vt 150.57777404785156 32.78040313720703
vt 145.93215942382812 36.03337478637695
vt 147.80763244628906 36.23391342163086
vt 149.4104461669922 35.65317153930664
vt 144.0152587890625 33.65233612060547
vt 144.61709594726562 35.11507797241211
vt 145.93215942382812 36.03337478637695
vt 145.19227600097656 30.745372772216797
vt 144.22021484375 31.974796295166016
vt 144.0152587890625 33.65233612060547
vt 148.6815185546875 30.362390518188477
vt 146.8231201171875 30.161115646362305
vt 145.19227600097656 30.745372772216797
vt 150.57777404785156 32.78040313720703
vt 149.9794464111328 31.289648056030273
vt 148.6815185546875 30.362390518188477
vt 145.93215942382812 36.03337478637695
vt 149.4104461669922 35.65317153930664
vt 150.57777404785156 32.78040313720703
vt 145.19227600097656 30.745372772216797
vt 144.0152587890625 33.65233612060547
vt 145.93215942382812 36.03337478637695
vt 150.57777404785156 32.78040313720703
vt 148.6815185546875 30.362390518188477
vt 145.19227600097656 30.745372772216797
vt 145.19227600097656 30.745372772216797
vt 145.93215942382812 36.03337478637695
vt 150.57777404785156 32.78040313720703
vt 150.57777404785156 32.78040313720703
vt 150.60400390625 33.22200012207031
vt 150.57777404785156 33.65233612060547
vt 150.57777404785156 33.65233612060547
vt 150.50033569335938 34.05953598022461
vt 150.37355041503906 34.44087600708008
vt 150.37355041503906 34.44087600708008
vt 150.1992950439453 34.79362869262695
vt 149.9794464111328 35.11507797241211
vt 149.9794464111328 35.11507797241211
vt 149.71588134765625 35.40250015258789
vt 149.4104461669922 35.65317153930664
vt 149.4104461669922 35.65317153930664
vt 149.06503295898438 35.86437225341797
vt 148.6815185546875 36.03337478637695
vt 148.6815185546875 36.03337478637695
vt 148.26174926757812 36.15746307373047
vt 147.80763244628906 36.23391342163086
vt 147.80763244628906 36.23391342163086
vt 147.3209991455078 36.2599983215332
vt 146.8231201171875 36.23391342163086
vt 146.8231201171875 36.23391342163086
vt 146.35960388183594 36.15746307373047
vt 145.93215942382812 36.03337478637695
vt 145.93215942382812 36.03337478637695
vt 145.54248046875 35.86437225341797
vt 145.19227600097656 35.65317153930664
vt 145.19227600097656 35.65317153930664
vt 144.8832550048828 35.40250015258789
vt 144.61709594726562 35.11507797241211
vt 144.61709594726562 35.11507797241211
vt 144.39552307128906 34.79362869262695
vt 144.22021484375 34.44087600708008
vt 144.22021484375 34.44087600708008
vt 144.0928955078125 34.05953598022461
vt 144.0152587890625 33.65233612060547
vt 144.0152587890625 33.65233612060547
vt 143.98899841308594 33.22200012207031
vt 144.0152587890625 32.78040313720703
vt 144.0152587890625 32.78040313720703
vt 144.0928955078125 32.36381912231445
vt 144.22021484375 31.974796295166016
vt 144.22021484375 31.974796295166016
vt 144.39552307128906 31.615888595581055
vt 144.61709594726562 31.289648056030273
vt 144.61709594726562 31.289648056030273
vt 144.8832550048828 30.998624801635742
vt 145.19227600097656 30.745372772216797
vt 145.19227600097656 30.745372772216797
vt 145.54248046875 30.53244400024414
vt 145.93215942382812 30.362390518188477
vt 145.93215942382812 30.362390518188477
vt 146.35960388183594 30.237764358520508
vt 146.8231201171875 30.161115646362305
vt 146.8231201171875 30.161115646362305
vt 147.3209991455078 30.135000228881836
vt 147.80763244628906 30.161115646362305
vt 147.80763244628906 30.161115646362305
vt 148.26174926757812 30.237764358520508
vt 148.6815185546875 30.362390518188477
vt 148.6815185546875 30.362390518188477
vt 149.06503295898438 30.53244400024414
vt 149.4104461669922 30.745372772216797
vt 149.4104461669922 30.745372772216797
vt 149.71588134765625 30.998624801635742
vt 149.9794464111328 31.289648056030273
vt 149.9794464111328 31.289648056030273
vt 150.1992950439453 31.615888595581055
vt 150.37355041503906 31.974796295166016
vt 150.37355041503906 31.974796295166016
vt 150.50033569335938 32.36381912231445
vt 150.57777404785156 32.78040313720703
vt 150.57777404785156 32.78040313720703
vt 150.57777404785156 33.65233612060547
vt 150.37355041503906 34.44087600708008
vt 150.37355041503906 34.44087600708008
vt 149.9794464111328 35.11507797241211
vt 149.4104461669922 35.65317153930664
vt 149.4104461669922 35.65317153930664
vt 148.6815185546875 36.03337478637695
vt 147.80763244628906 36.23391342163086
vt 147.80763244628906 36.23391342163086
vt 146.8231201171875 36.23391342163086
vt 145.93215942382812 36.03337478637695
vt 145.93215942382812 36.03337478637695
vt 145.19227600097656 35.65317153930664
vt 144.61709594726562 35.11507797241211
vt 144.61709594726562 35.11507797241211
vt 144.22021484375 34.44087600708008
vt 144.0152587890625 33.65233612060547
vt 144.0152587890625 33.65233612060547
vt 144.0152587890625 32.78040313720703
vt 144.22021484375 31.974796295166016
vt 144.22021484375 31.974796295166016
vt 144.61709594726562 31.289648056030273
vt 145.19227600097656 30.745372772216797
vt 145.19227600097656 30.745372772216797
vt 145.93215942382812 30.362390518188477
vt 146.8231201171875 30.161115646362305
vt 146.8231201171875 30.161115646362305
vt 147.80763244628906 30.161115646362305
vt 148.6815185546875 30.362390518188477
vt 148.6815185546875 30.362390518188477
vt 149.4104461669922 30.745372772216797
vt 149.9794464111328 31.289648056030273
vt 149.9794464111328 31.289648056030273
vt 150.37355041503906 31.974796295166016
vt 150.57777404785156 32.78040313720703
vt 150.57777404785156 32.78040313720703
vt 150.37355041503906 34.44087600708008
vt 149.4104461669922 35.65317153930664
vt 149.4104461669922 35.65317153930664
vt 147.80763244628906 36.23391342163086
vt 145.93215942382812 36.03337478637695
vt 145.93215942382812 36.03337478637695
vt 144.61709594726562 35.11507797241211
vt 144.0152587890625 33.65233612060547
vt 144.0152587890625 33.65233612060547
vt 144.22021484375 31.974796295166016
vt 145.19227600097656 30.745372772216797
vt 145.19227600097656 30.745372772216797
vt 146.8231201171875 30.161115646362305
vt 148.6815185546875 30.362390518188477
vt 148.6815185546875 30.362390518188477
vt 149.9794464111328 31.289648056030273
vt 150.57777404785156 32.78040313720703
vt 150.57777404785156 32.78040313720703
vt 149.4104461669922 35.65317153930664
vt 145.93215942382812 36.03337478637695
vt 145.93215942382812 36.03337478637695
vt 144.0152587890625 33.65233612060547
vt 145.19227600097656 30.745372772216797
vt 145.19227600097656 30.745372772216797
vt 148.6815185546875 30.362390518188477
vt 150.57777404785156 32.78040313720703
vt 150.57777404785156 32.78040313720703
vt 145.93215942382812 36.03337478637695
vt 145.19227600097656 30.745372772216797
vt 33.65233612060547 1
vt 34.05953598022461 1
vt 33.65233612060547 -9
vt 34.05953598022461 1
vt 34.05953598022461 -9
vt 33.65233612060547 -9
vt 34.05953598022461 1
vt 34.44087600708008 1
vt 34.05953598022461 -9
vt 34.44087600708008 1
vt 34.44087600708008 -9
vt 34.05953598022461 -9
vt 34.44087600708008 1
vt 34.79362869262695 1
vt 34.44087600708008 -9
vt 34.79362869262695 1
vt 34.79362869262695 -9
vt 34.44087600708008 -9
vt 34.79362869262695 1
vt 35.11507797241211 1
vt 34.79362869262695 -9
vt 35.11507797241211 1
vt 35.11507797241211 -9
vt 34.79362869262695 -9
vt 35.11507797241211 1
vt 35.40250015258789 1
vt 35.11507797241211 -9
vt 35.40250015258789 1
vt 35.40250015258789 -9
vt 35.11507797241211 -9
vt 149.71588134765625 1
vt 149.4104461669922 1
vt 149.71588134765625 -9
vt 149.4104461669922 1
vt 149.4104461669922 -9
vt 149.71588134765625 -9
vt 149.4104461669922 1
vt 149.06503295898438 1
vt 149.4104461669922 -9
vt 149.06503295898438 1
vt 149.06503295898438 -9
vt 149.4104461669922 -9
vt 149.06503295898438 1
vt 148.6815185546875 1
vt 149.06503295898438 -9
vt 148.6815185546875 1
vt 148.6815185546875 -9
vt 149.06503295898438 -9
vt 148.6815185546875 1
vt 148.26174926757812 1
vt 148.6815185546875 -9
vt 148.26174926757812 1
vt 148.26174926757812 -9
vt 148.6815185546875 -9
vt 148.26174926757812 1
vt 147.80763244628906 1
vt 148.26174926757812 -9
vt 147.80763244628906 1
vt 147.80763244628906 -9
vt 148.26174926757812 -9
vt 147.80763244628906 1
vt 147.3209991455078 1
vt 147.80763244628906 -9
vt 147.3209991455078 1
vt 147.3209991455078 -9
vt 147.80763244628906 -9
vt 147.3209991455078 1
vt 146.8231201171875 1
vt 147.3209991455078 -9
vt 146.8231201171875 1
vt 146.8231201171875 -9
vt 147.3209991455078 -9
vt 146.8231201171875 1
vt 146.35960388183594 1
vt 146.8231201171875 -9
vt 146.35960388183594 1
vt 146.35960388183594 -9
vt 146.8231201171875 -9
vt 146.35960388183594 1
vt 145.93215942382812 1
vt 146.35960388183594 -9
vt 145.93215942382812 1
vt 145.93215942382812 -9
vt 146.35960388183594 -9
vt 145.93215942382812 1
vt 145.54248046875 1
vt 145.93215942382812 -9
vt 145.54248046875 1
vt 145.54248046875 -9
vt 145.93215942382812 -9
vt 145.54248046875 1
vt 145.19227600097656 1
vt 145.54248046875 -9
vt 145.19227600097656 1
vt 145.19227600097656 -9
vt 145.54248046875 -9
vt 145.19227600097656 1
vt 144.8832550048828 1
vt 145.19227600097656 -9
vt 144.8832550048828 1
vt 144.8832550048828 -9
vt 145.19227600097656 -9
vt 35.40250015258789 1
vt 35.11507797241211 1
vt 35.40250015258789 -9
vt 35.11507797241211 1
vt 35.11507797241211 -9
vt 35.40250015258789 -9
vt 35.11507797241211 1
vt 34.79362869262695 1
vt 35.11507797241211 -9
vt 34.79362869262695 1
vt 34.79362869262695 -9
vt 35.11507797241211 -9
vt 34.79362869262695 1
vt 34.44087600708008 1
vt 34.79362869262695 -9
vt 34.44087600708008 1
vt 34.44087600708008 -9
vt 34.79362869262695 -9
vt 34.44087600708008 1
vt 34.05953598022461 1
vt 34.44087600708008 -9
vt 34.05953598022461 1
vt 34.05953598022461 -9
vt 34.44087600708008 -9
vt 34.05953598022461 1
vt 33.65233612060547 1
vt 34.05953598022461 -9
vt 33.65233612060547 1
vt 33.65233612060547 -9
vt 34.05953598022461 -9
vt 33.65233612060547 1
vt 33.22200012207031 1
vt 33.65233612060547 -9
vt 33.22200012207031 1
vt 33.22200012207031 -9
vt 33.65233612060547 -9
vt 33.22200012207031 1
vt 32.78040313720703 1
vt 33.22200012207031 -9
vt 32.78040313720703 1
vt 32.78040313720703 -9
vt 33.22200012207031 -9
vt 32.78040313720703 1
vt 32.36381912231445 1
vt 32.78040313720703 -9
vt 32.36381912231445 1
vt 32.36381912231445 -9
vt 32.78040313720703 -9
vt 32.36381912231445 1
vt 31.974796295166016 1
vt 32.36381912231445 -9
vt 31.974796295166016 1
vt 31.974796295166016 -9
vt 32.36381912231445 -9
vt 31.974796295166016 1
vt 31.615888595581055 1
vt 31.974796295166016 -9
vt 31.615888595581055 1
vt 31.615888595581055 -9
vt 31.974796295166016 -9
vt 31.615888595581055 1
vt 31.289648056030273 1
vt 31.615888595581055 -9
vt 31.289648056030273 1
vt 31.289648056030273 -9
vt 31.615888595581055 -9
vt 31.289648056030273 1
vt 30.998624801635742 1
vt 31.289648056030273 -9
vt 30.998624801635742 1
vt 30.998624801635742 -9
vt 31.289648056030273 -9
vt 144.8832550048828 1
vt 145.19227600097656 1
vt 144.8832550048828 -9
vt 145.19227600097656 1
vt 145.19227600097656 -9
vt 144.8832550048828 -9
vt 145.19227600097656 1
vt 145.54248046875 1
vt 145.19227600097656 -9
vt 145.54248046875 1
vt 145.54248046875 -9
vt 145.19227600097656 -9
vt 145.54248046875 1
vt 145.93215942382812 1
vt 145.54248046875 -9
vt 145.93215942382812 1
vt 145.93215942382812 -9
vt 145.54248046875 -9
vt 145.93215942382812 1
vt 146.35960388183594 1
vt 145.93215942382812 -9
vt 146.35960388183594 1
vt 146.35960388183594 -9
vt 145.93215942382812 -9
vt 146.35960388183594 1
vt 146.8231201171875 1
vt 146.35960388183594 -9
vt 146.8231201171875 1
vt 146.8231201171875 -9
vt 146.35960388183594 -9
vt 146.8231201171875 1
vt 147.3209991455078 1
vt 146.8231201171875 -9
vt 147.3209991455078 1
vt 147.3209991455078 -9
vt 146.8231201171875 -9
vt 147.3209991455078 1
vt 147.80763244628906 1
vt 147.3209991455078 -9
vt 147.80763244628906 1
vt 147.80763244628906 -9
vt 147.3209991455078 -9
vt 147.80763244628906 1
vt 148.26174926757812 1
vt 147.80763244628906 -9
vt 148.26174926757812 1
vt 148.26174926757812 -9
vt 147.80763244628906 -9
vt 148.26174926757812 1
vt 148.6815185546875 1
vt 148.26174926757812 -9
vt 148.6815185546875 1
vt 148.6815185546875 -9
vt 148.26174926757812 -9
vt 148.6815185546875 1
vt 149.06503295898438 1
vt 148.6815185546875 -9
vt 149.06503295898438 1
vt 149.06503295898438 -9
vt 148.6815185546875 -9
vt 149.06503295898438 1
vt 149.4104461669922 1
vt 149.06503295898438 -9
vt 149.4104461669922 1
vt 149.4104461669922 -9
vt 149.06503295898438 -9
vt 149.4104461669922 1
vt 149.71588134765625 1
vt 149.4104461669922 -9
vt 149.71588134765625 1
vt 149.71588134765625 -9
vt 149.4104461669922 -9
vt 30.998624801635742 1
vt 31.289648056030273 1
vt 30.998624801635742 -9
vt 31.289648056030273 1
vt 31.289648056030273 -9
vt 30.998624801635742 -9
vt 31.289648056030273 1
vt 31.615888595581055 1
vt 31.289648056030273 -9
vt 31.615888595581055 1
vt 31.615888595581055 -9
vt 31.289648056030273 -9
vt 31.615888595581055 1
vt 31.974796295166016 1
vt 31.615888595581055 -9
vt 31.974796295166016 1
vt 31.974796295166016 -9
vt 31.615888595581055 -9
vt 31.974796295166016 1
vt 32.36381912231445 1
vt 31.974796295166016 -9
vt 32.36381912231445 1
vt 32.36381912231445 -9
vt 31.974796295166016 -9
vt 32.36381912231445 1
vt 32.78040313720703 1
vt 32.36381912231445 -9
vt 32.78040313720703 1
vt 32.78040313720703 -9
vt 32.36381912231445 -9
vt 32.78040313720703 1
vt 33.22200012207031 1
vt 32.78040313720703 -9
vt 33.22200012207031 1
vt 33.22200012207031 -9
vt 32.78040313720703 -9
vt 33.22200012207031 1
vt 33.65233612060547 1
vt 33.22200012207031 -9
vt 33.65233612060547 1
vt 33.65233612060547 -9
vt 33.22200012207031 -9
vt 149.62399291992188 25.969999313354492
vt 149.62399291992188 0
vt 144.968994140625 0
vt 144.968994140625 0
vt 144.968994140625 25.969999313354492
vt 149.62399291992188 25.969999313354492
vt 144.968994140625 0
vt 149.62399291992188 0
vt 149.62399291992188 25.969999313354492
vt 149.62399291992188 25.969999313354492
vt 144.968994140625 25.969999313354492
vt 144.968994140625 0
vt 149.62399291992188 1
vt 144.968994140625 1
vt 149.62399291992188 -9
vt 144.968994140625 1
vt 144.968994140625 -9
vt 149.62399291992188 -9
vt 25.969999313354492 1
vt 0 1
vt 25.969999313354492 -9
vt 0 1
vt 0 -9
vt 25.969999313354492 -9
vt 144.968994140625 1
vt 149.62399291992188 1
vt 144.968994140625 -9
vt 149.62399291992188 1
vt 149.62399291992188 -9
vt 144.968994140625 -9
vt 0 1
vt 25.969999313354492 1
vt 0 -9
vt 25.969999313354492 1
vt 25.969999313354492 -9
vt 0 -9
vt 189.66519165039062 17.544721603393555
vt 190.0013885498047 15.940142631530762
vt 190.11300659179688 14.258999824523926
vt 188.31088256835938 20.471111297607422
vt 189.1023712158203 19.05946922302246
vt 189.66519165039062 17.544721603393555
vt 186.03375244140625 22.93199920654297
vt 187.2886962890625 21.76637840270996
vt 188.31088256835938 20.471111297607422
vt 182.81744384765625 24.82122230529785
vt 184.54400634765625 23.95470428466797
vt 186.03375244140625 22.93199920654297
vt 178.64564514160156 26.032611846923828
vt 180.8520050048828 25.518281936645508
vt 182.81744384765625 24.82122230529785
vt 173.5019989013672 26.459999084472656
vt 176.19631958007812 26.350940704345703
vt 178.64564514160156 26.032611846923828
vt 168.22247314453125 25.99812889099121
vt 170.7427215576172 26.342037200927734
vt 173.5019989013672 26.459999084472656
vt 163.89981079101562 24.69236946105957
vt 165.9414520263672 25.44325065612793
vt 168.22247314453125 25.99812889099121
vt 160.53536987304688 22.662500381469727
vt 162.0977325439453 23.76046371459961
vt 163.89981079101562 24.69236946105957
vt 158.13052368164062 20.028295516967773
vt 159.21292114257812 21.413454055786133
vt 160.53536987304688 22.662500381469727
vt 156.6865997314453 16.909536361694336
vt 157.28836059570312 18.52199935913086
vt 158.13052368164062 20.028295516967773
vt 156.2050018310547 13.425999641418457
vt 156.32542419433594 15.205879211425781
vt 156.6865997314453 16.909536361694336
vt 161.31585693359375 16.268312454223633
vt 161.05599975585938 15.140999794006348
vt 156.2050018310547 13.425999641418457
vt 156.2050018310547 13.425999641418457
vt 161.05599975585938 15.140999794006348
vt 185.40899658203125 15.140999794006348
vt 156.32528686523438 10.764120101928711
vt 156.2050018310547 12.543999671936035
vt 156.2050018310547 13.425999641418457
vt 157.28453063964844 7.447999954223633
vt 156.6854705810547 9.060462951660156
vt 156.32528686523438 10.764120101928711
vt 159.1951904296875 4.556546211242676
vt 158.12144470214844 5.941703796386719
vt 157.28453063964844 7.447999954223633
vt 162.04910278320312 2.2095370292663574
vt 160.50474548339844 3.307499885559082
vt 159.1951904296875 4.556546211242676
vt 165.8380889892578 0.5267500281333923
vt 163.8272247314453 1.2776296138763428
vt 162.04910278320312 2.2095370292663574
vt 170.5540008544922 -0.37203702330589294
vt 168.0806884765625 -0.02812962979078293
vt 165.8380889892578 0.5267500281333923
vt 175.7480010986328 -0.39511922001838684
vt 173.2570037841797 -0.49000000953674316
vt 170.5540008544922 -0.37203702330589294
vt 180.04196166992188 0.30778124928474426
vt 178.0072784423828 -0.12295370548963547
vt 175.7480010986328 -0.39511922001838684
vt 183.4661865234375 1.5700984001159668
vt 181.85922241210938 0.8783703446388245
vt 180.04196166992188 0.30778124928474426
vt 186.07781982421875 3.242110013961792
vt 184.8699951171875 2.3642499446868896
vt 183.4661865234375 1.5700984001159668
vt 187.9340362548828 5.174093723297119
vt 187.09677124023438 4.184962749481201
vt 186.07781982421875 3.242110013961792
vt 189.0919952392578 7.216327667236328
vt 188.5967254638672 6.190786838531494
vt 187.9340362548828 5.174093723297119
vt 184.625 8.232000350952148
vt 189.427001953125 8.232000350952148
vt 189.0919952392578 7.216327667236328
vt 189.94143676757812 11.87124252319336
vt 189.91700744628906 11.661999702453613
vt 160.95799255371094 11.661999702453613
vt 189.9889678955078 12.295171737670898
vt 189.96554565429688 12.082356452941895
vt 189.94143676757812 11.87124252319336
vt 190.03240966796875 12.725226402282715
vt 190.01136779785156 12.50951862335205
vt 189.9889678955078 12.295171737670898
vt 190.0690460205078 13.16004467010498
vt 190.05174255371094 12.94212532043457
vt 190.03240966796875 12.725226402282715
vt 190.09616088867188 13.598265647888184
vt 190.08396911621094 13.378814697265625
vt 190.0690460205078 13.16004467010498
vt 190.1110076904297 14.038528442382812
vt 190.10528564453125 13.81822681427002
vt 190.09616088867188 13.598265647888184
vt 189.66519165039062 17.544721603393555
vt 190.11300659179688 14.258999824523926
vt 190.1110076904297 14.038528442382812
vt 186.03375244140625 22.93199920654297
vt 188.31088256835938 20.471111297607422
vt 189.66519165039062 17.544721603393555
vt 178.64564514160156 26.032611846923828
vt 182.81744384765625 24.82122230529785
vt 186.03375244140625 22.93199920654297
vt 168.22247314453125 25.99812889099121
vt 173.5019989013672 26.459999084472656
vt 178.64564514160156 26.032611846923828
vt 160.53536987304688 22.662500381469727
vt 163.89981079101562 24.69236946105957
vt 168.22247314453125 25.99812889099121
vt 156.6865997314453 16.909536361694336
vt 158.13052368164062 20.028295516967773
vt 160.53536987304688 22.662500381469727
vt 161.31585693359375 16.268312454223633
vt 156.2050018310547 13.425999641418457
vt 156.6865997314453 16.909536361694336
vt 157.28453063964844 7.447999954223633
vt 156.32528686523438 10.764120101928711
vt 156.2050018310547 13.425999641418457
vt 162.04910278320312 2.2095370292663574
vt 159.1951904296875 4.556546211242676
vt 157.28453063964844 7.447999954223633
vt 170.5540008544922 -0.37203702330589294
vt 165.8380889892578 0.5267500281333923
vt 162.04910278320312 2.2095370292663574
vt 180.04196166992188 0.30778124928474426
vt 175.7480010986328 -0.39511922001838684
vt 170.5540008544922 -0.37203702330589294
vt 186.07781982421875 3.242110013961792
vt 183.4661865234375 1.5700984001159668
vt 180.04196166992188 0.30778124928474426
vt 189.0919952392578 7.216327667236328
vt 187.9340362548828 5.174093723297119
vt 186.07781982421875 3.242110013961792
vt 184.3320770263672 7.73896598815918
vt 184.625 8.232000350952148
vt 189.0919952392578 7.216327667236328
vt 189.9889678955078 12.295171737670898
vt 189.94143676757812 11.87124252319336
vt 160.95799255371094 11.661999702453613
vt 190.0690460205078 13.16004467010498
vt 190.03240966796875 12.725226402282715
vt 189.9889678955078 12.295171737670898
vt 190.1110076904297 14.038528442382812
vt 190.09616088867188 13.598265647888184
vt 190.0690460205078 13.16004467010498
vt 186.03375244140625 22.93199920654297
vt 189.66519165039062 17.544721603393555
vt 190.1110076904297 14.038528442382812
vt 168.22247314453125 25.99812889099121
vt 178.64564514160156 26.032611846923828
vt 186.03375244140625 22.93199920654297
vt 156.6865997314453 16.909536361694336
vt 160.53536987304688 22.662500381469727
vt 168.22247314453125 25.99812889099121
vt 161.70570373535156 17.31991195678711
vt 161.31585693359375 16.268312454223633
vt 156.6865997314453 16.909536361694336
vt 162.04910278320312 2.2095370292663574
vt 157.28453063964844 7.447999954223633
vt 156.2050018310547 13.425999641418457
vt 180.04196166992188 0.30778124928474426
vt 170.5540008544922 -0.37203702330589294
vt 162.04910278320312 2.2095370292663574
vt 189.0919952392578 7.216327667236328
vt 186.07781982421875 3.242110013961792
vt 180.04196166992188 0.30778124928474426
vt 183.95986938476562 7.2236433029174805
vt 184.3320770263672 7.73896598815918
vt 189.0919952392578 7.216327667236328
vt 190.0690460205078 13.16004467010498
vt 189.9889678955078 12.295171737670898
vt 160.95799255371094 11.661999702453613
vt 186.03375244140625 22.93199920654297
vt 190.1110076904297 14.038528442382812
vt 190.0690460205078 13.16004467010498
vt 162.22894287109375 18.291547775268555
vt 161.70570373535156 17.31991195678711
vt 156.6865997314453 16.909536361694336
vt 183.95986938476562 7.2236433029174805
vt 189.0919952392578 7.216327667236328
vt 180.04196166992188 0.30778124928474426
vt 162.8889617919922 19.17896270751953
vt 162.22894287109375 18.291547775268555
vt 156.6865997314453 16.909536361694336
vt 183.49647521972656 6.698452949523926
vt 183.95986938476562 7.2236433029174805
vt 180.04196166992188 0.30778124928474426
vt 162.8889617919922 19.17896270751953
vt 156.6865997314453 16.909536361694336
vt 168.22247314453125 25.99812889099121
vt 182.92996215820312 6.175814628601074
vt 183.49647521972656 6.698452949523926
vt 180.04196166992188 0.30778124928474426
vt 163.68917846679688 19.977907180786133
vt 162.8889617919922 19.17896270751953
vt 168.22247314453125 25.99812889099121
vt 182.24844360351562 5.668148517608643
vt 182.92996215820312 6.175814628601074
vt 180.04196166992188 0.30778124928474426
vt 164.63299560546875 20.684125900268555
vt 163.68917846679688 19.977907180786133
vt 168.22247314453125 25.99812889099121
vt 181.44000244140625 5.187874794006348
vt 182.24844360351562 5.668148517608643
vt 180.04196166992188 0.30778124928474426
vt 165.72381591796875 21.293363571166992
vt 164.63299560546875 20.684125900268555
vt 168.22247314453125 25.99812889099121
vt 180.4927215576172 4.747413635253906
vt 181.44000244140625 5.187874794006348
vt 180.04196166992188 0.30778124928474426
vt 166.9650421142578 21.80137062072754
vt 165.72381591796875 21.293363571166992
vt 168.22247314453125 25.99812889099121
vt 179.3946990966797 4.359185218811035
vt 180.4927215576172 4.747413635253906
vt 180.04196166992188 0.30778124928474426
vt 168.3600616455078 22.203889846801758
vt 166.9650421142578 21.80137062072754
vt 168.22247314453125 25.99812889099121
vt 178.134033203125 4.035609245300293
vt 179.3946990966797 4.359185218811035
vt 180.04196166992188 0.30778124928474426
vt 169.91229248046875 22.496671676635742
vt 168.3600616455078 22.203889846801758
vt 168.22247314453125 25.99812889099121
vt 176.69879150390625 3.7891063690185547
vt 178.134033203125 4.035609245300293
vt 180.04196166992188 0.30778124928474426
vt 171.62513732910156 22.675458908081055
vt 169.91229248046875 22.496671676635742
vt 168.22247314453125 25.99812889099121
vt 176.69879150390625 3.7891063690185547
vt 180.04196166992188 0.30778124928474426
vt 162.04910278320312 2.2095370292663574
vt 173.5019989013672 22.736000061035156
vt 171.62513732910156 22.675458908081055
vt 168.22247314453125 25.99812889099121
vt 175.07708740234375 3.632096529006958
vt 176.69879150390625 3.7891063690185547
vt 162.04910278320312 2.2095370292663574
vt 173.5019989013672 22.736000061035156
vt 168.22247314453125 25.99812889099121
vt 186.03375244140625 22.93199920654297
vt 173.2570037841797 3.5769999027252197
vt 175.07708740234375 3.632096529006958
vt 162.04910278320312 2.2095370292663574
vt 175.386962890625 22.668909072875977
vt 173.5019989013672 22.736000061035156
vt 186.03375244140625 22.93199920654297
vt 171.36900329589844 3.640631914138794
vt 173.2570037841797 3.5769999027252197
vt 162.04910278320312 2.2095370292663574
vt 177.0994110107422 22.47285270690918
vt 175.386962890625 22.668909072875977
vt 186.03375244140625 22.93199920654297
vt 169.64756774902344 3.828805446624756
vt 171.36900329589844 3.640631914138794
vt 162.04910278320312 2.2095370292663574
vt 178.6424102783203 22.155656814575195
vt 177.0994110107422 22.47285270690918
vt 186.03375244140625 22.93199920654297
vt 168.0897979736328 4.137437343597412
vt 169.64756774902344 3.828805446624756
vt 162.04910278320312 2.2095370292663574
vt 180.0189971923828 21.725147247314453
vt 178.6424102783203 22.155656814575195
vt 186.03375244140625 22.93199920654297
vt 166.69281005859375 4.56244421005249
vt 168.0897979736328 4.137437343597412
vt 162.04910278320312 2.2095370292663574
vt 181.2322540283203 21.18915367126465
vt 180.0189971923828 21.725147247314453
vt 186.03375244140625 22.93199920654297
vt 165.45372009277344 5.099742889404297
vt 166.69281005859375 4.56244421005249
vt 162.04910278320312 2.2095370292663574
vt 182.28524780273438 20.555500030517578
vt 181.2322540283203 21.18915367126465
vt 186.03375244140625 22.93199920654297
vt 164.36962890625 5.745250225067139
vt 165.45372009277344 5.099742889404297
vt 162.04910278320312 2.2095370292663574
vt 183.1810302734375 19.832012176513672
vt 182.28524780273438 20.555500030517578
vt 186.03375244140625 22.93199920654297
vt 163.43763732910156 6.494882106781006
vt 164.36962890625 5.745250225067139
vt 162.04910278320312 2.2095370292663574
vt 183.1810302734375 19.832012176513672
vt 186.03375244140625 22.93199920654297
vt 190.0690460205078 13.16004467010498
vt 163.43763732910156 6.494882106781006
vt 162.04910278320312 2.2095370292663574
vt 156.2050018310547 13.425999641418457
vt 183.92266845703125 19.026517868041992
vt 183.1810302734375 19.832012176513672
vt 190.0690460205078 13.16004467010498
vt 162.65484619140625 7.344555377960205
vt 163.43763732910156 6.494882106781006
vt 156.2050018310547 13.425999641418457
vt 184.51321411132812 18.14684295654297
vt 183.92266845703125 19.026517868041992
vt 190.0690460205078 13.16004467010498
vt 162.0183868408203 8.29018783569336
vt 162.65484619140625 7.344555377960205
vt 156.2050018310547 13.425999641418457
vt 184.95574951171875 17.200815200805664
vt 184.51321411132812 18.14684295654297
vt 190.0690460205078 13.16004467010498
vt 161.52536010742188 9.3276948928833
vt 162.0183868408203 8.29018783569336
vt 156.2050018310547 13.425999641418457
vt 185.25332641601562 16.196258544921875
vt 184.95574951171875 17.200815200805664
vt 190.0690460205078 13.16004467010498
vt 161.1728515625 10.452993392944336
vt 161.52536010742188 9.3276948928833
vt 156.2050018310547 13.425999641418457
vt 185.40899658203125 15.140999794006348
vt 185.25332641601562 16.196258544921875
vt 190.0690460205078 13.16004467010498
vt 160.95799255371094 11.661999702453613
vt 161.1728515625 10.452993392944336
vt 156.2050018310547 13.425999641418457
vt 185.40899658203125 15.140999794006348
vt 190.0690460205078 13.16004467010498
vt 160.95799255371094 11.661999702453613
vt 160.95799255371094 11.661999702453613
vt 156.2050018310547 13.425999641418457
vt 185.40899658203125 15.140999794006348
vt 190.11300659179688 14.258999824523926
vt 190.0013885498047 15.940142631530762
vt 189.66519165039062 17.544721603393555
vt 189.66519165039062 17.544721603393555
vt 189.1023712158203 19.05946922302246
vt 188.31088256835938 20.471111297607422
vt 188.31088256835938 20.471111297607422
vt 187.2886962890625 21.76637840270996
vt 186.03375244140625 22.93199920654297
vt 186.03375244140625 22.93199920654297
vt 184.54400634765625 23.95470428466797
vt 182.81744384765625 24.82122230529785
vt 182.81744384765625 24.82122230529785
vt 180.8520050048828 25.518281936645508
vt 178.64564514160156 26.032611846923828
vt 178.64564514160156 26.032611846923828
vt 176.19631958007812 26.350940704345703
vt 173.5019989013672 26.459999084472656
vt 173.5019989013672 26.459999084472656
vt 170.7427215576172 26.342037200927734
vt 168.22247314453125 25.99812889099121
vt 168.22247314453125 25.99812889099121
vt 165.9414520263672 25.44325065612793
vt 163.89981079101562 24.69236946105957
vt 163.89981079101562 24.69236946105957
vt 162.0977325439453 23.76046371459961
vt 160.53536987304688 22.662500381469727
vt 160.53536987304688 22.662500381469727
vt 159.21292114257812 21.413454055786133
vt 158.13052368164062 20.028295516967773
vt 158.13052368164062 20.028295516967773
vt 157.28836059570312 18.52199935913086
vt 156.6865997314453 16.909536361694336
vt 156.6865997314453 16.909536361694336
vt 156.32542419433594 15.205879211425781
vt 156.2050018310547 13.425999641418457
vt 156.2050018310547 13.425999641418457
vt 161.05599975585938 15.140999794006348
vt 161.31585693359375 16.268312454223633
vt 185.40899658203125 15.140999794006348
vt 161.05599975585938 15.140999794006348
vt 156.2050018310547 13.425999641418457
vt 156.2050018310547 13.425999641418457
vt 156.2050018310547 12.543999671936035
vt 156.32528686523438 10.764120101928711
vt 156.32528686523438 10.764120101928711
vt 156.6854705810547 9.060462951660156
vt 157.28453063964844 7.447999954223633
vt 157.28453063964844 7.447999954223633
vt 158.12144470214844 5.941703796386719
vt 159.1951904296875 4.556546211242676
vt 159.1951904296875 4.556546211242676
vt 160.50474548339844 3.307499885559082
vt 162.04910278320312 2.2095370292663574
vt 162.04910278320312 2.2095370292663574
vt 163.8272247314453 1.2776296138763428
vt 165.8380889892578 0.5267500281333923
vt 165.8380889892578 0.5267500281333923
vt 168.0806884765625 -0.02812962979078293
vt 170.5540008544922 -0.37203702330589294
vt 170.5540008544922 -0.37203702330589294
vt 173.2570037841797 -0.49000000953674316
vt 175.7480010986328 -0.39511922001838684
vt 175.7480010986328 -0.39511922001838684
vt 178.0072784423828 -0.12295370548963547
vt 180.04196166992188 0.30778124928474426
vt 180.04196166992188 0.30778124928474426
vt 181.85922241210938 0.8783703446388245
vt 183.4661865234375 1.5700984001159668
vt 183.4661865234375 1.5700984001159668
vt 184.8699951171875 2.3642499446868896
vt 186.07781982421875 3.242110013961792
vt 186.07781982421875 3.242110013961792
vt 187.09677124023438 4.184962749481201
vt 187.9340362548828 5.174093723297119
vt 187.9340362548828 5.174093723297119
vt 188.5967254638672 6.190786838531494
vt 189.0919952392578 7.216327667236328
vt 189.0919952392578 7.216327667236328
vt 189.427001953125 8.232000350952148
vt 184.625 8.232000350952148
vt 160.95799255371094 11.661999702453613
vt 189.91700744628906 11.661999702453613
vt 189.94143676757812 11.87124252319336
vt 189.94143676757812 11.87124252319336
vt 189.96554565429688 12.082356452941895
vt 189.9889678955078 12.295171737670898
vt 189.9889678955078 12.295171737670898
vt 190.01136779785156 12.50951862335205
vt 190.03240966796875 12.725226402282715
vt 190.03240966796875 12.725226402282715
vt 190.05174255371094 12.94212532043457
vt 190.0690460205078 13.16004467010498
vt 190.0690460205078 13.16004467010498
vt 190.08396911621094 13.378814697265625
vt 190.09616088867188 13.598265647888184
vt 190.09616088867188 13.598265647888184
vt 190.10528564453125 13.81822681427002
vt 190.1110076904297 14.038528442382812
vt 190.1110076904297 14.038528442382812
vt 190.11300659179688 14.258999824523926
vt 189.66519165039062 17.544721603393555
vt 189.66519165039062 17.544721603393555
vt 188.31088256835938 20.471111297607422
vt 186.03375244140625 22.93199920654297
vt 186.03375244140625 22.93199920654297
vt 182.81744384765625 24.82122230529785
vt 178.64564514160156 26.032611846923828
vt 178.64564514160156 26.032611846923828
vt 173.5019989013672 26.459999084472656
vt 168.22247314453125 25.99812889099121
vt 168.22247314453125 25.99812889099121
vt 163.89981079101562 24.69236946105957
vt 160.53536987304688 22.662500381469727
vt 160.53536987304688 22.662500381469727
vt 158.13052368164062 20.028295516967773
vt 156.6865997314453 16.909536361694336
vt 156.6865997314453 16.909536361694336
vt 156.2050018310547 13.425999641418457
vt 161.31585693359375 16.268312454223633
vt 156.2050018310547 13.425999641418457
vt 156.32528686523438 10.764120101928711
vt 157.28453063964844 7.447999954223633
vt 157.28453063964844 7.447999954223633
vt 159.1951904296875 4.556546211242676
vt 162.04910278320312 2.2095370292663574
vt 162.04910278320312 2.2095370292663574
vt 165.8380889892578 0.5267500281333923
vt 170.5540008544922 -0.37203702330589294
vt 170.5540008544922 -0.37203702330589294
vt 175.7480010986328 -0.39511922001838684
vt 180.04196166992188 0.30778124928474426
vt 180.04196166992188 0.30778124928474426
vt 183.4661865234375 1.5700984001159668
vt 186.07781982421875 3.242110013961792
vt 186.07781982421875 3.242110013961792
vt 187.9340362548828 5.174093723297119
vt 189.0919952392578 7.216327667236328
vt 189.0919952392578 7.216327667236328
vt 184.625 8.232000350952148
vt 184.3320770263672 7.73896598815918
vt 160.95799255371094 11.661999702453613
vt 189.94143676757812 11.87124252319336
vt 189.9889678955078 12.295171737670898
vt 189.9889678955078 12.295171737670898
vt 190.03240966796875 12.725226402282715
vt 190.0690460205078 13.16004467010498
vt 190.0690460205078 13.16004467010498
vt 190.09616088867188 13.598265647888184
vt 190.1110076904297 14.038528442382812
vt 190.1110076904297 14.038528442382812
vt 189.66519165039062 17.544721603393555
vt 186.03375244140625 22.93199920654297
vt 186.03375244140625 22.93199920654297
vt 178.64564514160156 26.032611846923828
vt 168.22247314453125 25.99812889099121
vt 168.22247314453125 25.99812889099121
vt 160.53536987304688 22.662500381469727
vt 156.6865997314453 16.909536361694336
vt 156.6865997314453 16.909536361694336
vt 161.31585693359375 16.268312454223633
vt 161.70570373535156 17.31991195678711
vt 156.2050018310547 13.425999641418457
vt 157.28453063964844 7.447999954223633
vt 162.04910278320312 2.2095370292663574
vt 162.04910278320312 2.2095370292663574
vt 170.5540008544922 -0.37203702330589294
vt 180.04196166992188 0.30778124928474426
vt 180.04196166992188 0.30778124928474426
vt 186.07781982421875 3.242110013961792
vt 189.0919952392578 7.216327667236328
vt 189.0919952392578 7.216327667236328
vt 184.3320770263672 7.73896598815918
vt 183.95986938476562 7.2236433029174805
vt 160.95799255371094 11.661999702453613
vt 189.9889678955078 12.295171737670898
vt 190.0690460205078 13.16004467010498
vt 190.0690460205078 13.16004467010498
vt 190.1110076904297 14.038528442382812
vt 186.03375244140625 22.93199920654297
vt 156.6865997314453 16.909536361694336
vt 161.70570373535156 17.31991195678711
vt 162.22894287109375 18.291547775268555
vt 180.04196166992188 0.30778124928474426
vt 189.0919952392578 7.216327667236328
vt 183.95986938476562 7.2236433029174805
vt 156.6865997314453 16.909536361694336
vt 162.22894287109375 18.291547775268555
vt 162.8889617919922 19.17896270751953
vt 180.04196166992188 0.30778124928474426
vt 183.95986938476562 7.2236433029174805
vt 183.49647521972656 6.698452949523926
vt 168.22247314453125 25.99812889099121
vt 156.6865997314453 16.909536361694336
vt 162.8889617919922 19.17896270751953
vt 180.04196166992188 0.30778124928474426
vt 183.49647521972656 6.698452949523926
vt 182.92996215820312 6.175814628601074
vt 168.22247314453125 25.99812889099121
vt 162.8889617919922 19.17896270751953
vt 163.68917846679688 19.977907180786133
vt 180.04196166992188 0.30778124928474426
vt 182.92996215820312 6.175814628601074
vt 182.24844360351562 5.668148517608643
vt 168.22247314453125 25.99812889099121
vt 163.68917846679688 19.977907180786133
vt 164.63299560546875 20.684125900268555
vt 180.04196166992188 0.30778124928474426
vt 182.24844360351562 5.668148517608643
vt 181.44000244140625 5.187874794006348
vt 168.22247314453125 25.99812889099121
vt 164.63299560546875 20.684125900268555
vt 165.72381591796875 21.293363571166992
vt 180.04196166992188 0.30778124928474426
vt 181.44000244140625 5.187874794006348
vt 180.4927215576172 4.747413635253906
vt 168.22247314453125 25.99812889099121
vt 165.72381591796875 21.293363571166992
vt 166.9650421142578 21.80137062072754
vt 180.04196166992188 0.30778124928474426
vt 180.4927215576172 4.747413635253906
vt 179.3946990966797 4.359185218811035
vt 168.22247314453125 25.99812889099121
vt 166.9650421142578 21.80137062072754
vt 168.3600616455078 22.203889846801758
vt 180.04196166992188 0.30778124928474426
vt 179.3946990966797 4.359185218811035
vt 178.134033203125 4.035609245300293
vt 168.22247314453125 25.99812889099121
vt 168.3600616455078 22.203889846801758
vt 169.91229248046875 22.496671676635742
vt 180.04196166992188 0.30778124928474426
vt 178.134033203125 4.035609245300293
vt 176.69879150390625 3.7891063690185547
vt 168.22247314453125 25.99812889099121
vt 169.91229248046875 22.496671676635742
vt 171.62513732910156 22.675458908081055
vt 162.04910278320312 2.2095370292663574
vt 180.04196166992188 0.30778124928474426
vt 176.69879150390625 3.7891063690185547
vt 168.22247314453125 25.99812889099121
vt 171.62513732910156 22.675458908081055
vt 173.5019989013672 22.736000061035156
vt 162.04910278320312 2.2095370292663574
vt 176.69879150390625 3.7891063690185547
vt 175.07708740234375 3.632096529006958
vt 186.03375244140625 22.93199920654297
vt 168.22247314453125 25.99812889099121
vt 173.5019989013672 22.736000061035156
vt 162.04910278320312 2.2095370292663574
vt 175.07708740234375 3.632096529006958
vt 173.2570037841797 3.5769999027252197
vt 186.03375244140625 22.93199920654297
vt 173.5019989013672 22.736000061035156
vt 175.386962890625 22.668909072875977
vt 162.04910278320312 2.2095370292663574
vt 173.2570037841797 3.5769999027252197
vt 171.36900329589844 3.640631914138794
vt 186.03375244140625 22.93199920654297
vt 175.386962890625 22.668909072875977
vt 177.0994110107422 22.47285270690918
vt 162.04910278320312 2.2095370292663574
vt 171.36900329589844 3.640631914138794
vt 169.64756774902344 3.828805446624756
vt 186.03375244140625 22.93199920654297
vt 177.0994110107422 22.47285270690918
vt 178.6424102783203 22.155656814575195
vt 162.04910278320312 2.2095370292663574
vt 169.64756774902344 3.828805446624756
vt 168.0897979736328 4.137437343597412
vt 186.03375244140625 22.93199920654297
vt 178.6424102783203 22.155656814575195
vt 180.0189971923828 21.725147247314453
vt 162.04910278320312 2.2095370292663574
vt 168.0897979736328 4.137437343597412
vt 166.69281005859375 4.56244421005249
vt 186.03375244140625 22.93199920654297
vt 180.0189971923828 21.725147247314453
vt 181.2322540283203 21.18915367126465
vt 162.04910278320312 2.2095370292663574
vt 166.69281005859375 4.56244421005249
vt 165.45372009277344 5.099742889404297
vt 186.03375244140625 22.93199920654297
vt 181.2322540283203 21.18915367126465
vt 182.28524780273438 20.555500030517578
vt 162.04910278320312 2.2095370292663574
vt 165.45372009277344 5.099742889404297
vt 164.36962890625 5.745250225067139
vt 186.03375244140625 22.93199920654297
vt 182.28524780273438 20.555500030517578
vt 183.1810302734375 19.832012176513672
vt 162.04910278320312 2.2095370292663574
vt 164.36962890625 5.745250225067139
vt 163.43763732910156 6.494882106781006
vt 190.0690460205078 13.16004467010498
vt 186.03375244140625 22.93199920654297
vt 183.1810302734375 19.832012176513672
vt 156.2050018310547 13.425999641418457
vt 162.04910278320312 2.2095370292663574
vt 163.43763732910156 6.494882106781006
vt 190.0690460205078 13.16004467010498
vt 183.1810302734375 19.832012176513672
vt 183.92266845703125 19.026517868041992
vt 156.2050018310547 13.425999641418457
vt 163.43763732910156 6.494882106781006
vt 162.65484619140625 7.344555377960205
vt 190.0690460205078 13.16004467010498
vt 183.92266845703125 19.026517868041992
vt 184.51321411132812 18.14684295654297
vt 156.2050018310547 13.425999641418457
vt 162.65484619140625 7.344555377960205
vt 162.0183868408203 8.29018783569336
vt 190.0690460205078 13.16004467010498
vt 184.51321411132812 18.14684295654297
vt 184.95574951171875 17.200815200805664
vt 156.2050018310547 13.425999641418457
vt 162.0183868408203 8.29018783569336
vt 161.52536010742188 9.3276948928833
vt 190.0690460205078 13.16004467010498
vt 184.95574951171875 17.200815200805664
vt 185.25332641601562 16.196258544921875
vt 156.2050018310547 13.425999641418457
vt 161.52536010742188 9.3276948928833
vt 161.1728515625 10.452993392944336
vt 190.0690460205078 13.16004467010498
vt 185.25332641601562 16.196258544921875
vt 185.40899658203125 15.140999794006348
vt 156.2050018310547 13.425999641418457
vt 161.1728515625 10.452993392944336
vt 160.95799255371094 11.661999702453613
vt 160.95799255371094 11.661999702453613
vt 190.0690460205078 13.16004467010498
vt 185.40899658203125 15.140999794006348
vt 185.40899658203125 15.140999794006348
vt 156.2050018310547 13.425999641418457
vt 160.95799255371094 11.661999702453613
vt 15.940142631530762 1
vt 17.544721603393555 1
vt 15.940142631530762 -9
vt 17.544721603393555 1
vt 17.544721603393555 -9
vt 15.940142631530762 -9
vt 17.544721603393555 1
vt 19.05946922302246 1
vt 17.544721603393555 -9
vt 19.05946922302246 1
vt 19.05946922302246 -9
vt 17.544721603393555 -9
vt 19.05946922302246 1
vt 20.471111297607422 1
vt 19.05946922302246 -9
vt 20.471111297607422 1
vt 20.471111297607422 -9
vt 19.05946922302246 -9
vt 20.471111297607422 1
vt 21.76637840270996 1
vt 20.471111297607422 -9
vt 21.76637840270996 1
vt 21.76637840270996 -9
vt 20.471111297607422 -9
vt 187.2886962890625 1
vt 186.03375244140625 1
vt 187.2886962890625 -9
vt 186.03375244140625 1
vt 186.03375244140625 -9
vt 187.2886962890625 -9
vt 186.03375244140625 1
vt 184.54400634765625 1
vt 186.03375244140625 -9
vt 184.54400634765625 1
vt 184.54400634765625 -9
vt 186.03375244140625 -9
vt 184.54400634765625 1
vt 182.81744384765625 1
vt 184.54400634765625 -9
vt 182.81744384765625 1
vt 182.81744384765625 -9
vt 184.54400634765625 -9
vt 182.81744384765625 1
vt 180.8520050048828 1
vt 182.81744384765625 -9
vt 180.8520050048828 1
vt 180.8520050048828 -9
vt 182.81744384765625 -9
vt 180.8520050048828 1
vt 178.64564514160156 1
vt 180.8520050048828 -9
vt 178.64564514160156 1
vt 178.64564514160156 -9
vt 180.8520050048828 -9
vt 178.64564514160156 1
vt 176.19631958007812 1
vt 178.64564514160156 -9
vt 176.19631958007812 1
vt 176.19631958007812 -9
vt 178.64564514160156 -9
vt 176.19631958007812 1
vt 173.5019989013672 1
vt 176.19631958007812 -9
vt 173.5019989013672 1
vt 173.5019989013672 -9
vt 176.19631958007812 -9
vt 173.5019989013672 1
vt 170.7427215576172 1
vt 173.5019989013672 -9
vt 170.7427215576172 1
vt 170.7427215576172 -9
vt 173.5019989013672 -9
vt 170.7427215576172 1
vt 168.22247314453125 1
vt 170.7427215576172 -9
vt 168.22247314453125 1
vt 168.22247314453125 -9
vt 170.7427215576172 -9
vt 168.22247314453125 1
vt 165.9414520263672 1
vt 168.22247314453125 -9
vt 165.9414520263672 1
vt 165.9414520263672 -9
vt 168.22247314453125 -9
vt 165.9414520263672 1
vt 163.89981079101562 1
vt 165.9414520263672 -9
vt 163.89981079101562 1
vt 163.89981079101562 -9
vt 165.9414520263672 -9
vt 163.89981079101562 1
vt 162.0977325439453 1
vt 163.89981079101562 -9
vt 162.0977325439453 1
vt 162.0977325439453 -9
vt 163.89981079101562 -9
vt 162.0977325439453 1
vt 160.53536987304688 1
vt 162.0977325439453 -9
vt 160.53536987304688 1
vt 160.53536987304688 -9
vt 162.0977325439453 -9
vt 160.53536987304688 1
vt 159.21292114257812 1
vt 160.53536987304688 -9
vt 159.21292114257812 1
vt 159.21292114257812 -9
vt 160.53536987304688 -9
vt 21.413454055786133 1
vt 20.028295516967773 1
vt 21.413454055786133 -9
vt 20.028295516967773 1
vt 20.028295516967773 -9
vt 21.413454055786133 -9
vt 20.028295516967773 1
vt 18.52199935913086 1
vt 20.028295516967773 -9
vt 18.52199935913086 1
vt 18.52199935913086 -9
vt 20.028295516967773 -9
vt 18.52199935913086 1
vt 16.909536361694336 1
vt 18.52199935913086 -9
vt 16.909536361694336 1
vt 16.909536361694336 -9
vt 18.52199935913086 -9
vt 16.909536361694336 1
vt 15.205879211425781 1
vt 16.909536361694336 -9
vt 15.205879211425781 1
vt 15.205879211425781 -9
vt 16.909536361694336 -9
vt 15.205879211425781 1
vt 13.425999641418457 1
vt 15.205879211425781 -9
vt 13.425999641418457 1
vt 13.425999641418457 -9
vt 15.205879211425781 -9
vt 13.425999641418457 1
vt 12.543999671936035 1
vt 13.425999641418457 -9
vt 12.543999671936035 1
vt 12.543999671936035 -9
vt 13.425999641418457 -9
vt 12.543999671936035 1
vt 10.764120101928711 1
vt 12.543999671936035 -9
vt 10.764120101928711 1
vt 10.764120101928711 -9
vt 12.543999671936035 -9
vt 10.764120101928711 1
vt 9.060462951660156 1
vt 10.764120101928711 -9
vt 9.060462951660156 1
vt 9.060462951660156 -9
vt 10.764120101928711 -9
vt 9.060462951660156 1
vt 7.447999954223633 1
vt 9.060462951660156 -9
vt 7.447999954223633 1
vt 7.447999954223633 -9
vt 9.060462951660156 -9
vt 7.447999954223633 1
vt 5.941703796386719 1
vt 7.447999954223633 -9
vt 5.941703796386719 1
vt 5.941703796386719 -9
vt 7.447999954223633 -9
vt 5.941703796386719 1
vt 4.556546211242676 1
vt 5.941703796386719 -9
vt 4.556546211242676 1
vt 4.556546211242676 -9
vt 5.941703796386719 -9
vt 159.1951904296875 1
vt 160.50474548339844 1
vt 159.1951904296875 -9
vt 160.50474548339844 1
vt 160.50474548339844 -9
vt 159.1951904296875 -9
vt 160.50474548339844 1
vt 162.04910278320312 1
vt 160.50474548339844 -9
vt 162.04910278320312 1
vt 162.04910278320312 -9
vt 160.50474548339844 -9
vt 162.04910278320312 1
vt 163.8272247314453 1
vt 162.04910278320312 -9
vt 163.8272247314453 1
vt 163.8272247314453 -9
vt 162.04910278320312 -9
vt 163.8272247314453 1
vt 165.8380889892578 1
vt 163.8272247314453 -9
vt 165.8380889892578 1
vt 165.8380889892578 -9
vt 163.8272247314453 -9
vt 165.8380889892578 1
vt 168.0806884765625 1
vt 165.8380889892578 -9
vt 168.0806884765625 1
vt 168.0806884765625 -9
vt 165.8380889892578 -9
vt 168.0806884765625 1
vt 170.5540008544922 1
vt 168.0806884765625 -9
vt 170.5540008544922 1
vt 170.5540008544922 -9
vt 168.0806884765625 -9
vt 170.5540008544922 1
vt 173.2570037841797 1
vt 170.5540008544922 -9
vt 173.2570037841797 1
vt 173.2570037841797 -9
vt 170.5540008544922 -9
vt 173.2570037841797 1
vt 175.7480010986328 1
vt 173.2570037841797 -9
vt 175.7480010986328 1
vt 175.7480010986328 -9
vt 173.2570037841797 -9
vt 175.7480010986328 1
vt 178.0072784423828 1
vt 175.7480010986328 -9
vt 178.0072784423828 1
vt 178.0072784423828 -9
vt 175.7480010986328 -9
vt 178.0072784423828 1
vt 180.04196166992188 1
vt 178.0072784423828 -9
vt 180.04196166992188 1
vt 180.04196166992188 -9
vt 178.0072784423828 -9
vt 180.04196166992188 1
vt 181.85922241210938 1
vt 180.04196166992188 -9
vt 181.85922241210938 1
vt 181.85922241210938 -9
vt 180.04196166992188 -9
vt 181.85922241210938 1
vt 183.4661865234375 1
vt 181.85922241210938 -9
vt 183.4661865234375 1
vt 183.4661865234375 -9
vt 181.85922241210938 -9
vt 183.4661865234375 1
vt 184.8699951171875 1
vt 183.4661865234375 -9
vt 184.8699951171875 1
vt 184.8699951171875 -9
vt 183.4661865234375 -9
vt 184.8699951171875 1
vt 186.07781982421875 1
vt 184.8699951171875 -9
vt 186.07781982421875 1
vt 186.07781982421875 -9
vt 184.8699951171875 -9
vt 186.07781982421875 1
vt 187.09677124023438 1
vt 186.07781982421875 -9
vt 187.09677124023438 1
vt 187.09677124023438 -9
vt 186.07781982421875 -9
vt 4.184962749481201 1
vt 5.174093723297119 1
vt 4.184962749481201 -9
vt 5.174093723297119 1
vt 5.174093723297119 -9
vt 4.184962749481201 -9
vt 5.174093723297119 1
vt 6.190786838531494 1
vt 5.174093723297119 -9
vt 6.190786838531494 1
vt 6.190786838531494 -9
vt 5.174093723297119 -9
vt 6.190786838531494 1
vt 7.216327667236328 1
vt 6.190786838531494 -9
vt 7.216327667236328 1
vt 7.216327667236328 -9
vt 6.190786838531494 -9
vt 7.216327667236328 1
vt 8.232000350952148 1
vt 7.216327667236328 -9
vt 8.232000350952148 1
vt 8.232000350952148 -9
vt 7.216327667236328 -9
vt 189.427001953125 1
vt 184.625 1
vt 189.427001953125 -9
vt 184.625 1
vt 184.625 -9
vt 189.427001953125 -9
vt 8.232000350952148 1
vt 7.73896598815918 1
vt 8.232000350952148 -9
vt 7.73896598815918 1
vt 7.73896598815918 -9
vt 8.232000350952148 -9
vt 7.73896598815918 1
vt 7.2236433029174805 1
vt 7.73896598815918 -9
vt 7.2236433029174805 1
vt 7.2236433029174805 -9
vt 7.73896598815918 -9
vt 7.2236433029174805 1
vt 6.698452949523926 1
vt 7.2236433029174805 -9
vt 6.698452949523926 1
vt 6.698452949523926 -9
vt 7.2236433029174805 -9
vt 183.49647521972656 1
vt 182.92996215820312 1
vt 183.49647521972656 -9
vt 182.92996215820312 1
vt 182.92996215820312 -9
vt 183.49647521972656 -9
vt 182.92996215820312 1
vt 182.24844360351562 1
vt 182.92996215820312 -9
vt 182.24844360351562 1
vt 182.24844360351562 -9
vt 182.92996215820312 -9
vt 182.24844360351562 1
vt 181.44000244140625 1
vt 182.24844360351562 -9
vt 181.44000244140625 1
vt 181.44000244140625 -9
vt 182.24844360351562 -9
vt 181.44000244140625 1
vt 180.4927215576172 1
vt 181.44000244140625 -9
vt 180.4927215576172 1
vt 180.4927215576172 -9
vt 181.44000244140625 -9
vt 180.4927215576172 1
vt 179.3946990966797 1
vt 180.4927215576172 -9
vt 179.3946990966797 1
vt 179.3946990966797 -9
vt 180.4927215576172 -9
vt 179.3946990966797 1
vt 178.134033203125 1
vt 179.3946990966797 -9
vt 178.134033203125 1
vt 178.134033203125 -9
vt 179.3946990966797 -9
vt 178.134033203125 1
vt 176.69879150390625 1
vt 178.134033203125 -9
vt 176.69879150390625 1
vt 176.69879150390625 -9
vt 178.134033203125 -9
vt 176.69879150390625 1
vt 175.07708740234375 1
vt 176.69879150390625 -9
vt 175.07708740234375 1
vt 175.07708740234375 -9
vt 176.69879150390625 -9
vt 175.07708740234375 1
vt 173.2570037841797 1
vt 175.07708740234375 -9
vt 173.2570037841797 1
vt 173.2570037841797 -9
vt 175.07708740234375 -9
vt 173.2570037841797 1
vt 171.36900329589844 1
vt 173.2570037841797 -9
vt 171.36900329589844 1
vt 171.36900329589844 -9
vt 173.2570037841797 -9
vt 171.36900329589844 1
vt 169.64756774902344 1
vt 171.36900329589844 -9
vt 169.64756774902344 1
vt 169.64756774902344 -9
vt 171.36900329589844 -9
vt 169.64756774902344 1
vt 168.0897979736328 1
vt 169.64756774902344 -9
vt 168.0897979736328 1
vt 168.0897979736328 -9
vt 169.64756774902344 -9
vt 168.0897979736328 1
vt 166.69281005859375 1
vt 168.0897979736328 -9
vt 166.69281005859375 1
vt 166.69281005859375 -9
vt 168.0897979736328 -9
vt 166.69281005859375 1
vt 165.45372009277344 1
vt 166.69281005859375 -9
vt 165.45372009277344 1
vt 165.45372009277344 -9
vt 166.69281005859375 -9
vt 165.45372009277344 1
vt 164.36962890625 1
vt 165.45372009277344 -9
vt 164.36962890625 1
vt 164.36962890625 -9
vt 165.45372009277344 -9
vt 164.36962890625 1
vt 163.43763732910156 1
vt 164.36962890625 -9
vt 163.43763732910156 1
vt 163.43763732910156 -9
vt 164.36962890625 -9
vt 6.494882106781006 1
vt 7.344555377960205 1
vt 6.494882106781006 -9
vt 7.344555377960205 1
vt 7.344555377960205 -9
vt 6.494882106781006 -9
vt 7.344555377960205 1
vt 8.29018783569336 1
vt 7.344555377960205 -9
vt 8.29018783569336 1
vt 8.29018783569336 -9
vt 7.344555377960205 -9
vt 8.29018783569336 1
vt 9.3276948928833 1
vt 8.29018783569336 -9
vt 9.3276948928833 1
vt 9.3276948928833 -9
vt 8.29018783569336 -9
vt 9.3276948928833 1
vt 10.452993392944336 1
vt 9.3276948928833 -9
vt 10.452993392944336 1
vt 10.452993392944336 -9
vt 9.3276948928833 -9
vt 10.452993392944336 1
vt 11.661999702453613 1
vt 10.452993392944336 -9
vt 11.661999702453613 1
vt 11.661999702453613 -9
vt 10.452993392944336 -9
vt 160.95799255371094 1
vt 189.91700744628906 1
vt 160.95799255371094 -9
vt 189.91700744628906 1
vt 189.91700744628906 -9
vt 160.95799255371094 -9
vt 11.661999702453613 1
vt 11.87124252319336 1
vt 11.661999702453613 -9
vt 11.87124252319336 1
vt 11.87124252319336 -9
vt 11.661999702453613 -9
vt 11.87124252319336 1
vt 12.082356452941895 1
vt 11.87124252319336 -9
vt 12.082356452941895 1
vt 12.082356452941895 -9
vt 11.87124252319336 -9
vt 12.082356452941895 1
vt 12.295171737670898 1
vt 12.082356452941895 -9
vt 12.295171737670898 1
vt 12.295171737670898 -9
vt 12.082356452941895 -9
vt 12.295171737670898 1
vt 12.50951862335205 1
vt 12.295171737670898 -9
vt 12.50951862335205 1
vt 12.50951862335205 -9
vt 12.295171737670898 -9
vt 12.50951862335205 1
vt 12.725226402282715 1
vt 12.50951862335205 -9
vt 12.725226402282715 1
vt 12.725226402282715 -9
vt 12.50951862335205 -9
vt 12.725226402282715 1
vt 12.94212532043457 1
vt 12.725226402282715 -9
vt 12.94212532043457 1
vt 12.94212532043457 -9
vt 12.725226402282715 -9
vt 12.94212532043457 1
vt 13.16004467010498 1
vt 12.94212532043457 -9
vt 13.16004467010498 1
vt 13.16004467010498 -9
vt 12.94212532043457 -9
vt 13.16004467010498 1
vt 13.378814697265625 1
vt 13.16004467010498 -9
vt 13.378814697265625 1
vt 13.378814697265625 -9
vt 13.16004467010498 -9
vt 13.378814697265625 1
vt 13.598265647888184 1
vt 13.378814697265625 -9
vt 13.598265647888184 1
vt 13.598265647888184 -9
vt 13.378814697265625 -9
vt 13.598265647888184 1
vt 13.81822681427002 1
vt 13.598265647888184 -9
vt 13.81822681427002 1
vt 13.81822681427002 -9
vt 13.598265647888184 -9
vt 13.81822681427002 1
vt 14.038528442382812 1
vt 13.81822681427002 -9
vt 14.038528442382812 1
vt 14.038528442382812 -9
vt 13.81822681427002 -9
vt 14.038528442382812 1
vt 14.258999824523926 1
vt 14.038528442382812 -9
vt 14.258999824523926 1
vt 14.258999824523926 -9
vt 14.038528442382812 -9
vt 14.258999824523926 1
vt 15.940142631530762 1
vt 14.258999824523926 -9
vt 15.940142631530762 1
vt 15.940142631530762 -9
vt 14.258999824523926 -9
vt 175.386962890625 1
vt 177.0994110107422 1
vt 175.386962890625 -9
vt 177.0994110107422 1
vt 177.0994110107422 -9
vt 175.386962890625 -9
vt 177.0994110107422 1
vt 178.6424102783203 1
vt 177.0994110107422 -9
vt 178.6424102783203 1
vt 178.6424102783203 -9
vt 177.0994110107422 -9
vt 178.6424102783203 1
vt 180.0189971923828 1
vt 178.6424102783203 -9
vt 180.0189971923828 1
vt 180.0189971923828 -9
vt 178.6424102783203 -9
vt 180.0189971923828 1
vt 181.2322540283203 1
vt 180.0189971923828 -9
vt 181.2322540283203 1
vt 181.2322540283203 -9
vt 180.0189971923828 -9
vt 181.2322540283203 1
vt 182.28524780273438 1
vt 181.2322540283203 -9
vt 182.28524780273438 1
vt 182.28524780273438 -9
vt 181.2322540283203 -9
vt 182.28524780273438 1
vt 183.1810302734375 1
vt 182.28524780273438 -9
vt 183.1810302734375 1
vt 183.1810302734375 -9
vt 182.28524780273438 -9
vt 19.832012176513672 1
vt 19.026517868041992 1
vt 19.832012176513672 -9
vt 19.026517868041992 1
vt 19.026517868041992 -9
vt 19.832012176513672 -9
vt 19.026517868041992 1
vt 18.14684295654297 1
vt 19.026517868041992 -9
vt 18.14684295654297 1
vt 18.14684295654297 -9
vt 19.026517868041992 -9
vt 18.14684295654297 1
vt 17.200815200805664 1
vt 18.14684295654297 -9
vt 17.200815200805664 1
vt 17.200815200805664 -9
vt 18.14684295654297 -9
vt 17.200815200805664 1
vt 16.196258544921875 1
vt 17.200815200805664 -9
vt 16.196258544921875 1
vt 16.196258544921875 -9
vt 17.200815200805664 -9
vt 16.196258544921875 1
vt 15.140999794006348 1
vt 16.196258544921875 -9
vt 15.140999794006348 1
vt 15.140999794006348 -9
vt 16.196258544921875 -9
vt 185.40899658203125 1
vt 161.05599975585938 1
vt 185.40899658203125 -9
vt 161.05599975585938 1
vt 161.05599975585938 -9
vt 185.40899658203125 -9
vt 15.140999794006348 1
vt 16.268312454223633 1
vt 15.140999794006348 -9
vt 16.268312454223633 1
vt 16.268312454223633 -9
vt 15.140999794006348 -9
vt 16.268312454223633 1
vt 17.31991195678711 1
vt 16.268312454223633 -9
vt 17.31991195678711 1
vt 17.31991195678711 -9
vt 16.268312454223633 -9
vt 17.31991195678711 1
vt 18.291547775268555 1
vt 17.31991195678711 -9
vt 18.291547775268555 1
vt 18.291547775268555 -9
vt 17.31991195678711 -9
vt 18.291547775268555 1
vt 19.17896270751953 1
vt 18.291547775268555 -9
vt 19.17896270751953 1
vt 19.17896270751953 -9
vt 18.291547775268555 -9
vt 162.8889617919922 1
vt 163.68917846679688 1
vt 162.8889617919922 -9
vt 163.68917846679688 1
vt 163.68917846679688 -9
vt 162.8889617919922 -9
vt 163.68917846679688 1
vt 164.63299560546875 1
vt 163.68917846679688 -9
vt 164.63299560546875 1
vt 164.63299560546875 -9
vt 163.68917846679688 -9
vt 164.63299560546875 1
vt 165.72381591796875 1
vt 164.63299560546875 -9
vt 165.72381591796875 1
vt 165.72381591796875 -9
vt 164.63299560546875 -9
vt 165.72381591796875 1
vt 166.9650421142578 1
vt 165.72381591796875 -9
vt 166.9650421142578 1
vt 166.9650421142578 -9
vt 165.72381591796875 -9
vt 166.9650421142578 1
vt 168.3600616455078 1
vt 166.9650421142578 -9
vt 168.3600616455078 1
vt 168.3600616455078 -9
vt 166.9650421142578 -9
vt 168.3600616455078 1
vt 169.91229248046875 1
vt 168.3600616455078 -9
vt 169.91229248046875 1
vt 169.91229248046875 -9
vt 168.3600616455078 -9
vt 169.91229248046875 1
vt 171.62513732910156 1
vt 169.91229248046875 -9
vt 171.62513732910156 1
vt 171.62513732910156 -9
vt 169.91229248046875 -9
vt 171.62513732910156 1
vt 173.5019989013672 1
vt 171.62513732910156 -9
vt 173.5019989013672 1
vt 173.5019989013672 -9
vt 171.62513732910156 -9
vt 173.5019989013672 1
vt 175.386962890625 1
vt 173.5019989013672 -9
vt 175.386962890625 1
vt 175.386962890625 -9
vt 173.5019989013672 -9
vn 0 0 -1
vn 0 0 -1
vn 0 0 -1
vn 0 0 -1
vn 0 0 -1
vn 0 0 -1
vn 0 0 -1
vn 0 0 -1
vn 0 0 -1
vn 0 0 -1
vn 0 0 -1
vn 0 0 -1
vn 0 0 -1
vn 0 0 -1
vn 0 0 -1
vn 0 0 -1
vn 0 0 -1
vn 0 0 -1
vn 0 0 -1
vn 0 0 -1
vn 0 0 -1
vn 0 0 -1
vn 0 0 -1
vn 0 0 -1
vn 0 0 -1
vn 0 0 -1
vn 0 0 -1
vn 0 0 -1
vn 0 0 -1
vn 0 0 -1
vn 0 0 -1
vn 0 0 -1
vn 0 0 -1
vn 0 0 -1
vn 0 0 -1
vn 0 0 -1
vn 0 0 -1
vn 0 0 -1
vn 0 0 -1
vn 0 0 -1
vn 0 0 -1
vn 0 0 -1
vn 0 0 -1
vn 0 0 -1
vn 0 0 -1
vn 0 0 -1
vn 0 0 -1
vn 0 0 -1
vn 0 0 -1
vn 0 0 -1
vn 0 0 -1
vn 0 0 -1
vn 0 0 -1
vn 0 0 -1
vn 0 0 -1
vn 0 0 -1
vn 0 0 -1
vn 0 0 -1
vn 0 0 -1
vn 0 0 -1
vn 0 0 -1
vn 0 0 -1
vn 0 0 -1
vn 0 0 -1
vn 0 0 -1
vn 0 0 -1
vn 0 0 -1
vn 0 0 -1
vn 0 0 -1
vn 0 0 -1
vn 0 0 -1
vn 0 0 -1
vn 0 0 -1
vn 0 0 -1
vn 0 0 -1
vn 0 0 -1
vn 0 0 -1
vn 0 0 -1
vn 0 0 -1
vn 0 0 -1
vn 0 0 -1
vn 0 0 -1
vn 0 0 -1
vn 0 0 -1
vn 0 0 -1
vn 0 0 -1
vn 0 0 -1
vn 0 0 -1
vn 0 0 -1
vn 0 0 -1
vn 0 0 -1
vn 0 0 -1
vn 0 0 -1
vn 0 0 -1
vn 0 0 -1
vn 0 0 -1
vn 0 0 -1
vn 0 0 -1
vn 0 0 -1
vn 0 0 -1
vn 0 0 -1
vn 0 0 -1
vn 0 0 -1
vn 0 0 -1
vn 0 0 -1
vn 0 0 -1
vn 0 0 -1
vn 0 0 -1
vn 0 0 -1
vn 0 0 -1
vn 0 0 -1
vn 0 0 -1
vn 0 0 -1
vn 0 0 -1
vn 0 0 -1
vn 0 0 -1
vn 0 0 -1
vn 0 0 -1
vn 0 0 -1
vn 0 0 -1
vn 0 0 -1
vn 0 0 -1
vn 0 0 -1
vn 0 0 -1
vn 0 0 -1
vn 0 0 -1
vn 0 0 -1
vn 0 0 -1
vn 0 0 -1
vn 0 0 -1
vn 0 0 -1
vn 0 0 -1
vn 0 0 -1
vn 0 0 -1
vn 0 0 -1
vn 0 0 -1
vn 0 0 -1
vn 0 0 -1
vn 0 0 -1
vn 0 0 -1
vn 0 0 -1
vn 0 0 -1
vn 0 0 -1
vn 0 0 -1
vn 0 0 -1
vn 0 0 -1
vn 0 0 -1
vn 0 0 -1
vn 0 0 -1
vn 0 0 -1
vn 0 0 -1
vn 0 0 -1
vn 0 0 -1
vn 0 0 -1
vn 0 0 -1
vn 0 0 -1
vn 0 0 -1
vn 0 0 -1
vn 0 0 -1
vn 0 0 -1
vn 0 0 -1
vn 0 0 -1
vn 0 0 -1
vn 0 0 -1
vn 0 0 -1
vn 0 0 -1
vn 0 0 -1
vn 0 0 -1
vn 0 0 -1
vn 0 0 -1
vn 0 0 -1
vn 0 0 -1
vn 0 0 -1
vn 0 0 -1
vn 0 0 -1
vn 0 0 -1
vn 0 0 -1
vn 0 0 -1
vn 0 0 -1
vn 0 0 -1
vn 0 0 -1
vn 0 0 -1
vn 0 0 -1
vn 0 0 -1
vn 0 0 -1
vn 0 0 -1
vn 0 0 -1
vn 0 0 -1
vn 0 0 -1
vn 0 0 -1
vn 0 0 -1
vn 0 0 -1
vn 0 0 -1
vn 0 0 -1
vn 0 0 -1
vn 0 0 -1
vn 0 0 -1
vn 0 0 -1
vn 0 0 -1
vn 0 0 -1
vn 0 0 -1
vn 0 0 -1
vn 0 0 -1
vn 0 0 -1
vn 0 0 -1
vn 0 0 -1
vn 0 0 -1
vn 0 0 -1
vn 0 0 -1
vn 0 0 -1
vn 0 0 -1
vn 0 0 -1
vn 0 0 -1
vn 0 0 -1
vn 0 0 -1
vn 0 0 -1
vn 0 0 -1
vn 0 0 -1
vn 0 0 -1
vn 0 0 -1
vn 0 0 -1
vn 0 0 -1
vn 0 0 -1
vn 0 0 -1
vn 0 0 -1
vn 0 0 -1
vn 0 0 -1
vn 0 0 -1
vn 0 0 -1
vn 0 0 -1
vn 0 0 -1
vn 0 0 -1
vn 0 0 -1
vn 0 0 -1
vn 0 0 -1
vn 0 0 -1
vn 0 0 -1
vn 0 0 -1
vn 0 0 -1
vn 0 0 -1
vn 0 0 -1
vn 0 0 -1
vn 0 0 -1
vn 0 0 -1
vn 0 0 -1
vn 0 0 -1
vn 0 0 -1
vn 0 0 -1
vn 0 0 -1
vn 0 0 -1
vn 0 0 -1
vn 0 0 -1
vn 0 0 -1
vn 0 0 -1
vn 0 0 -1
vn 0 0 -1
vn 0 0 -1
vn 0 0 -1
vn 0 0 -1
vn 0 0 -1
vn 0 0 -1
vn 0 0 -1
vn 0 0 -1
vn 0 0 -1
vn 0 0 -1
vn 0 0 -1
vn 0 0 -1
vn 0 0 -1
vn 0 0 -1
vn 0 0 -1
vn 0 0 -1
vn 0 0 -1
vn 0 0 -1
vn 0 0 -1
vn 0 0 -1
vn 0 0 -1
vn 0 0 -1
vn 0 0 -1
vn 0 0 -1
vn 0 0 -1
vn 0 0 -1
vn 0 0 -1
vn 0 0 -1
vn 0 0 -1
vn 0 0 -1
vn 0 0 -1
vn 0 0 -1
vn 0 0 -1
vn 0 0 -1
vn 0 0 -1
vn 0 0 -1
vn 0 0 -1
vn 0 0 -1
vn 0 0 -1
vn 0 0 -1
vn 0 0 -1
vn 0 0 -1
vn 0 0 -1
vn 0 0 -1
vn 0 0 -1
vn 0 0 -1
vn 0 0 -1
vn 0 0 -1
vn 0 0 -1
vn 0 0 -1
vn 0 0 -1
vn 0 0 -1
vn 0 0 -1
vn 0 0 -1
vn 0 0 -1
vn 0 0 -1
vn 0 0 -1
vn 0 0 -1
vn 0 0 -1
vn 0 0 -1
vn 0 0 -1
vn 0 0 -1
vn 0 0 -1
vn 0 0 -1
vn 0 0 -1
vn 0 0 -1
vn 0 0 -1
vn 0 0 -1
vn 0 0 -1
vn 0 0 -1
vn 0 0 -1
vn 0 0 -1
vn 0 0 -1
vn 0 0 -1
vn 0 0 -1
vn 0 0 -1
vn 0 0 -1
vn 0 0 -1
vn 0 0 -1
vn 0 0 -1
vn 0 0 -1
vn 0 0 -1
vn 0 0 -1
vn 0 0 -1
vn 0 0 -1
vn 0 0 -1
vn 0 0 -1
vn 0 0 -1
vn 0 0 -1
vn 0 0 -1
vn 0 0 -1
vn 0 0 -1
vn 0 0 -1
vn 0 0 -1
vn 0 0 -1
vn 0 0 -1
vn 0 0 -1
vn 0 0 -1
vn 0 0 -1
vn 0 0 -1
vn 0 0 -1
vn 0 0 -1
vn 0 0 -1
vn 0 0 -1
vn 0 0 -1
vn 0 0 -1
vn 0 0 -1
vn 0 0 -1
vn 0 0 -1
vn 0 0 -1
vn 0 0 -1
vn 0 0 -1
vn 0 0 -1
vn 0 0 -1
vn 0 0 -1
vn 0 0 -1
vn 0 0 -1
vn 0 0 -1
vn 0 0 -1
vn 0 0 -1
vn 0 0 -1
vn 0 0 -1
vn 0 0 -1
vn 0 0 -1
vn 0 0 -1
vn 0 0 -1
vn 0 0 -1
vn 0 0 -1
vn 0 0 -1
vn 0 0 -1
vn 0 0 -1
vn 0 0 -1
vn 0 0 -1
vn 0 0 -1
vn 0 0 -1
vn 0 0 -1
vn 0 0 -1
vn 0 0 -1
vn 0 0 -1
vn 0 0 -1
vn 0 0 -1
vn 0 0 -1
vn 0 0 -1
vn 0 0 -1
vn 0 0 -1
vn 0 0 -1
vn 0 0 -1
vn 0 0 -1
vn 0 0 -1
vn 0 0 -1
vn 0 0 -1
vn 0 0 -1
vn 0 0 -1
vn 0 0 -1
vn 0 0 -1
vn 0 0 -1
vn 0 0 -1
vn 0 0 -1
vn 0 0 -1
vn 0 0 -1
vn 0 0 -1
vn 0 0 -1
vn 0 0 -1
vn 0 0 -1
vn 0 0 -1
vn 0 0 -1
vn 0 0 -1
vn 0 0 -1
vn 0 0 -1
vn 0 0 -1
vn 0 0 -1
vn 0 0 -1
vn 0 0 -1
vn 0 0 -1
vn 0 0 -1
vn 0 0 -1
vn 0 0 -1
vn 0 0 1
vn 0 0 1
vn 0 0 1
vn 0 0 1
vn 0 0 1
vn 0 0 1
vn 0 0 1
vn 0 0 1
vn 0 0 1
vn 0 0 1
vn 0 0 1
vn 0 0 1
vn 0 0 1
vn 0 0 1
vn 0 0 1
vn 0 0 1
vn 0 0 1
vn 0 0 1
vn 0 0 1
vn 0 0 1
vn 0 0 1
vn 0 0 1
vn 0 0 1
vn 0 0 1
vn 0 0 1
vn 0 0 1
vn 0 0 1
vn 0 0 1
vn 0 0 1
vn 0 0 1
vn 0 0 1
vn 0 0 1
vn 0 0 1
vn 0 0 1
vn 0 0 1
vn 0 0 1
vn 0 0 1
vn 0 0 1
vn 0 0 1
vn 0 0 1
vn 0 0 1
vn 0 0 1
vn 0 0 1
vn 0 0 1
vn 0 0 1
vn 0 0 1
vn 0 0 1
vn 0 0 1
vn 0 0 1
vn 0 0 1
vn 0 0 1
vn 0 0 1
vn 0 0 1
vn 0 0 1
vn 0 0 1
vn 0 0 1
vn 0 0 1
vn 0 0 1
vn 0 0 1
vn 0 0 1
vn 0 0 1
vn 0 0 1
vn 0 0 1
vn 0 0 1
vn 0 0 1
vn 0 0 1
vn 0 0 1
vn 0 0 1
vn 0 0 1
vn 0 0 1
vn 0 0 1
vn 0 0 1
vn 0 0 1
vn 0 0 1
vn 0 0 1
vn 0 0 1
vn 0 0 1
vn 0 0 1
vn 0 0 1
vn 0 0 1
vn 0 0 1
vn 0 0 1
vn 0 0 1
vn 0 0 1
vn 0 0 1
vn 0 0 1
vn 0 0 1
vn 0 0 1
vn 0 0 1
vn 0 0 1
vn 0 0 1
vn 0 0 1
vn 0 0 1
vn 0 0 1
vn 0 0 1
vn 0 0 1
vn 0 0 1
vn 0 0 1
vn 0 0 1
vn 0 0 1
vn 0 0 1
vn 0 0 1
vn 0 0 1
vn 0 0 1
vn 0 0 1
vn 0 0 1
vn 0 0 1
vn 0 0 1
vn 0 0 1
vn 0 0 1
vn 0 0 1
vn 0 0 1
vn 0 0 1
vn 0 0 1
vn 0 0 1
vn 0 0 1
vn 0 0 1
vn 0 0 1
vn 0 0 1
vn 0 0 1
vn 0 0 1
vn 0 0 1
vn 0 0 1
vn 0 0 1
vn 0 0 1
vn 0 0 1
vn 0 0 1
vn 0 0 1
vn 0 0 1
vn 0 0 1
vn 0 0 1
vn 0 0 1
vn 0 0 1
vn 0 0 1
vn 0 0 1
vn 0 0 1
vn 0 0 1
vn 0 0 1
vn 0 0 1
vn 0 0 1
vn 0 0 1
vn 0 0 1
vn 0 0 1
vn 0 0 1
vn 0 0 1
vn 0 0 1
vn 0 0 1
vn 0 0 1
vn 0 0 1
vn 0 0 1
vn 0 0 1
vn 0 0 1
vn 0 0 1
vn 0 0 1
vn 0 0 1
vn 0 0 1
vn 0 0 1
vn 0 0 1
vn 0 0 1
vn 0 0 1
vn 0 0 1
vn 0 0 1
vn 0 0 1
vn 0 0 1
vn 0 0 1
vn 0 0 1
vn 0 0 1
vn 0 0 1
vn 0 0 1
vn 0 0 1
vn 0 0 1
vn 0 0 1
vn 0 0 1
vn 0 0 1
vn 0 0 1
vn 0 0 1
vn 0 0 1
vn 0 0 1
vn 0 0 1
vn 0 0 1
vn 0 0 1
vn 0 0 1
vn 0 0 1
vn 0 0 1
vn 0 0 1
vn 0 0 1
vn 0 0 1
vn 0 0 1
vn 0 0 1
vn 0 0 1
vn 0 0 1
vn 0 0 1
vn 0 0 1
vn 0 0 1
vn 0 0 1
vn 0 0 1
vn 0 0 1
vn 0 0 1
vn 0 0 1
vn 0 0 1
vn 0 0 1
vn 0 0 1
vn 0 0 1
vn 0 0 1
vn 0 0 1
vn 0 0 1
vn 0 0 1
vn 0 0 1
vn 0 0 1
vn 0 0 1
vn 0 0 1
vn 0 0 1
vn 0 0 1
vn 0 0 1
vn 0 0 1
vn 0 0 1
vn 0 0 1
vn 0 0 1
vn 0 0 1
vn 0 0 1
vn 0 0 1
vn 0 0 1
vn 0 0 1
vn 0 0 1
vn 0 0 1
vn 0 0 1
vn 0 0 1
vn 0 0 1
vn 0 0 1
vn 0 0 1
vn 0 0 1
vn 0 0 1
vn 0 0 1
vn 0 0 1
vn 0 0 1
vn 0 0 1
vn 0 0 1
vn 0 0 1
vn 0 0 1
vn 0 0 1
vn 0 0 1
vn 0 0 1
vn 0 0 1
vn 0 0 1
vn 0 0 1
vn 0 0 1
vn 0 0 1
vn 0 0 1
vn 0 0 1
vn 0 0 1
vn 0 0 1
vn 0 0 1
vn 0 0 1
vn 0 0 1
vn 0 0 1
vn 0 0 1
vn 0 0 1
vn 0 0 1
vn 0 0 1
vn 0 0 1
vn 0 0 1
vn 0 0 1
vn 0 0 1
vn 0 0 1
vn 0 0 1
vn 0 0 1
vn 0 0 1
vn 0 0 1
vn 0 0 1
vn 0 0 1
vn 0 0 1
vn 0 0 1
vn 0 0 1
vn 0 0 1
vn 0 0 1
vn 0 0 1
vn 0 0 1
vn 0 0 1
vn 0 0 1
vn 0 0 1
vn 0 0 1
vn 0 0 1
vn 0 0 1
vn 0 0 1
vn 0 0 1
vn 0 0 1
vn 0 0 1
vn 0 0 1
vn 0 0 1
vn 0 0 1
vn 0 0 1
vn 0 0 1
vn 0 0 1
vn 0 0 1
vn 0 0 1
vn 0 0 1
vn 0 0 1
vn 0 0 1
vn 0 0 1
vn 0 0 1
vn 0 0 1
vn 0 0 1
vn 0 0 1
vn 0 0 1
vn 0 0 1
vn 0 0 1
vn 0 0 1
vn 0 0 1
vn 0 0 1
vn 0 0 1
vn 0 0 1
vn 0 0 1
vn 0 0 1
vn 0 0 1
vn 0 0 1
vn 0 0 1
vn 0 0 1
vn 0 0 1
vn 0 0 1
vn 0 0 1
vn 0 0 1
vn 0 0 1
vn 0 0 1
vn 0 0 1
vn 0 0 1
vn 0 0 1
vn 0 0 1
vn 0 0 1
vn 0 0 1
vn 0 0 1
vn 0 0 1
vn 0 0 1
vn 0 0 1
vn 0 0 1
vn 0 0 1
vn 0 0 1
vn 0 0 1
vn 0 0 1
vn 0 0 1
vn 0 0 1
vn 0 0 1
vn 0 0 1
vn 0 0 1
vn 0 0 1
vn 0 0 1
vn 0 0 1
vn 0 0 1
vn 0 0 1
vn 0 0 1
vn 0 0 1
vn 0 0 1
vn 0 0 1
vn 0 0 1
vn 0 0 1
vn 0 0 1
vn 0 0 1
vn 0 0 1
vn 0 0 1
vn 0 0 1
vn 0 0 1
vn 0 0 1
vn 0 0 1
vn 0 0 1
vn 0 0 1
vn 0 0 1
vn 0 0 1
vn 0 0 1
vn 0 0 1
vn 0 0 1
vn 0 0 1
vn 0 0 1
vn 0 0 1
vn 0 0 1
vn 0 0 1
vn 0 0 1
vn 0 0 1
vn 0 0 1
vn 0 0 1
vn 0 0 1
vn 0 0 1
vn 0 0 1
vn 0 0 1
vn 0 0 1
vn 0 0 1
vn 0 0 1
vn 0 0 1
vn 0 0 1
vn 0 0 1
vn 0 0 1
vn 0 0 1
vn 0 0 1
vn 0 0 1
vn 0 0 1
vn 0 0 1
vn 0 0 1
vn 0 0 1
vn 0 0 1
vn 0 0 1
vn 0 0 1
vn 0 0 1
vn 0 0 1
vn 0 0 1
vn 0 0 1
vn 0 0 1
vn 0 0 1
vn 0 0 1
vn 0 0 1
vn 0 0 1
vn 0 0 1
vn 0 0 1
vn 0 0 1
vn 0 0 1
vn 0 0 1
vn 0 0 1
vn 0 0 1
vn 0 0 1
vn 0 0 1
vn 0 0 1
vn 0 0 1
vn 0 0 1
vn 0 0 1
vn 0 0 1
vn 0 0 1
vn 0 0 1
vn 0 0 1
vn 0 0 1
vn 0 0 1
vn 0 0 1
vn 0 0 1
vn 0 0 1
vn 0 0 1
vn 0 0 1
vn -0.9738193746224154 -0.2273231743795774 0
vn -0.9738193746224154 -0.2273231743795774 0
vn -0.9738193746224154 -0.2273231743795774 0
vn -0.9738193746224154 -0.2273231743795774 0
vn -0.9738193746224154 -0.2273231743795774 0
vn -0.9738193746224154 -0.2273231743795774 0
vn -0.9336087912894381 -0.3582940479928104 0
vn -0.9336087912894381 -0.3582940479928104 0
vn -0.9336087912894381 -0.3582940479928104 0
vn -0.9336087912894381 -0.3582940479928104 0
vn -0.9336087912894381 -0.3582940479928104 0
vn -0.9336087912894381 -0.3582940479928104 0
vn -0.864439494205243 -0.5027368703986046 0
vn -0.864439494205243 -0.5027368703986046 0
vn -0.864439494205243 -0.5027368703986046 0
vn -0.864439494205243 -0.5027368703986046 0
vn -0.864439494205243 -0.5027368703986046 0
vn -0.864439494205243 -0.5027368703986046 0
vn -0.7637640358626308 -0.6454955441541221 0
vn -0.7637640358626308 -0.6454955441541221 0
vn -0.7637640358626308 -0.6454955441541221 0
vn -0.7637640358626308 -0.6454955441541221 0
vn -0.7637640358626308 -0.6454955441541221 0
vn -0.7637640358626308 -0.6454955441541221 0
vn -0.6388862181707713 -0.7693012415377019 0
vn -0.6388862181707713 -0.7693012415377019 0
vn -0.6388862181707713 -0.7693012415377019 0
vn -0.6388862181707713 -0.7693012415377019 0
vn -0.6388862181707713 -0.7693012415377019 0
vn -0.6388862181707713 -0.7693012415377019 0
vn -0.5048679118841443 -0.8631966123368093 0
vn -0.5048679118841443 -0.8631966123368093 0
vn -0.5048679118841443 -0.8631966123368093 0
vn -0.5048679118841443 -0.8631966123368093 0
vn -0.5048679118841443 -0.8631966123368093 0
vn -0.5048679118841443 -0.8631966123368093 0
vn -0.3767277387219055 -0.9263240312533619 0
vn -0.3767277387219055 -0.9263240312533619 0
vn -0.3767277387219055 -0.9263240312533619 0
vn -0.3767277387219055 -0.9263240312533619 0
vn -0.3767277387219055 -0.9263240312533619 0
vn -0.3767277387219055 -0.9263240312533619 0
vn -0.2636198358785421 -0.9646266542716776 0
vn -0.2636198358785421 -0.9646266542716776 0
vn -0.2636198358785421 -0.9646266542716776 0
vn -0.2636198358785421 -0.9646266542716776 0
vn -0.2636198358785421 -0.9646266542716776 0
vn -0.2636198358785421 -0.9646266542716776 0
vn -0.16847331892228518 -0.9857062142501234 0
vn -0.16847331892228518 -0.9857062142501234 0
vn -0.16847331892228518 -0.9857062142501234 0
vn -0.16847331892228518 -0.9857062142501234 0
vn -0.16847331892228518 -0.9857062142501234 0
vn -0.16847331892228518 -0.9857062142501234 0
vn -0.0904062528444191 -0.9959049700883268 0
vn -0.0904062528444191 -0.9959049700883268 0
vn -0.0904062528444191 -0.9959049700883268 0
vn -0.0904062528444191 -0.9959049700883268 0
vn -0.0904062528444191 -0.9959049700883268 0
vn -0.0904062528444191 -0.9959049700883268 0
vn -0.02699370194825438 -0.9996356036352091 0
vn -0.02699370194825438 -0.9996356036352091 0
vn -0.02699370194825438 -0.9996356036352091 0
vn -0.02699370194825438 -0.9996356036352091 0
vn -0.02699370194825438 -0.9996356036352091 0
vn -0.02699370194825438 -0.9996356036352091 0
vn 0.024872799642829298 -0.9996906240622284 0
vn 0.024872799642829298 -0.9996906240622284 0
vn 0.024872799642829298 -0.9996906240622284 0
vn 0.024872799642829298 -0.9996906240622284 0
vn 0.024872799642829298 -0.9996906240622284 0
vn 0.024872799642829298 -0.9996906240622284 0
vn 0.08215373972307295 -0.9966196682032287 0
vn 0.08215373972307295 -0.9966196682032287 0
vn 0.08215373972307295 -0.9966196682032287 0
vn 0.08215373972307295 -0.9966196682032287 0
vn 0.08215373972307295 -0.9966196682032287 0
vn 0.08215373972307295 -0.9966196682032287 0
vn 0.15099590964437834 -0.9885343875003372 0
vn 0.15099590964437834 -0.9885343875003372 0
vn 0.15099590964437834 -0.9885343875003372 0
vn 0.15099590964437834 -0.9885343875003372 0
vn 0.15099590964437834 -0.9885343875003372 0
vn 0.15099590964437834 -0.9885343875003372 0
vn 0.2337552478528017 -0.9722954716038099 0
vn 0.2337552478528017 -0.9722954716038099 0
vn 0.2337552478528017 -0.9722954716038099 0
vn 0.2337552478528017 -0.9722954716038099 0
vn 0.2337552478528017 -0.9722954716038099 0
vn 0.2337552478528017 -0.9722954716038099 0
vn 0.33244381086758085 -0.9431230633463694 0
vn 0.33244381086758085 -0.9431230633463694 0
vn 0.33244381086758085 -0.9431230633463694 0
vn 0.33244381086758085 -0.9431230633463694 0
vn 0.33244381086758085 -0.9431230633463694 0
vn 0.33244381086758085 -0.9431230633463694 0
vn 0.4474948834556384 -0.8942864917245616 0
vn 0.4474948834556384 -0.8942864917245616 0
vn 0.4474948834556384 -0.8942864917245616 0
vn 0.4474948834556384 -0.8942864917245616 0
vn 0.4474948834556384 -0.8942864917245616 0
vn 0.4474948834556384 -0.8942864917245616 0
vn 0.5755806770605548 -0.8177449994922094 0
vn 0.5755806770605548 -0.8177449994922094 0
vn 0.5755806770605548 -0.8177449994922094 0
vn 0.5755806770605548 -0.8177449994922094 0
vn 0.5755806770605548 -0.8177449994922094 0
vn 0.5755806770605548 -0.8177449994922094 0
vn 0.7071889712153404 -0.7070245816033471 0
vn 0.7071889712153404 -0.7070245816033471 0
vn 0.7071889712153404 -0.7070245816033471 0
vn 0.7071889712153404 -0.7070245816033471 0
vn 0.7071889712153404 -0.7070245816033471 0
vn 0.7071889712153404 -0.7070245816033471 0
vn 0.8267366924430243 -0.5625890519449949 0
vn 0.8267366924430243 -0.5625890519449949 0
vn 0.8267366924430243 -0.5625890519449949 0
vn 0.8267366924430243 -0.5625890519449949 0
vn 0.8267366924430243 -0.5625890519449949 0
vn 0.8267366924430243 -0.5625890519449949 0
vn 0.9183022554595438 -0.39587999143416563 0
vn 0.9183022554595438 -0.39587999143416563 0
vn 0.9183022554595438 -0.39587999143416563 0
vn 0.9183022554595438 -0.39587999143416563 0
vn 0.9183022554595438 -0.39587999143416563 0
vn 0.9183022554595438 -0.39587999143416563 0
vn 0.9741402957242913 -0.2259439847532793 0
vn 0.9741402957242913 -0.2259439847532793 0
vn 0.9741402957242913 -0.2259439847532793 0
vn 0.9741402957242913 -0.2259439847532793 0
vn 0.9741402957242913 -0.2259439847532793 0
vn 0.9741402957242913 -0.2259439847532793 0
vn 0.9975404239013543 -0.07009352810856564 0
vn 0.9975404239013543 -0.07009352810856564 0
vn 0.9975404239013543 -0.07009352810856564 0
vn 0.9975404239013543 -0.07009352810856564 0
vn 0.9975404239013543 -0.07009352810856564 0
vn 0.9975404239013543 -0.07009352810856564 0
vn 0.9982355005650265 0.05937916647857976 0
vn 0.9982355005650265 0.05937916647857976 0
vn 0.9982355005650265 0.05937916647857976 0
vn 0.9982355005650265 0.05937916647857976 0
vn 0.9982355005650265 0.05937916647857976 0
vn 0.9982355005650265 0.05937916647857976 0
vn 0.9791422296367998 0.20317601763465232 0
vn 0.9791422296367998 0.20317601763465232 0
vn 0.9791422296367998 0.20317601763465232 0
vn 0.9791422296367998 0.20317601763465232 0
vn 0.9791422296367998 0.20317601763465232 0
vn 0.9791422296367998 0.20317601763465232 0
vn 0.9267823648082208 0.3755987863139095 0
vn 0.9267823648082208 0.3755987863139095 0
vn 0.9267823648082208 0.3755987863139095 0
vn 0.9267823648082208 0.3755987863139095 0
vn 0.9267823648082208 0.3755987863139095 0
vn 0.9267823648082208 0.3755987863139095 0
vn 0.8321228765020746 0.5545913075426923 0
vn 0.8321228765020746 0.5545913075426923 0
vn 0.8321228765020746 0.5545913075426923 0
vn 0.8321228765020746 0.5545913075426923 0
vn 0.8321228765020746 0.5545913075426923 0
vn 0.8321228765020746 0.5545913075426923 0
vn 0.7033103782736295 0.7108829100580518 0
vn 0.7033103782736295 0.7108829100580518 0
vn 0.7033103782736295 0.7108829100580518 0
vn 0.7033103782736295 0.7108829100580518 0
vn 0.7033103782736295 0.7108829100580518 0
vn 0.7033103782736295 0.7108829100580518 0
vn 0.5631736036877223 0.8263386062077606 0
vn 0.5631736036877223 0.8263386062077606 0
vn 0.5631736036877223 0.8263386062077606 0
vn 0.5631736036877223 0.8263386062077606 0
vn 0.5631736036877223 0.8263386062077606 0
vn 0.5631736036877223 0.8263386062077606 0
vn 0.4330851973914784 0.9013529895664539 0
vn 0.4330851973914784 0.9013529895664539 0
vn 0.4330851973914784 0.9013529895664539 0
vn 0.4330851973914784 0.9013529895664539 0
vn 0.4330851973914784 0.9013529895664539 0
vn 0.4330851973914784 0.9013529895664539 0
vn 0.3233403800604089 0.9462827265793191 0
vn 0.3233403800604089 0.9462827265793191 0
vn 0.3233403800604089 0.9462827265793191 0
vn 0.3233403800604089 0.9462827265793191 0
vn 0.3233403800604089 0.9462827265793191 0
vn 0.3233403800604089 0.9462827265793191 0
vn 0.23515339018765682 0.9719582722952935 0
vn 0.23515339018765682 0.9719582722952935 0
vn 0.23515339018765682 0.9719582722952935 0
vn 0.23515339018765682 0.9719582722952935 0
vn 0.23515339018765682 0.9719582722952935 0
vn 0.23515339018765682 0.9719582722952935 0
vn 0.16567149337758724 0.9861809957011136 0
vn 0.16567149337758724 0.9861809957011136 0
vn 0.16567149337758724 0.9861809957011136 0
vn 0.16567149337758724 0.9861809957011136 0
vn 0.16567149337758724 0.9861809957011136 0
vn 0.16567149337758724 0.9861809957011136 0
vn 0.11114810347591576 0.9938038534306995 0
vn 0.11114810347591576 0.9938038534306995 0
vn 0.11114810347591576 0.9938038534306995 0
vn 0.11114810347591576 0.9938038534306995 0
vn 0.11114810347591576 0.9938038534306995 0
vn 0.11114810347591576 0.9938038534306995 0
vn 0.06819860512908071 0.9976717647896264 0
vn 0.06819860512908071 0.9976717647896264 0
vn 0.06819860512908071 0.9976717647896264 0
vn 0.06819860512908071 0.9976717647896264 0
vn 0.06819860512908071 0.9976717647896264 0
vn 0.06819860512908071 0.9976717647896264 0
vn 0.06500382889151797 0.9978850145329582 0
vn 0.06500382889151797 0.9978850145329582 0
vn 0.06500382889151797 0.9978850145329582 0
vn 0.06500382889151797 0.9978850145329582 0
vn 0.06500382889151797 0.9978850145329582 0
vn 0.06500382889151797 0.9978850145329582 0
vn 0.09822742056787438 0.9951639934445891 0
vn 0.09822742056787438 0.9951639934445891 0
vn 0.09822742056787438 0.9951639934445891 0
vn 0.09822742056787438 0.9951639934445891 0
vn 0.09822742056787438 0.9951639934445891 0
vn 0.09822742056787438 0.9951639934445891 0
vn 0.14177453455782618 0.9898989753257207 0
vn 0.14177453455782618 0.9898989753257207 0
vn 0.14177453455782618 0.9898989753257207 0
vn 0.14177453455782618 0.9898989753257207 0
vn 0.14177453455782618 0.9898989753257207 0
vn 0.14177453455782618 0.9898989753257207 0
vn 0.19942014169780448 0.9799140814812428 0
vn 0.19942014169780448 0.9799140814812428 0
vn 0.19942014169780448 0.9799140814812428 0
vn 0.19942014169780448 0.9799140814812428 0
vn 0.19942014169780448 0.9799140814812428 0
vn 0.19942014169780448 0.9799140814812428 0
vn 0.27611234606446156 0.9611253676554266 0
vn 0.27611234606446156 0.9611253676554266 0
vn 0.27611234606446156 0.9611253676554266 0
vn 0.27611234606446156 0.9611253676554266 0
vn 0.27611234606446156 0.9611253676554266 0
vn 0.27611234606446156 0.9611253676554266 0
vn 0.3774248582116759 0.9260402131678173 0
vn 0.3774248582116759 0.9260402131678173 0
vn 0.3774248582116759 0.9260402131678173 0
vn 0.3774248582116759 0.9260402131678173 0
vn 0.3774248582116759 0.9260402131678173 0
vn 0.3774248582116759 0.9260402131678173 0
vn 0.5067492174115009 0.8620935161876762 0
vn 0.5067492174115009 0.8620935161876762 0
vn 0.5067492174115009 0.8620935161876762 0
vn 0.5067492174115009 0.8620935161876762 0
vn 0.5067492174115009 0.8620935161876762 0
vn 0.5067492174115009 0.8620935161876762 0
vn 0.6580964481648617 0.7529336391162194 0
vn 0.6580964481648617 0.7529336391162194 0
vn 0.6580964481648617 0.7529336391162194 0
vn 0.6580964481648617 0.7529336391162194 0
vn 0.6580964481648617 0.7529336391162194 0
vn 0.6580964481648617 0.7529336391162194 0
vn 0.8073737425271291 0.5900403713965146 0
vn 0.8073737425271291 0.5900403713965146 0
vn 0.8073737425271291 0.5900403713965146 0
vn 0.8073737425271291 0.5900403713965146 0
vn 0.8073737425271291 0.5900403713965146 0
vn 0.8073737425271291 0.5900403713965146 0
vn 0.9197627737589849 0.39247476352904354 0
vn 0.9197627737589849 0.39247476352904354 0
vn 0.9197627737589849 0.39247476352904354 0
vn 0.9197627737589849 0.39247476352904354 0
vn 0.9197627737589849 0.39247476352904354 0
vn 0.9197627737589849 0.39247476352904354 0
vn 0.9791220039339985 0.2032734646043875 0
vn 0.9791220039339985 0.2032734646043875 0
vn 0.9791220039339985 0.2032734646043875 0
vn 0.9791220039339985 0.2032734646043875 0
vn 0.9791220039339985 0.2032734646043875 0
vn 0.9791220039339985 0.2032734646043875 0
vn 0.9984300836332397 0.05601221381200403 0
vn 0.9984300836332397 0.05601221381200403 0
vn 0.9984300836332397 0.05601221381200403 0
vn 0.9984300836332397 0.05601221381200403 0
vn 0.9984300836332397 0.05601221381200403 0
vn 0.9984300836332397 0.05601221381200403 0
vn 0.9974251744604162 -0.07171486144871436 0
vn 0.9974251744604162 -0.07171486144871436 0
vn 0.9974251744604162 -0.07171486144871436 0
vn 0.9974251744604162 -0.07171486144871436 0
vn 0.9974251744604162 -0.07171486144871436 0
vn 0.9974251744604162 -0.07171486144871436 0
vn 0.971462337411878 -0.23719385951211025 0
vn 0.971462337411878 -0.23719385951211025 0
vn 0.971462337411878 -0.23719385951211025 0
vn 0.971462337411878 -0.23719385951211025 0
vn 0.971462337411878 -0.23719385951211025 0
vn 0.971462337411878 -0.23719385951211025 0
vn 0.9062777651227044 -0.4226826379734516 0
vn 0.9062777651227044 -0.4226826379734516 0
vn 0.9062777651227044 -0.4226826379734516 0
vn 0.9062777651227044 -0.4226826379734516 0
vn 0.9062777651227044 -0.4226826379734516 0
vn 0.9062777651227044 -0.4226826379734516 0
vn 0.7983457885159762 -0.6021993041832615 0
vn 0.7983457885159762 -0.6021993041832615 0
vn 0.7983457885159762 -0.6021993041832615 0
vn 0.7983457885159762 -0.6021993041832615 0
vn 0.7983457885159762 -0.6021993041832615 0
vn 0.7983457885159762 -0.6021993041832615 0
vn 0.6619392544597589 -0.7495574850571892 0
vn 0.6619392544597589 -0.7495574850571892 0
vn 0.6619392544597589 -0.7495574850571892 0
vn 0.6619392544597589 -0.7495574850571892 0
vn 0.6619392544597589 -0.7495574850571892 0
vn 0.6619392544597589 -0.7495574850571892 0
vn 0.5205146578335381 -0.8538527337781585 0
vn 0.5205146578335381 -0.8538527337781585 0
vn 0.5205146578335381 -0.8538527337781585 0
vn 0.5205146578335381 -0.8538527337781585 0
vn 0.5205146578335381 -0.8538527337781585 0
vn 0.5205146578335381 -0.8538527337781585 0
vn 0.3918999037937323 -0.9200078616003579 0
vn 0.3918999037937323 -0.9200078616003579 0
vn 0.3918999037937323 -0.9200078616003579 0
vn 0.3918999037937323 -0.9200078616003579 0
vn 0.3918999037937323 -0.9200078616003579 0
vn 0.3918999037937323 -0.9200078616003579 0
vn 0.28333467379964666 -0.9590210960259674 0
vn 0.28333467379964666 -0.9590210960259674 0
vn 0.28333467379964666 -0.9590210960259674 0
vn 0.28333467379964666 -0.9590210960259674 0
vn 0.28333467379964666 -0.9590210960259674 0
vn 0.28333467379964666 -0.9590210960259674 0
vn 0.194877411399004 -0.9808276069352979 0
vn 0.194877411399004 -0.9808276069352979 0
vn 0.194877411399004 -0.9808276069352979 0
vn 0.194877411399004 -0.9808276069352979 0
vn 0.194877411399004 -0.9808276069352979 0
vn 0.194877411399004 -0.9808276069352979 0
vn 0.1236694835929796 -0.9923234648177205 0
vn 0.1236694835929796 -0.9923234648177205 0
vn 0.1236694835929796 -0.9923234648177205 0
vn 0.1236694835929796 -0.9923234648177205 0
vn 0.1236694835929796 -0.9923234648177205 0
vn 0.1236694835929796 -0.9923234648177205 0
vn 0.06632524538813135 -0.9977980566348104 0
vn 0.06632524538813135 -0.9977980566348104 0
vn 0.06632524538813135 -0.9977980566348104 0
vn 0.06632524538813135 -0.9977980566348104 0
vn 0.06632524538813135 -0.9977980566348104 0
vn 0.06632524538813135 -0.9977980566348104 0
vn 0.019845835581826225 -0.9998030520107742 0
vn 0.019845835581826225 -0.9998030520107742 0
vn 0.019845835581826225 -0.9998030520107742 0
vn 0.019845835581826225 -0.9998030520107742 0
vn 0.019845835581826225 -0.9998030520107742 0
vn 0.019845835581826225 -0.9998030520107742 0
vn -0.02466560850134392 -0.9996957575969092 0
vn -0.02466560850134392 -0.9996957575969092 0
vn -0.02466560850134392 -0.9996957575969092 0
vn -0.02466560850134392 -0.9996957575969092 0
vn -0.02466560850134392 -0.9996957575969092 0
vn -0.02466560850134392 -0.9996957575969092 0
vn -0.08355979686602327 -0.9965027648469967 0
vn -0.08355979686602327 -0.9965027648469967 0
vn -0.08355979686602327 -0.9965027648469967 0
vn -0.08355979686602327 -0.9965027648469967 0
vn -0.08355979686602327 -0.9965027648469967 0
vn -0.08355979686602327 -0.9965027648469967 0
vn -0.15777485300825075 -0.9874751114626763 0
vn -0.15777485300825075 -0.9874751114626763 0
vn -0.15777485300825075 -0.9874751114626763 0
vn -0.15777485300825075 -0.9874751114626763 0
vn -0.15777485300825075 -0.9874751114626763 0
vn -0.15777485300825075 -0.9874751114626763 0
vn -0.2504231323941756 -0.968136485606182 0
vn -0.2504231323941756 -0.968136485606182 0
vn -0.2504231323941756 -0.968136485606182 0
vn -0.2504231323941756 -0.968136485606182 0
vn -0.2504231323941756 -0.968136485606182 0
vn -0.2504231323941756 -0.968136485606182 0
vn -0.36323357660425476 -0.9316981103486693 0
vn -0.36323357660425476 -0.9316981103486693 0
vn -0.36323357660425476 -0.9316981103486693 0
vn -0.36323357660425476 -0.9316981103486693 0
vn -0.36323357660425476 -0.9316981103486693 0
vn -0.36323357660425476 -0.9316981103486693 0
vn -0.49385144924502034 -0.8695462874847969 0
vn -0.49385144924502034 -0.8695462874847969 0
vn -0.49385144924502034 -0.8695462874847969 0
vn -0.49385144924502034 -0.8695462874847969 0
vn -0.49385144924502034 -0.8695462874847969 0
vn -0.49385144924502034 -0.8695462874847969 0
vn -0.6325380362887 -0.7745292974755927 0
vn -0.6325380362887 -0.7745292974755927 0
vn -0.6325380362887 -0.7745292974755927 0
vn -0.6325380362887 -0.7745292974755927 0
vn -0.6325380362887 -0.7745292974755927 0
vn -0.6325380362887 -0.7745292974755927 0
vn -0.7621485076055633 -0.6474022338196036 0
vn -0.7621485076055633 -0.6474022338196036 0
vn -0.7621485076055633 -0.6474022338196036 0
vn -0.7621485076055633 -0.6474022338196036 0
vn -0.7621485076055633 -0.6474022338196036 0
vn -0.7621485076055633 -0.6474022338196036 0
vn -0.8653418506355387 -0.501182084215568 0
vn -0.8653418506355387 -0.501182084215568 0
vn -0.8653418506355387 -0.501182084215568 0
vn -0.8653418506355387 -0.501182084215568 0
vn -0.8653418506355387 -0.501182084215568 0
vn -0.8653418506355387 -0.501182084215568 0
vn -0.9344852024750944 -0.3560019752123318 0
vn -0.9344852024750944 -0.3560019752123318 0
vn -0.9344852024750944 -0.3560019752123318 0
vn -0.9344852024750944 -0.3560019752123318 0
vn -0.9344852024750944 -0.3560019752123318 0
vn -0.9344852024750944 -0.3560019752123318 0
vn -0.9735679143687962 -0.22839771476876175 0
vn -0.9735679143687962 -0.22839771476876175 0
vn -0.9735679143687962 -0.22839771476876175 0
vn -0.9735679143687962 -0.22839771476876175 0
vn -0.9735679143687962 -0.22839771476876175 0
vn -0.9735679143687962 -0.22839771476876175 0
vn -0.9920439868255485 -0.12589173206875387 0
vn -0.9920439868255485 -0.12589173206875387 0
vn -0.9920439868255485 -0.12589173206875387 0
vn -0.9920439868255485 -0.12589173206875387 0
vn -0.9920439868255485 -0.12589173206875387 0
vn -0.9920439868255485 -0.12589173206875387 0
vn 0 -1 0
vn 0 -1 0
vn 0 -1 0
vn 0 -1 0
vn 0 -1 0
vn 0 -1 0
vn 0.992447357150311 0.12267128142056388 0
vn 0.992447357150311 0.12267128142056388 0
vn 0.992447357150311 0.12267128142056388 0
vn 0.992447357150311 0.12267128142056388 0
vn 0.992447357150311 0.12267128142056388 0
vn 0.992447357150311 0.12267128142056388 0
vn 0.9723301905355753 0.23361078864866644 0
vn 0.9723301905355753 0.23361078864866644 0
vn 0.9723301905355753 0.23361078864866644 0
vn 0.9723301905355753 0.23361078864866644 0
vn 0.9723301905355753 0.23361078864866644 0
vn 0.9723301905355753 0.23361078864866644 0
vn 0.9324188674673558 0.3613793790338535 0
vn 0.9324188674673558 0.3613793790338535 0
vn 0.9324188674673558 0.3613793790338535 0
vn 0.9324188674673558 0.3613793790338535 0
vn 0.9324188674673558 0.3613793790338535 0
vn 0.9324188674673558 0.3613793790338535 0
vn 0.8665709748119165 0.49905385041448674 0
vn 0.8665709748119165 0.49905385041448674 0
vn 0.8665709748119165 0.49905385041448674 0
vn 0.8665709748119165 0.49905385041448674 0
vn 0.8665709748119165 0.49905385041448674 0
vn 0.8665709748119165 0.49905385041448674 0
vn 0.7728383905745889 0.6346028853181169 0
vn 0.7728383905745889 0.6346028853181169 0
vn 0.7728383905745889 0.6346028853181169 0
vn 0.7728383905745889 0.6346028853181169 0
vn 0.7728383905745889 0.6346028853181169 0
vn 0.7728383905745889 0.6346028853181169 0
vn 0.6564921709595856 0.754332837326316 0
vn 0.6564921709595856 0.754332837326316 0
vn 0.6564921709595856 0.754332837326316 0
vn 0.6564921709595856 0.754332837326316 0
vn 0.6564921709595856 0.754332837326316 0
vn 0.6564921709595856 0.754332837326316 0
vn 0.5290120213258619 0.8486143301245423 0
vn 0.5290120213258619 0.8486143301245423 0
vn 0.5290120213258619 0.8486143301245423 0
vn 0.5290120213258619 0.8486143301245423 0
vn 0.5290120213258619 0.8486143301245423 0
vn 0.5290120213258619 0.8486143301245423 0
vn 0.4030404627192075 0.9151821596879426 0
vn 0.4030404627192075 0.9151821596879426 0
vn 0.4030404627192075 0.9151821596879426 0
vn 0.4030404627192075 0.9151821596879426 0
vn 0.4030404627192075 0.9151821596879426 0
vn 0.4030404627192075 0.9151821596879426 0
vn 0.2876735399943142 0.957728528544044 0
vn 0.2876735399943142 0.957728528544044 0
vn 0.2876735399943142 0.957728528544044 0
vn 0.2876735399943142 0.957728528544044 0
vn 0.2876735399943142 0.957728528544044 0
vn 0.2876735399943142 0.957728528544044 0
vn 0.18713016366345422 0.9823351270555731 0
vn 0.18713016366345422 0.9823351270555731 0
vn 0.18713016366345422 0.9823351270555731 0
vn 0.18713016366345422 0.9823351270555731 0
vn 0.18713016366345422 0.9823351270555731 0
vn 0.18713016366345422 0.9823351270555731 0
vn 0.10197363101679086 0.9947871021365583 0
vn 0.10197363101679086 0.9947871021365583 0
vn 0.10197363101679086 0.9947871021365583 0
vn 0.10197363101679086 0.9947871021365583 0
vn 0.10197363101679086 0.9947871021365583 0
vn 0.10197363101679086 0.9947871021365583 0
vn 0.030841748691972246 0.9995242801141058 0
vn 0.030841748691972246 0.9995242801141058 0
vn 0.030841748691972246 0.9995242801141058 0
vn 0.030841748691972246 0.9995242801141058 0
vn 0.030841748691972246 0.9995242801141058 0
vn 0.030841748691972246 0.9995242801141058 0
vn -0.027602390608336958 0.9996189814287765 0
vn -0.027602390608336958 0.9996189814287765 0
vn -0.027602390608336958 0.9996189814287765 0
vn -0.027602390608336958 0.9996189814287765 0
vn -0.027602390608336958 0.9996189814287765 0
vn -0.027602390608336958 0.9996189814287765 0
vn -0.09040727596434071 0.9959048772110253 0
vn -0.09040727596434071 0.9959048772110253 0
vn -0.09040727596434071 0.9959048772110253 0
vn -0.09040727596434071 0.9959048772110253 0
vn -0.09040727596434071 0.9959048772110253 0
vn -0.09040727596434071 0.9959048772110253 0
vn -0.16452347915436233 0.9863731671162512 0
vn -0.16452347915436233 0.9863731671162512 0
vn -0.16452347915436233 0.9863731671162512 0
vn -0.16452347915436233 0.9863731671162512 0
vn -0.16452347915436233 0.9863731671162512 0
vn -0.16452347915436233 0.9863731671162512 0
vn -0.25176435439271505 0.9677885667113553 0
vn -0.25176435439271505 0.9677885667113553 0
vn -0.25176435439271505 0.9677885667113553 0
vn -0.25176435439271505 0.9677885667113553 0
vn -0.25176435439271505 0.9677885667113553 0
vn -0.25176435439271505 0.9677885667113553 0
vn -0.35332498757306663 0.9355006430550927 0
vn -0.35332498757306663 0.9355006430550927 0
vn -0.35332498757306663 0.9355006430550927 0
vn -0.35332498757306663 0.9355006430550927 0
vn -0.35332498757306663 0.9355006430550927 0
vn -0.35332498757306663 0.9355006430550927 0
vn -0.46863832968353736 0.8833901267002162 0
vn -0.46863832968353736 0.8833901267002162 0
vn -0.46863832968353736 0.8833901267002162 0
vn -0.46863832968353736 0.8833901267002162 0
vn -0.46863832968353736 0.8833901267002162 0
vn -0.46863832968353736 0.8833901267002162 0
vn -0.5936440376487556 0.804727753071859 0
vn -0.5936440376487556 0.804727753071859 0
vn -0.5936440376487556 0.804727753071859 0
vn -0.5936440376487556 0.804727753071859 0
vn -0.5936440376487556 0.804727753071859 0
vn -0.5936440376487556 0.804727753071859 0
vn -0.7192724866563142 0.6947280690595725 0
vn -0.7192724866563142 0.6947280690595725 0
vn -0.7192724866563142 0.6947280690595725 0
vn -0.7192724866563142 0.6947280690595725 0
vn -0.7192724866563142 0.6947280690595725 0
vn -0.7192724866563142 0.6947280690595725 0
vn -0.8321509757958648 0.5545491443343771 0
vn -0.8321509757958648 0.5545491443343771 0
vn -0.8321509757958648 0.5545491443343771 0
vn -0.8321509757958648 0.5545491443343771 0
vn -0.8321509757958648 0.5545491443343771 0
vn -0.8321509757958648 0.5545491443343771 0
vn -0.9191811635214076 0.39383497638913606 0
vn -0.9191811635214076 0.39383497638913606 0
vn -0.9191811635214076 0.39383497638913606 0
vn -0.9191811635214076 0.39383497638913606 0
vn -0.9191811635214076 0.39383497638913606 0
vn -0.9191811635214076 0.39383497638913606 0
vn -0.9736414155956231 0.228084181470244 0
vn -0.9736414155956231 0.228084181470244 0
vn -0.9736414155956231 0.228084181470244 0
vn -0.9736414155956231 0.228084181470244 0
vn -0.9736414155956231 0.228084181470244 0
vn -0.9736414155956231 0.228084181470244 0
vn -0.9974073905555904 0.07196177641698429 0
vn -0.9974073905555904 0.07196177641698429 0
vn -0.9974073905555904 0.07196177641698429 0
vn -0.9974073905555904 0.07196177641698429 0
vn -0.9974073905555904 0.07196177641698429 0
vn -0.9974073905555904 0.07196177641698429 0
vn -0.9983305928325668 -0.05775835363456931 0
vn -0.9983305928325668 -0.05775835363456931 0
vn -0.9983305928325668 -0.05775835363456931 0
vn -0.9983305928325668 -0.05775835363456931 0
vn -0.9983305928325668 -0.05775835363456931 0
vn -0.9983305928325668 -0.05775835363456931 0
vn -0.9801096514749349 -0.19845672345799106 0
vn -0.9801096514749349 -0.19845672345799106 0
vn -0.9801096514749349 -0.19845672345799106 0
vn -0.9801096514749349 -0.19845672345799106 0
vn -0.9801096514749349 -0.19845672345799106 0
vn -0.9801096514749349 -0.19845672345799106 0
vn -0.9296002833443402 -0.3685692787063546 0
vn -0.9296002833443402 -0.3685692787063546 0
vn -0.9296002833443402 -0.3685692787063546 0
vn -0.9296002833443402 -0.3685692787063546 0
vn -0.9296002833443402 -0.3685692787063546 0
vn -0.9296002833443402 -0.3685692787063546 0
vn -0.8373160725280497 -0.5467191186397288 0
vn -0.8373160725280497 -0.5467191186397288 0
vn -0.8373160725280497 -0.5467191186397288 0
vn -0.8373160725280497 -0.5467191186397288 0
vn -0.8373160725280497 -0.5467191186397288 0
vn -0.8373160725280497 -0.5467191186397288 0
vn -0.7104580301802215 -0.7037395735301798 0
vn -0.7104580301802215 -0.7037395735301798 0
vn -0.7104580301802215 -0.7037395735301798 0
vn -0.7104580301802215 -0.7037395735301798 0
vn -0.7104580301802215 -0.7037395735301798 0
vn -0.7104580301802215 -0.7037395735301798 0
vn -0.5712458408661517 -0.8207790136773254 0
vn -0.5712458408661517 -0.8207790136773254 0
vn -0.5712458408661517 -0.8207790136773254 0
vn -0.5712458408661517 -0.8207790136773254 0
vn -0.5712458408661517 -0.8207790136773254 0
vn -0.5712458408661517 -0.8207790136773254 0
vn -0.44118873103787765 -0.8974143433248588 0
vn -0.44118873103787765 -0.8974143433248588 0
vn -0.44118873103787765 -0.8974143433248588 0
vn -0.44118873103787765 -0.8974143433248588 0
vn -0.44118873103787765 -0.8974143433248588 0
vn -0.44118873103787765 -0.8974143433248588 0
vn -0.3310046158475672 -0.9436291349293982 0
vn -0.3310046158475672 -0.9436291349293982 0
vn -0.3310046158475672 -0.9436291349293982 0
vn -0.3310046158475672 -0.9436291349293982 0
vn -0.3310046158475672 -0.9436291349293982 0
vn -0.3310046158475672 -0.9436291349293982 0
vn -0.2422257947390329 -0.9702199051570958 0
vn -0.2422257947390329 -0.9702199051570958 0
vn -0.2422257947390329 -0.9702199051570958 0
vn -0.2422257947390329 -0.9702199051570958 0
vn -0.2422257947390329 -0.9702199051570958 0
vn -0.2422257947390329 -0.9702199051570958 0
vn -0.17215266704647972 -0.9850702813651337 0
vn -0.17215266704647972 -0.9850702813651337 0
vn -0.17215266704647972 -0.9850702813651337 0
vn -0.17215266704647972 -0.9850702813651337 0
vn -0.17215266704647972 -0.9850702813651337 0
vn -0.17215266704647972 -0.9850702813651337 0
vn -0.11708502149454829 -0.9931218947045831 0
vn -0.11708502149454829 -0.9931218947045831 0
vn -0.11708502149454829 -0.9931218947045831 0
vn -0.11708502149454829 -0.9931218947045831 0
vn -0.11708502149454829 -0.9931218947045831 0
vn -0.11708502149454829 -0.9931218947045831 0
vn -0.07365166198977131 -0.9972840280913681 0
vn -0.07365166198977131 -0.9972840280913681 0
vn -0.07365166198977131 -0.9972840280913681 0
vn -0.07365166198977131 -0.9972840280913681 0
vn -0.07365166198977131 -0.9972840280913681 0
vn -0.07365166198977131 -0.9972840280913681 0
vn -0.06851123408413373 -0.9976503449627374 0
vn -0.06851123408413373 -0.9976503449627374 0
vn -0.06851123408413373 -0.9976503449627374 0
vn -0.06851123408413373 -0.9976503449627374 0
vn -0.06851123408413373 -0.9976503449627374 0
vn -0.06851123408413373 -0.9976503449627374 0
vn -0.10077221679143149 -0.9949095236869234 0
vn -0.10077221679143149 -0.9949095236869234 0
vn -0.10077221679143149 -0.9949095236869234 0
vn -0.10077221679143149 -0.9949095236869234 0
vn -0.10077221679143149 -0.9949095236869234 0
vn -0.10077221679143149 -0.9949095236869234 0
vn -0.14289877963675393 -0.9897373079652633 0
vn -0.14289877963675393 -0.9897373079652633 0
vn -0.14289877963675393 -0.9897373079652633 0
vn -0.14289877963675393 -0.9897373079652633 0
vn -0.14289877963675393 -0.9897373079652633 0
vn -0.14289877963675393 -0.9897373079652633 0
vn -0.19849588317945766 -0.980101721435488 0
vn -0.19849588317945766 -0.980101721435488 0
vn -0.19849588317945766 -0.980101721435488 0
vn -0.19849588317945766 -0.980101721435488 0
vn -0.19849588317945766 -0.980101721435488 0
vn -0.19849588317945766 -0.980101721435488 0
vn -0.2723564550509922 -0.9621964255764293 0
vn -0.2723564550509922 -0.9621964255764293 0
vn -0.2723564550509922 -0.9621964255764293 0
vn -0.2723564550509922 -0.9621964255764293 0
vn -0.2723564550509922 -0.9621964255764293 0
vn -0.2723564550509922 -0.9621964255764293 0
vn -0.3700476317409276 -0.9290127826047017 0
vn -0.3700476317409276 -0.9290127826047017 0
vn -0.3700476317409276 -0.9290127826047017 0
vn -0.3700476317409276 -0.9290127826047017 0
vn -0.3700476317409276 -0.9290127826047017 0
vn -0.3700476317409276 -0.9290127826047017 0
vn -0.4955573654515217 -0.8685752112205062 0
vn -0.4955573654515217 -0.8685752112205062 0
vn -0.4955573654515217 -0.8685752112205062 0
vn -0.4955573654515217 -0.8685752112205062 0
vn -0.4955573654515217 -0.8685752112205062 0
vn -0.4955573654515217 -0.8685752112205062 0
vn -0.644655647630558 -0.7644730838806725 0
vn -0.644655647630558 -0.7644730838806725 0
vn -0.644655647630558 -0.7644730838806725 0
vn -0.644655647630558 -0.7644730838806725 0
vn -0.644655647630558 -0.7644730838806725 0
vn -0.644655647630558 -0.7644730838806725 0
vn -0.7955465106314323 -0.6058925229957475 0
vn -0.7955465106314323 -0.6058925229957475 0
vn -0.7955465106314323 -0.6058925229957475 0
vn -0.7955465106314323 -0.6058925229957475 0
vn -0.7955465106314323 -0.6058925229957475 0
vn -0.7955465106314323 -0.6058925229957475 0
vn -0.9129703037812625 -0.4080260094816862 0
vn -0.9129703037812625 -0.4080260094816862 0
vn -0.9129703037812625 -0.4080260094816862 0
vn -0.9129703037812625 -0.4080260094816862 0
vn -0.9129703037812625 -0.4080260094816862 0
vn -0.9129703037812625 -0.4080260094816862 0
vn -0.9769570236842332 -0.21343611192589873 0
vn -0.9769570236842332 -0.21343611192589873 0
vn -0.9769570236842332 -0.21343611192589873 0
vn -0.9769570236842332 -0.21343611192589873 0
vn -0.9769570236842332 -0.21343611192589873 0
vn -0.9769570236842332 -0.21343611192589873 0
vn -0.9982461124593462 -0.059200497969206664 0
vn -0.9982461124593462 -0.059200497969206664 0
vn -0.9982461124593462 -0.059200497969206664 0
vn -0.9982461124593462 -0.059200497969206664 0
vn -0.9982461124593462 -0.059200497969206664 0
vn -0.9982461124593462 -0.059200497969206664 0
vn -0.9975561265697908 0.06986969545572362 0
vn -0.9975561265697908 0.06986969545572362 0
vn -0.9975561265697908 0.06986969545572362 0
vn -0.9975561265697908 0.06986969545572362 0
vn -0.9975561265697908 0.06986969545572362 0
vn -0.9975561265697908 0.06986969545572362 0
vn -0.9716320733603618 0.23649759833335396 0
vn -0.9716320733603618 0.23649759833335396 0
vn -0.9716320733603618 0.23649759833335396 0
vn -0.9716320733603618 0.23649759833335396 0
vn -0.9716320733603618 0.23649759833335396 0
vn -0.9716320733603618 0.23649759833335396 0
vn -0.9032886106371832 0.4290334321392063 0
vn -0.9032886106371832 0.4290334321392063 0
vn -0.9032886106371832 0.4290334321392063 0
vn -0.9032886106371832 0.4290334321392063 0
vn -0.9032886106371832 0.4290334321392063 0
vn -0.9032886106371832 0.4290334321392063 0
vn -0.7874345880383748 0.6163982231973376 0
vn -0.7874345880383748 0.6163982231973376 0
vn -0.7874345880383748 0.6163982231973376 0
vn -0.7874345880383748 0.6163982231973376 0
vn -0.7874345880383748 0.6163982231973376 0
vn -0.7874345880383748 0.6163982231973376 0
vn -0.641776963178053 0.7668913414128209 0
vn -0.641776963178053 0.7668913414128209 0
vn -0.641776963178053 0.7668913414128209 0
vn -0.641776963178053 0.7668913414128209 0
vn -0.641776963178053 0.7668913414128209 0
vn -0.641776963178053 0.7668913414128209 0
vn -0.4946116493564905 0.8691140985629286 0
vn -0.4946116493564905 0.8691140985629286 0
vn -0.4946116493564905 0.8691140985629286 0
vn -0.4946116493564905 0.8691140985629286 0
vn -0.4946116493564905 0.8691140985629286 0
vn -0.4946116493564905 0.8691140985629286 0
vn -0.3652423979378826 0.9309124506357113 0
vn -0.3652423979378826 0.9309124506357113 0
vn -0.3652423979378826 0.9309124506357113 0
vn -0.3652423979378826 0.9309124506357113 0
vn -0.3652423979378826 0.9309124506357113 0
vn -0.3652423979378826 0.9309124506357113 0
vn -0.25960182475201776 0.9657157410881436 0
vn -0.25960182475201776 0.9657157410881436 0
vn -0.25960182475201776 0.9657157410881436 0
vn -0.25960182475201776 0.9657157410881436 0
vn -0.25960182475201776 0.9657157410881436 0
vn -0.25960182475201776 0.9657157410881436 0
vn -0.17599281667828992 0.9843914508353077 0
vn -0.17599281667828992 0.9843914508353077 0
vn -0.17599281667828992 0.9843914508353077 0
vn -0.17599281667828992 0.9843914508353077 0
vn -0.17599281667828992 0.9843914508353077 0
vn -0.17599281667828992 0.9843914508353077 0
vn -0.11033024512667361 0.9938949828881761 0
vn -0.11033024512667361 0.9938949828881761 0
vn -0.11033024512667361 0.9938949828881761 0
vn -0.11033024512667361 0.9938949828881761 0
vn -0.11033024512667361 0.9938949828881761 0
vn -0.11033024512667361 0.9938949828881761 0
vn -0.058560776403892165 0.9982838451397343 0
vn -0.058560776403892165 0.9982838451397343 0
vn -0.058560776403892165 0.9982838451397343 0
vn -0.058560776403892165 0.9982838451397343 0
vn -0.058560776403892165 0.9982838451397343 0
vn -0.058560776403892165 0.9982838451397343 0
vn -0.017371039341901158 0.9998491121125137 0
vn -0.017371039341901158 0.9998491121125137 0
vn -0.017371039341901158 0.9998491121125137 0
vn -0.017371039341901158 0.9998491121125137 0
vn -0.017371039341901158 0.9998491121125137 0
vn -0.017371039341901158 0.9998491121125137 0
vn 0.024104895249629072 0.9997094347984341 0
vn 0.024104895249629072 0.9997094347984341 0
vn 0.024104895249629072 0.9997094347984341 0
vn 0.024104895249629072 0.9997094347984341 0
vn 0.024104895249629072 0.9997094347984341 0
vn 0.024104895249629072 0.9997094347984341 0
vn 0.08114561464929083 0.9967022570573364 0
vn 0.08114561464929083 0.9967022570573364 0
vn 0.08114561464929083 0.9967022570573364 0
vn 0.08114561464929083 0.9967022570573364 0
vn 0.08114561464929083 0.9967022570573364 0
vn 0.08114561464929083 0.9967022570573364 0
vn 0.15218983517408574 0.9883512807042265 0
vn 0.15218983517408574 0.9883512807042265 0
vn 0.15218983517408574 0.9883512807042265 0
vn 0.15218983517408574 0.9883512807042265 0
vn 0.15218983517408574 0.9883512807042265 0
vn 0.15218983517408574 0.9883512807042265 0
vn 0.24008872146853238 0.9707509494322453 0
vn 0.24008872146853238 0.9707509494322453 0
vn 0.24008872146853238 0.9707509494322453 0
vn 0.24008872146853238 0.9707509494322453 0
vn 0.24008872146853238 0.9707509494322453 0
vn 0.24008872146853238 0.9707509494322453 0
vn 0.34670331211754096 0.9379748468731595 0
vn 0.34670331211754096 0.9379748468731595 0
vn 0.34670331211754096 0.9379748468731595 0
vn 0.34670331211754096 0.9379748468731595 0
vn 0.34670331211754096 0.9379748468731595 0
vn 0.34670331211754096 0.9379748468731595 0
vn 0.4707531813742176 0.882264950128958 0
vn 0.4707531813742176 0.882264950128958 0
vn 0.4707531813742176 0.882264950128958 0
vn 0.4707531813742176 0.882264950128958 0
vn 0.4707531813742176 0.882264950128958 0
vn 0.4707531813742176 0.882264950128958 0
vn 0.6048962231374971 0.7963043132082052 0
vn 0.6048962231374971 0.7963043132082052 0
vn 0.6048962231374971 0.7963043132082052 0
vn 0.6048962231374971 0.7963043132082052 0
vn 0.6048962231374971 0.7963043132082052 0
vn 0.6048962231374971 0.7963043132082052 0
vn 0.734644685724843 0.6784520511696068 0
vn 0.734644685724843 0.6784520511696068 0
vn 0.734644685724843 0.6784520511696068 0
vn 0.734644685724843 0.6784520511696068 0
vn 0.734644685724843 0.6784520511696068 0
vn 0.734644685724843 0.6784520511696068 0
vn 0.8430833631036369 0.5377828956538699 0
vn 0.8430833631036369 0.5377828956538699 0
vn 0.8430833631036369 0.5377828956538699 0
vn 0.8430833631036369 0.5377828956538699 0
vn 0.8430833631036369 0.5377828956538699 0
vn 0.8430833631036369 0.5377828956538699 0
vn 0.9199085115079246 0.39213305198015935 0
vn 0.9199085115079246 0.39213305198015935 0
vn 0.9199085115079246 0.39213305198015935 0
vn 0.9199085115079246 0.39213305198015935 0
vn 0.9199085115079246 0.39213305198015935 0
vn 0.9199085115079246 0.39213305198015935 0
vn 0.9658776971575895 0.25899859870963016 0
vn 0.9658776971575895 0.25899859870963016 0
vn 0.9658776971575895 0.25899859870963016 0
vn 0.9658776971575895 0.25899859870963016 0
vn 0.9658776971575895 0.25899859870963016 0
vn 0.9658776971575895 0.25899859870963016 0
vn 0.9889166304458071 0.1484718762180608 0
vn 0.9889166304458071 0.1484718762180608 0
vn 0.9889166304458071 0.1484718762180608 0
vn 0.9889166304458071 0.1484718762180608 0
vn 0.9889166304458071 0.1484718762180608 0
vn 0.9889166304458071 0.1484718762180608 0
vn 0 1 0
vn 0 1 0
vn 0 1 0
vn 0 1 0
vn 0 1 0
vn 0 1 0
vn -0.9930344876196636 -0.11782404847038679 0
vn -0.9930344876196636 -0.11782404847038679 0
vn -0.9930344876196636 -0.11782404847038679 0
vn -0.9930344876196636 -0.11782404847038679 0
vn -0.9930344876196636 -0.11782404847038679 0
vn -0.9930344876196636 -0.11782404847038679 0
vn 0 0 -1
vn 0 0 -1
vn 0 0 -1
vn 0 0 -1
vn 0 0 -1
vn 0 0 -1
vn 0 0 -1
vn 0 0 -1
vn 0 0 -1
vn 0 0 -1
vn 0 0 -1
vn 0 0 -1
vn 0 0 -1
vn 0 0 -1
vn 0 0 -1
vn 0 0 -1
vn 0 0 -1
vn 0 0 -1
vn 0 0 -1
vn 0 0 -1
vn 0 0 -1
vn 0 0 -1
vn 0 0 -1
vn 0 0 -1
vn 0 0 -1
vn 0 0 -1
vn 0 0 -1
vn 0 0 -1
vn 0 0 -1
vn 0 0 -1
vn 0 0 -1
vn 0 0 -1
vn 0 0 -1
vn 0 0 -1
vn 0 0 -1
vn 0 0 -1
vn 0 0 -1
vn 0 0 -1
vn 0 0 -1
vn 0 0 -1
vn 0 0 -1
vn 0 0 -1
vn 0 0 -1
vn 0 0 -1
vn 0 0 -1
vn 0 0 -1
vn 0 0 -1
vn 0 0 -1
vn 0 0 -1
vn 0 0 -1
vn 0 0 -1
vn 0 0 -1
vn 0 0 -1
vn 0 0 -1
vn 0 0 -1
vn 0 0 -1
vn 0 0 -1
vn 0 0 -1
vn 0 0 -1
vn 0 0 -1
vn 0 0 -1
vn 0 0 -1
vn 0 0 -1
vn 0 0 -1
vn 0 0 -1
vn 0 0 -1
vn 0 0 -1
vn 0 0 -1
vn 0 0 -1
vn 0 0 -1
vn 0 0 -1
vn 0 0 -1
vn 0 0 -1
vn 0 0 -1
vn 0 0 -1
vn 0 0 -1
vn 0 0 -1
vn 0 0 -1
vn 0 0 -1
vn 0 0 -1
vn 0 0 -1
vn 0 0 -1
vn 0 0 -1
vn 0 0 -1
vn 0 0 -1
vn 0 0 -1
vn 0 0 -1
vn 0 0 -1
vn 0 0 -1
vn 0 0 -1
vn 0 0 -1
vn 0 0 -1
vn 0 0 -1
vn 0 0 -1
vn 0 0 -1
vn 0 0 -1
vn 0 0 -1
vn 0 0 -1
vn 0 0 -1
vn 0 0 -1
vn 0 0 -1
vn 0 0 -1
vn 0 0 -1
vn 0 0 -1
vn 0 0 -1
vn 0 0 -1
vn 0 0 -1
vn 0 0 -1
vn 0 0 -1
vn 0 0 -1
vn 0 0 -1
vn 0 0 -1
vn 0 0 -1
vn 0 0 -1
vn 0 0 -1
vn 0 0 -1
vn 0 0 -1
vn 0 0 -1
vn 0 0 -1
vn 0 0 -1
vn 0 0 -1
vn 0 0 -1
vn 0 0 -1
vn 0 0 -1
vn 0 0 -1
vn 0 0 -1
vn 0 0 -1
vn 0 0 -1
vn 0 0 -1
vn 0 0 -1
vn 0 0 -1
vn 0 0 -1
vn 0 0 -1
vn 0 0 -1
vn 0 0 -1
vn 0 0 -1
vn 0 0 -1
vn 0 0 -1
vn 0 0 -1
vn 0 0 -1
vn 0 0 -1
vn 0 0 -1
vn 0 0 -1
vn 0 0 -1
vn 0 0 -1
vn 0 0 -1
vn 0 0 -1
vn 0 0 -1
vn 0 0 -1
vn 0 0 -1
vn 0 0 -1
vn 0 0 -1
vn 0 0 -1
vn 0 0 -1
vn 0 0 -1
vn 0 0 -1
vn 0 0 -1
vn 0 0 -1
vn 0 0 -1
vn 0 0 -1
vn 0 0 -1
vn 0 0 -1
vn 0 0 -1
vn 0 0 -1
vn 0 0 -1
vn 0 0 -1
vn 0 0 -1
vn 0 0 -1
vn 0 0 -1
vn 0 0 -1
vn 0 0 -1
vn 0 0 -1
vn 0 0 -1
vn 0 0 -1
vn 0 0 -1
vn 0 0 -1
vn 0 0 -1
vn 0 0 -1
vn 0 0 -1
vn 0 0 -1
vn 0 0 -1
vn 0 0 -1
vn 0 0 -1
vn 0 0 -1
vn 0 0 -1
vn 0 0 -1
vn 0 0 -1
vn 0 0 -1
vn 0 0 -1
vn 0 0 -1
vn 0 0 -1
vn 0 0 -1
vn 0 0 -1
vn 0 0 -1
vn 0 0 -1
vn 0 0 -1
vn 0 0 -1
vn 0 0 -1
vn 0 0 -1
vn 0 0 -1
vn 0 0 -1
vn 0 0 -1
vn 0 0 -1
vn 0 0 -1
vn 0 0 -1
vn 0 0 -1
vn 0 0 -1
vn 0 0 -1
vn 0 0 -1
vn 0 0 -1
vn 0 0 -1
vn 0 0 -1
vn 0 0 -1
vn 0 0 -1
vn 0 0 -1
vn 0 0 -1
vn 0 0 -1
vn 0 0 -1
vn 0 0 -1
vn 0 0 -1
vn 0 0 -1
vn 0 0 -1
vn 0 0 -1
vn 0 0 -1
vn 0 0 -1
vn 0 0 -1
vn 0 0 -1
vn 0 0 -1
vn 0 0 -1
vn 0 0 -1
vn 0 0 -1
vn 0 0 -1
vn 0 0 -1
vn 0 0 -1
vn 0 0 -1
vn 0 0 -1
vn 0 0 -1
vn 0 0 -1
vn 0 0 -1
vn 0 0 -1
vn 0 0 -1
vn 0 0 -1
vn 0 0 -1
vn 0 0 -1
vn 0 0 -1
vn 0 0 -1
vn 0 0 -1
vn 0 0 -1
vn 0 0 -1
vn 0 0 -1
vn 0 0 -1
vn 0 0 -1
vn 0 0 -1
vn 0 0 -1
vn 0 0 -1
vn 0 0 -1
vn 0 0 -1
vn 0 0 -1
vn 0 0 -1
vn 0 0 -1
vn 0 0 -1
vn 0 0 -1
vn 0 0 -1
vn 0 0 -1
vn 0 0 -1
vn 0 0 -1
vn 0 0 -1
vn 0 0 -1
vn 0 0 -1
vn 0 0 -1
vn 0 0 -1
vn 0 0 -1
vn 0 0 -1
vn 0 0 -1
vn 0 0 -1
vn 0 0 -1
vn 0 0 -1
vn 0 0 -1
vn 0 0 -1
vn 0 0 -1
vn 0 0 -1
vn 0 0 -1
vn 0 0 -1
vn 0 0 -1
vn 0 0 -1
vn 0 0 -1
vn 0 0 -1
vn 0 0 -1
vn 0 0 -1
vn 0 0 -1
vn 0 0 -1
vn 0 0 -1
vn 0 0 -1
vn 0 0 -1
vn 0 0 1
vn 0 0 1
vn 0 0 1
vn 0 0 1
vn 0 0 1
vn 0 0 1
vn 0 0 1
vn 0 0 1
vn 0 0 1
vn 0 0 1
vn 0 0 1
vn 0 0 1
vn 0 0 1
vn 0 0 1
vn 0 0 1
vn 0 0 1
vn 0 0 1
vn 0 0 1
vn 0 0 1
vn 0 0 1
vn 0 0 1
vn 0 0 1
vn 0 0 1
vn 0 0 1
vn 0 0 1
vn 0 0 1
vn 0 0 1
vn 0 0 1
vn 0 0 1
vn 0 0 1
vn 0 0 1
vn 0 0 1
vn 0 0 1
vn 0 0 1
vn 0 0 1
vn 0 0 1
vn 0 0 1
vn 0 0 1
vn 0 0 1
vn 0 0 1
vn 0 0 1
vn 0 0 1
vn 0 0 1
vn 0 0 1
vn 0 0 1
vn 0 0 1
vn 0 0 1
vn 0 0 1
vn 0 0 1
vn 0 0 1
vn 0 0 1
vn 0 0 1
vn 0 0 1
vn 0 0 1
vn 0 0 1
vn 0 0 1
vn 0 0 1
vn 0 0 1
vn 0 0 1
vn 0 0 1
vn 0 0 1
vn 0 0 1
vn 0 0 1
vn 0 0 1
vn 0 0 1
vn 0 0 1
vn 0 0 1
vn 0 0 1
vn 0 0 1
vn 0 0 1
vn 0 0 1
vn 0 0 1
vn 0 0 1
vn 0 0 1
vn 0 0 1
vn 0 0 1
vn 0 0 1
vn 0 0 1
vn 0 0 1
vn 0 0 1
vn 0 0 1
vn 0 0 1
vn 0 0 1
vn 0 0 1
vn 0 0 1
vn 0 0 1
vn 0 0 1
vn 0 0 1
vn 0 0 1
vn 0 0 1
vn 0 0 1
vn 0 0 1
vn 0 0 1
vn 0 0 1
vn 0 0 1
vn 0 0 1
vn 0 0 1
vn 0 0 1
vn 0 0 1
vn 0 0 1
vn 0 0 1
vn 0 0 1
vn 0 0 1
vn 0 0 1
vn 0 0 1
vn 0 0 1
vn 0 0 1
vn 0 0 1
vn 0 0 1
vn 0 0 1
vn 0 0 1
vn 0 0 1
vn 0 0 1
vn 0 0 1
vn 0 0 1
vn 0 0 1
vn 0 0 1
vn 0 0 1
vn 0 0 1
vn 0 0 1
vn 0 0 1
vn 0 0 1
vn 0 0 1
vn 0 0 1
vn 0 0 1
vn 0 0 1
vn 0 0 1
vn 0 0 1
vn 0 0 1
vn 0 0 1
vn 0 0 1
vn 0 0 1
vn 0 0 1
vn 0 0 1
vn 0 0 1
vn 0 0 1
vn 0 0 1
vn 0 0 1
vn 0 0 1
vn 0 0 1
vn 0 0 1
vn 0 0 1
vn 0 0 1
vn 0 0 1
vn 0 0 1
vn 0 0 1
vn 0 0 1
vn 0 0 1
vn 0 0 1
vn 0 0 1
vn 0 0 1
vn 0 0 1
vn 0 0 1
vn 0 0 1
vn 0 0 1
vn 0 0 1
vn 0 0 1
vn 0 0 1
vn 0 0 1
vn 0 0 1
vn 0 0 1
vn 0 0 1
vn 0 0 1
vn 0 0 1
vn 0 0 1
vn 0 0 1
vn 0 0 1
vn 0 0 1
vn 0 0 1
vn 0 0 1
vn 0 0 1
vn 0 0 1
vn 0 0 1
vn 0 0 1
vn 0 0 1
vn 0 0 1
vn 0 0 1
vn 0 0 1
vn 0 0 1
vn 0 0 1
vn 0 0 1
vn 0 0 1
vn 0 0 1
vn 0 0 1
vn 0 0 1
vn 0 0 1
vn 0 0 1
vn 0 0 1
vn 0 0 1
vn 0 0 1
vn 0 0 1
vn 0 0 1
vn 0 0 1
vn 0 0 1
vn 0 0 1
vn 0 0 1
vn 0 0 1
vn 0 0 1
vn 0 0 1
vn 0 0 1
vn 0 0 1
vn 0 0 1
vn 0 0 1
vn 0 0 1
vn 0 0 1
vn 0 0 1
vn 0 0 1
vn 0 0 1
vn 0 0 1
vn 0 0 1
vn 0 0 1
vn 0 0 1
vn 0 0 1
vn 0 0 1
vn 0 0 1
vn 0 0 1
vn 0 0 1
vn 0 0 1
vn 0 0 1
vn 0 0 1
vn 0 0 1
vn 0 0 1
vn 0 0 1
vn 0 0 1
vn 0 0 1
vn 0 0 1
vn 0 0 1
vn 0 0 1
vn 0 0 1
vn 0 0 1
vn 0 0 1
vn 0 0 1
vn 0 0 1
vn 0 0 1
vn 0 0 1
vn 0 0 1
vn 0 0 1
vn 0 0 1
vn 0 0 1
vn 0 0 1
vn 0 0 1
vn 0 0 1
vn 0 0 1
vn 0 0 1
vn 0 0 1
vn 0 0 1
vn 0 0 1
vn 0 0 1
vn 0 0 1
vn 0 0 1
vn 0 0 1
vn 0 0 1
vn 0 0 1
vn 0 0 1
vn 0 0 1
vn 0 0 1
vn 0 0 1
vn 0 0 1
vn 0 0 1
vn 0 0 1
vn 0 0 1
vn 0 0 1
vn 0 0 1
vn 0 0 1
vn 0 0 1
vn 0 0 1
vn 0 0 1
vn 0 0 1
vn 0 0 1
vn 0 0 1
vn 0 0 1
vn 0 0 1
vn 0 0 1
vn 0 0 1
vn 0 0 1
vn 0 0 1
vn 0 0 1
vn 0 0 1
vn 0 0 1
vn 0 0 1
vn 0 0 1
vn 0 0 1
vn 0 0 1
vn 0 0 1
vn 0 0 1
vn 0 0 1
vn 0 0 1
vn 0 0 1
vn 0 0 1
vn 0 0 1
vn 0 0 1
vn 0 0 1
vn 0 0 1
vn 0 0 1
vn 0.13520515223693938 -0.9908176254026703 0
vn 0.13520515223693938 -0.9908176254026703 0
vn 0.13520515223693938 -0.9908176254026703 0
vn 0.13520515223693938 -0.9908176254026703 0
vn 0.13520515223693938 -0.9908176254026703 0
vn 0.13520515223693938 -0.9908176254026703 0
vn 0.23636633229755016 -0.9716640144392525 0
vn 0.23636633229755016 -0.9716640144392525 0
vn 0.23636633229755016 -0.9716640144392525 0
vn 0.23636633229755016 -0.9716640144392525 0
vn 0.23636633229755016 -0.9716640144392525 0
vn 0.23636633229755016 -0.9716640144392525 0
vn 0.34517747621246486 -0.9385374312810295 0
vn 0.34517747621246486 -0.9385374312810295 0
vn 0.34517747621246486 -0.9385374312810295 0
vn 0.34517747621246486 -0.9385374312810295 0
vn 0.34517747621246486 -0.9385374312810295 0
vn 0.34517747621246486 -0.9385374312810295 0
vn 0.4593443790133704 -0.8882582628204599 0
vn 0.4593443790133704 -0.8882582628204599 0
vn 0.4593443790133704 -0.8882582628204599 0
vn 0.4593443790133704 -0.8882582628204599 0
vn 0.4593443790133704 -0.8882582628204599 0
vn 0.4593443790133704 -0.8882582628204599 0
vn 0.5749757865308791 -0.8181704253413202 0
vn 0.5749757865308791 -0.8181704253413202 0
vn 0.5749757865308791 -0.8181704253413202 0
vn 0.5749757865308791 -0.8181704253413202 0
vn 0.5749757865308791 -0.8181704253413202 0
vn 0.5749757865308791 -0.8181704253413202 0
vn 0.6866408949294334 -0.7269967547455126 0
vn 0.6866408949294334 -0.7269967547455126 0
vn 0.6866408949294334 -0.7269967547455126 0
vn 0.6866408949294334 -0.7269967547455126 0
vn 0.6866408949294334 -0.7269967547455126 0
vn 0.6866408949294334 -0.7269967547455126 0
vn 0.7879572614051081 -0.615729936091272 0
vn 0.7879572614051081 -0.615729936091272 0
vn 0.7879572614051081 -0.615729936091272 0
vn 0.7879572614051081 -0.615729936091272 0
vn 0.7879572614051081 -0.615729936091272 0
vn 0.7879572614051081 -0.615729936091272 0
vn 0.8728443411593181 -0.48799872551693807 0
vn 0.8728443411593181 -0.48799872551693807 0
vn 0.8728443411593181 -0.48799872551693807 0
vn 0.8728443411593181 -0.48799872551693807 0
vn 0.8728443411593181 -0.48799872551693807 0
vn 0.8728443411593181 -0.48799872551693807 0
vn 0.9368858561031685 -0.3496353709707201 0
vn 0.9368858561031685 -0.3496353709707201 0
vn 0.9368858561031685 -0.3496353709707201 0
vn 0.9368858561031685 -0.3496353709707201 0
vn 0.9368858561031685 -0.3496353709707201 0
vn 0.9368858561031685 -0.3496353709707201 0
vn 0.9782572752319872 -0.20739504202291778 0
vn 0.9782572752319872 -0.20739504202291778 0
vn 0.9782572752319872 -0.20739504202291778 0
vn 0.9782572752319872 -0.20739504202291778 0
vn 0.9782572752319872 -0.20739504202291778 0
vn 0.9782572752319872 -0.20739504202291778 0
vn 0.9977187647692688 -0.06750752867113732 0
vn 0.9977187647692688 -0.06750752867113732 0
vn 0.9977187647692688 -0.06750752867113732 0
vn 0.9977187647692688 -0.06750752867113732 0
vn 0.9977187647692688 -0.06750752867113732 0
vn 0.9977187647692688 -0.06750752867113732 0
vn 1 0 0
vn 1 0 0
vn 1 0 0
vn 1 0 0
vn 1 0 0
vn 1 0 0
vn 0.9977187647692688 0.06750752867113732 0
vn 0.9977187647692688 0.06750752867113732 0
vn 0.9977187647692688 0.06750752867113732 0
vn 0.9977187647692688 0.06750752867113732 0
vn 0.9977187647692688 0.06750752867113732 0
vn 0.9977187647692688 0.06750752867113732 0
vn 0.9782572752319872 0.20739504202291778 0
vn 0.9782572752319872 0.20739504202291778 0
vn 0.9782572752319872 0.20739504202291778 0
vn 0.9782572752319872 0.20739504202291778 0
vn 0.9782572752319872 0.20739504202291778 0
vn 0.9782572752319872 0.20739504202291778 0
vn 0.9368858561031685 0.3496353709707201 0
vn 0.9368858561031685 0.3496353709707201 0
vn 0.9368858561031685 0.3496353709707201 0
vn 0.9368858561031685 0.3496353709707201 0
vn 0.9368858561031685 0.3496353709707201 0
vn 0.9368858561031685 0.3496353709707201 0
vn 0.8728443411593181 0.48799872551693807 0
vn 0.8728443411593181 0.48799872551693807 0
vn 0.8728443411593181 0.48799872551693807 0
vn 0.8728443411593181 0.48799872551693807 0
vn 0.8728443411593181 0.48799872551693807 0
vn 0.8728443411593181 0.48799872551693807 0
vn 0.7879574963866962 0.6157296353822913 0
vn 0.7879574963866962 0.6157296353822913 0
vn 0.7879574963866962 0.6157296353822913 0
vn 0.7879574963866962 0.6157296353822913 0
vn 0.7879574963866962 0.6157296353822913 0
vn 0.7879574963866962 0.6157296353822913 0
vn 0.6866408949294334 0.7269967547455126 0
vn 0.6866408949294334 0.7269967547455126 0
vn 0.6866408949294334 0.7269967547455126 0
vn 0.6866408949294334 0.7269967547455126 0
vn 0.6866408949294334 0.7269967547455126 0
vn 0.6866408949294334 0.7269967547455126 0
vn 0.5749759623088302 0.8181703018119362 0
vn 0.5749759623088302 0.8181703018119362 0
vn 0.5749759623088302 0.8181703018119362 0
vn 0.5749759623088302 0.8181703018119362 0
vn 0.5749759623088302 0.8181703018119362 0
vn 0.5749759623088302 0.8181703018119362 0
vn 0.45934369227057364 0.8882586179549493 0
vn 0.45934369227057364 0.8882586179549493 0
vn 0.45934369227057364 0.8882586179549493 0
vn 0.45934369227057364 0.8882586179549493 0
vn 0.45934369227057364 0.8882586179549493 0
vn 0.45934369227057364 0.8882586179549493 0
vn 0.3451781309828538 0.9385371904677959 0
vn 0.3451781309828538 0.9385371904677959 0
vn 0.3451781309828538 0.9385371904677959 0
vn 0.3451781309828538 0.9385371904677959 0
vn 0.3451781309828538 0.9385371904677959 0
vn 0.3451781309828538 0.9385371904677959 0
vn 0.23636577031025313 0.971664151147731 0
vn 0.23636577031025313 0.971664151147731 0
vn 0.23636577031025313 0.971664151147731 0
vn 0.23636577031025313 0.971664151147731 0
vn 0.23636577031025313 0.971664151147731 0
vn 0.23636577031025313 0.971664151147731 0
vn 0.1352054886984372 0.9908175794896943 0
vn 0.1352054886984372 0.9908175794896943 0
vn 0.1352054886984372 0.9908175794896943 0
vn 0.1352054886984372 0.9908175794896943 0
vn 0.1352054886984372 0.9908175794896943 0
vn 0.1352054886984372 0.9908175794896943 0
vn 0.04271187541660993 0.9990874314585265 0
vn 0.04271187541660993 0.9990874314585265 0
vn 0.04271187541660993 0.9990874314585265 0
vn 0.04271187541660993 0.9990874314585265 0
vn 0.04271187541660993 0.9990874314585265 0
vn 0.04271187541660993 0.9990874314585265 0
vn -0.04271193491251619 0.9990874289150219 0
vn -0.04271193491251619 0.9990874289150219 0
vn -0.04271193491251619 0.9990874289150219 0
vn -0.04271193491251619 0.9990874289150219 0
vn -0.04271193491251619 0.9990874289150219 0
vn -0.04271193491251619 0.9990874289150219 0
vn -0.1352054886984372 0.9908175794896943 0
vn -0.1352054886984372 0.9908175794896943 0
vn -0.1352054886984372 0.9908175794896943 0
vn -0.1352054886984372 0.9908175794896943 0
vn -0.1352054886984372 0.9908175794896943 0
vn -0.1352054886984372 0.9908175794896943 0
vn -0.23636539121537284 0.9716642433657852 0
vn -0.23636539121537284 0.9716642433657852 0
vn -0.23636539121537284 0.9716642433657852 0
vn -0.23636539121537284 0.9716642433657852 0
vn -0.23636539121537284 0.9716642433657852 0
vn -0.23636539121537284 0.9716642433657852 0
vn -0.3451786876890984 0.9385369857204521 0
vn -0.3451786876890984 0.9385369857204521 0
vn -0.3451786876890984 0.9385369857204521 0
vn -0.3451786876890984 0.9385369857204521 0
vn -0.3451786876890984 0.9385369857204521 0
vn -0.3451786876890984 0.9385369857204521 0
vn -0.45934293498504847 0.8882590095683361 0
vn -0.45934293498504847 0.8882590095683361 0
vn -0.45934293498504847 0.8882590095683361 0
vn -0.45934293498504847 0.8882590095683361 0
vn -0.45934293498504847 0.8882590095683361 0
vn -0.45934293498504847 0.8882590095683361 0
vn -0.5749769091373337 0.8181696364195377 0
vn -0.5749769091373337 0.8181696364195377 0
vn -0.5749769091373337 0.8181696364195377 0
vn -0.5749769091373337 0.8181696364195377 0
vn -0.5749769091373337 0.8181696364195377 0
vn -0.5749769091373337 0.8181696364195377 0
vn -0.6866398518230964 0.7269977399472133 0
vn -0.6866398518230964 0.7269977399472133 0
vn -0.6866398518230964 0.7269977399472133 0
vn -0.6866398518230964 0.7269977399472133 0
vn -0.6866398518230964 0.7269977399472133 0
vn -0.6866398518230964 0.7269977399472133 0
vn -0.7879585393432534 0.615728300694427 0
vn -0.7879585393432534 0.615728300694427 0
vn -0.7879585393432534 0.615728300694427 0
vn -0.7879585393432534 0.615728300694427 0
vn -0.7879585393432534 0.615728300694427 0
vn -0.7879585393432534 0.615728300694427 0
vn -0.8728433904771916 0.4880004259222329 0
vn -0.8728433904771916 0.4880004259222329 0
vn -0.8728433904771916 0.4880004259222329 0
vn -0.8728433904771916 0.4880004259222329 0
vn -0.8728433904771916 0.4880004259222329 0
vn -0.8728433904771916 0.4880004259222329 0
vn -0.9368858561031685 0.3496353709707201 0
vn -0.9368858561031685 0.3496353709707201 0
vn -0.9368858561031685 0.3496353709707201 0
vn -0.9368858561031685 0.3496353709707201 0
vn -0.9368858561031685 0.3496353709707201 0
vn -0.9368858561031685 0.3496353709707201 0
vn -0.9782581606440686 0.20739086559750858 0
vn -0.9782581606440686 0.20739086559750858 0
vn -0.9782581606440686 0.20739086559750858 0
vn -0.9782581606440686 0.20739086559750858 0
vn -0.9782581606440686 0.20739086559750858 0
vn -0.9782581606440686 0.20739086559750858 0
vn -0.9977187647692688 0.06750752867113732 0
vn -0.9977187647692688 0.06750752867113732 0
vn -0.9977187647692688 0.06750752867113732 0
vn -0.9977187647692688 0.06750752867113732 0
vn -0.9977187647692688 0.06750752867113732 0
vn -0.9977187647692688 0.06750752867113732 0
vn -1 0 0
vn -1 0 0
vn -1 0 0
vn -1 0 0
vn -1 0 0
vn -1 0 0
vn -0.9977187647692688 -0.06750752867113732 0
vn -0.9977187647692688 -0.06750752867113732 0
vn -0.9977187647692688 -0.06750752867113732 0
vn -0.9977187647692688 -0.06750752867113732 0
vn -0.9977187647692688 -0.06750752867113732 0
vn -0.9977187647692688 -0.06750752867113732 0
vn -0.9782581606440686 -0.20739086559750858 0
vn -0.9782581606440686 -0.20739086559750858 0
vn -0.9782581606440686 -0.20739086559750858 0
vn -0.9782581606440686 -0.20739086559750858 0
vn -0.9782581606440686 -0.20739086559750858 0
vn -0.9782581606440686 -0.20739086559750858 0
vn -0.9368858561031685 -0.3496353709707201 0
vn -0.9368858561031685 -0.3496353709707201 0
vn -0.9368858561031685 -0.3496353709707201 0
vn -0.9368858561031685 -0.3496353709707201 0
vn -0.9368858561031685 -0.3496353709707201 0
vn -0.9368858561031685 -0.3496353709707201 0
vn -0.8728433904771916 -0.4880004259222329 0
vn -0.8728433904771916 -0.4880004259222329 0
vn -0.8728433904771916 -0.4880004259222329 0
vn -0.8728433904771916 -0.4880004259222329 0
vn -0.8728433904771916 -0.4880004259222329 0
vn -0.8728433904771916 -0.4880004259222329 0
vn -0.7879583332804816 -0.6157285643965574 0
vn -0.7879583332804816 -0.6157285643965574 0
vn -0.7879583332804816 -0.6157285643965574 0
vn -0.7879583332804816 -0.6157285643965574 0
vn -0.7879583332804816 -0.6157285643965574 0
vn -0.7879583332804816 -0.6157285643965574 0
vn -0.6866398518230964 -0.7269977399472133 0
vn -0.6866398518230964 -0.7269977399472133 0
vn -0.6866398518230964 -0.7269977399472133 0
vn -0.6866398518230964 -0.7269977399472133 0
vn -0.6866398518230964 -0.7269977399472133 0
vn -0.6866398518230964 -0.7269977399472133 0
vn -0.5749767333595327 -0.8181697599491202 0
vn -0.5749767333595327 -0.8181697599491202 0
vn -0.5749767333595327 -0.8181697599491202 0
vn -0.5749767333595327 -0.8181697599491202 0
vn -0.5749767333595327 -0.8181697599491202 0
vn -0.5749767333595327 -0.8181697599491202 0
vn -0.4593436217281721 -0.8882586544344198 0
vn -0.4593436217281721 -0.8882586544344198 0
vn -0.4593436217281721 -0.8882586544344198 0
vn -0.4593436217281721 -0.8882586544344198 0
vn -0.4593436217281721 -0.8882586544344198 0
vn -0.4593436217281721 -0.8882586544344198 0
vn -0.3451780329188717 -0.9385372265340668 0
vn -0.3451780329188717 -0.9385372265340668 0
vn -0.3451780329188717 -0.9385372265340668 0
vn -0.3451780329188717 -0.9385372265340668 0
vn -0.3451780329188717 -0.9385372265340668 0
vn -0.3451780329188717 -0.9385372265340668 0
vn -0.23636595320271442 -0.9716641066575282 0
vn -0.23636595320271442 -0.9716641066575282 0
vn -0.23636595320271442 -0.9716641066575282 0
vn -0.23636595320271442 -0.9716641066575282 0
vn -0.23636595320271442 -0.9716641066575282 0
vn -0.23636595320271442 -0.9716641066575282 0
vn -0.13520515223693938 -0.9908176254026703 0
vn -0.13520515223693938 -0.9908176254026703 0
vn -0.13520515223693938 -0.9908176254026703 0
vn -0.13520515223693938 -0.9908176254026703 0
vn -0.13520515223693938 -0.9908176254026703 0
vn -0.13520515223693938 -0.9908176254026703 0
vn -0.04271233161641364 -0.9990874119554753 0
vn -0.04271233161641364 -0.9990874119554753 0
vn -0.04271233161641364 -0.9990874119554753 0
vn -0.04271233161641364 -0.9990874119554753 0
vn -0.04271233161641364 -0.9990874119554753 0
vn -0.04271233161641364 -0.9990874119554753 0
vn 0.04271227212050686 -0.9990874144990035 0
vn 0.04271227212050686 -0.9990874144990035 0
vn 0.04271227212050686 -0.9990874144990035 0
vn 0.04271227212050686 -0.9990874144990035 0
vn 0.04271227212050686 -0.9990874144990035 0
vn 0.04271227212050686 -0.9990874144990035 0
vn 0.11950892816525993 0.9928331260029505 0
vn 0.11950892816525993 0.9928331260029505 0
vn 0.11950892816525993 0.9928331260029505 0
vn 0.11950892816525993 0.9928331260029505 0
vn 0.11950892816525993 0.9928331260029505 0
vn 0.11950892816525993 0.9928331260029505 0
vn 0.21458006275959013 0.9767064024905797 0
vn 0.21458006275959013 0.9767064024905797 0
vn 0.21458006275959013 0.9767064024905797 0
vn 0.21458006275959013 0.9767064024905797 0
vn 0.21458006275959013 0.9767064024905797 0
vn 0.21458006275959013 0.9767064024905797 0
vn 0.32223265926928213 0.9466605058310221 0
vn 0.32223265926928213 0.9466605058310221 0
vn 0.32223265926928213 0.9466605058310221 0
vn 0.32223265926928213 0.9466605058310221 0
vn 0.32223265926928213 0.9466605058310221 0
vn 0.32223265926928213 0.9466605058310221 0
vn 0.44067325744456526 0.8976675777665114 0
vn 0.44067325744456526 0.8976675777665114 0
vn 0.44067325744456526 0.8976675777665114 0
vn 0.44067325744456526 0.8976675777665114 0
vn 0.44067325744456526 0.8976675777665114 0
vn 0.44067325744456526 0.8976675777665114 0
vn 0.565076066704506 0.8250388105039451 0
vn 0.565076066704506 0.8250388105039451 0
vn 0.565076066704506 0.8250388105039451 0
vn 0.565076066704506 0.8250388105039451 0
vn 0.565076066704506 0.8250388105039451 0
vn 0.565076066704506 0.8250388105039451 0
vn 0.687213427760524 0.7264555765534674 0
vn 0.687213427760524 0.7264555765534674 0
vn 0.687213427760524 0.7264555765534674 0
vn 0.687213427760524 0.7264555765534674 0
vn 0.687213427760524 0.7264555765534674 0
vn 0.687213427760524 0.7264555765534674 0
vn 0.7967941574834975 0.6042508341741559 0
vn 0.7967941574834975 0.6042508341741559 0
vn 0.7967941574834975 0.6042508341741559 0
vn 0.7967941574834975 0.6042508341741559 0
vn 0.7967941574834975 0.6042508341741559 0
vn 0.7967941574834975 0.6042508341741559 0
vn 0.8847477035236828 0.466070274861602 0
vn 0.8847477035236828 0.466070274861602 0
vn 0.8847477035236828 0.466070274861602 0
vn 0.8847477035236828 0.466070274861602 0
vn 0.8847477035236828 0.466070274861602 0
vn 0.8847477035236828 0.466070274861602 0
vn 0.9464961995049036 0.32271495831890673 0
vn 0.9464961995049036 0.32271495831890673 0
vn 0.9464961995049036 0.32271495831890673 0
vn 0.9464961995049036 0.32271495831890673 0
vn 0.9464961995049036 0.32271495831890673 0
vn 0.9464961995049036 0.32271495831890673 0
vn 0.9828575460574517 0.18436660260991947 0
vn 0.9828575460574517 0.18436660260991947 0
vn 0.9828575460574517 0.18436660260991947 0
vn 0.9828575460574517 0.18436660260991947 0
vn 0.9828575460574517 0.18436660260991947 0
vn 0.9828575460574517 0.18436660260991947 0
vn 0.9983244025304114 0.057865251337023374 0
vn 0.9983244025304114 0.057865251337023374 0
vn 0.9983244025304114 0.057865251337023374 0
vn 0.9983244025304114 0.057865251337023374 0
vn 0.9983244025304114 0.057865251337023374 0
vn 0.9983244025304114 0.057865251337023374 0
vn 0.9983244048976511 -0.05786521049604047 0
vn 0.9983244048976511 -0.05786521049604047 0
vn 0.9983244048976511 -0.05786521049604047 0
vn 0.9983244048976511 -0.05786521049604047 0
vn 0.9983244048976511 -0.05786521049604047 0
vn 0.9983244048976511 -0.05786521049604047 0
vn 0.9828575460574517 -0.18436660260991947 0
vn 0.9828575460574517 -0.18436660260991947 0
vn 0.9828575460574517 -0.18436660260991947 0
vn 0.9828575460574517 -0.18436660260991947 0
vn 0.9828575460574517 -0.18436660260991947 0
vn 0.9828575460574517 -0.18436660260991947 0
vn 0.9464961995049036 -0.32271495831890673 0
vn 0.9464961995049036 -0.32271495831890673 0
vn 0.9464961995049036 -0.32271495831890673 0
vn 0.9464961995049036 -0.32271495831890673 0
vn 0.9464961995049036 -0.32271495831890673 0
vn 0.9464961995049036 -0.32271495831890673 0
vn 0.8847478652571102 -0.46606996784065197 0
vn 0.8847478652571102 -0.46606996784065197 0
vn 0.8847478652571102 -0.46606996784065197 0
vn 0.8847478652571102 -0.46606996784065197 0
vn 0.8847478652571102 -0.46606996784065197 0
vn 0.8847478652571102 -0.46606996784065197 0
vn 0.7967940061027046 -0.6042510337920848 0
vn 0.7967940061027046 -0.6042510337920848 0
vn 0.7967940061027046 -0.6042510337920848 0
vn 0.7967940061027046 -0.6042510337920848 0
vn 0.7967940061027046 -0.6042510337920848 0
vn 0.7967940061027046 -0.6042510337920848 0
vn 0.687213427760524 -0.7264555765534674 0
vn 0.687213427760524 -0.7264555765534674 0
vn 0.687213427760524 -0.7264555765534674 0
vn 0.687213427760524 -0.7264555765534674 0
vn 0.687213427760524 -0.7264555765534674 0
vn 0.687213427760524 -0.7264555765534674 0
vn 0.5650755753970034 -0.8250391470043985 0
vn 0.5650755753970034 -0.8250391470043985 0
vn 0.5650755753970034 -0.8250391470043985 0
vn 0.5650755753970034 -0.8250391470043985 0
vn 0.5650755753970034 -0.8250391470043985 0
vn 0.5650755753970034 -0.8250391470043985 0
vn 0.4406738076045564 -0.8976673076877103 0
vn 0.4406738076045564 -0.8976673076877103 0
vn 0.4406738076045564 -0.8976673076877103 0
vn 0.4406738076045564 -0.8976673076877103 0
vn 0.4406738076045564 -0.8976673076877103 0
vn 0.4406738076045564 -0.8976673076877103 0
vn 0.3222321239819859 -0.9466606880366681 0
vn 0.3222321239819859 -0.9466606880366681 0
vn 0.3222321239819859 -0.9466606880366681 0
vn 0.3222321239819859 -0.9466606880366681 0
vn 0.3222321239819859 -0.9466606880366681 0
vn 0.3222321239819859 -0.9466606880366681 0
vn 0.21458044484273642 -0.9767063185477471 0
vn 0.21458044484273642 -0.9767063185477471 0
vn 0.21458044484273642 -0.9767063185477471 0
vn 0.21458044484273642 -0.9767063185477471 0
vn 0.21458044484273642 -0.9767063185477471 0
vn 0.21458044484273642 -0.9767063185477471 0
vn 0.11950892816525993 -0.9928331260029505 0
vn 0.11950892816525993 -0.9928331260029505 0
vn 0.11950892816525993 -0.9928331260029505 0
vn 0.11950892816525993 -0.9928331260029505 0
vn 0.11950892816525993 -0.9928331260029505 0
vn 0.11950892816525993 -0.9928331260029505 0
vn 0.03686812111696814 -0.9993201397176507 0
vn 0.03686812111696814 -0.9993201397176507 0
vn 0.03686812111696814 -0.9993201397176507 0
vn 0.03686812111696814 -0.9993201397176507 0
vn 0.03686812111696814 -0.9993201397176507 0
vn 0.03686812111696814 -0.9993201397176507 0
vn -0.03686805415288854 -0.9993201421881676 0
vn -0.03686805415288854 -0.9993201421881676 0
vn -0.03686805415288854 -0.9993201421881676 0
vn -0.03686805415288854 -0.9993201421881676 0
vn -0.03686805415288854 -0.9993201421881676 0
vn -0.03686805415288854 -0.9993201421881676 0
vn -0.11950917025088995 -0.9928330968626822 0
vn -0.11950917025088995 -0.9928330968626822 0
vn -0.11950917025088995 -0.9928330968626822 0
vn -0.11950917025088995 -0.9928330968626822 0
vn -0.11950917025088995 -0.9928330968626822 0
vn -0.11950917025088995 -0.9928330968626822 0
vn -0.21457952603390817 -0.9767065204077751 0
vn -0.21457952603390817 -0.9767065204077751 0
vn -0.21457952603390817 -0.9767065204077751 0
vn -0.21457952603390817 -0.9767065204077751 0
vn -0.21457952603390817 -0.9767065204077751 0
vn -0.21457952603390817 -0.9767065204077751 0
vn -0.3222335963044929 -0.9466601868741883 0
vn -0.3222335963044929 -0.9466601868741883 0
vn -0.3222335963044929 -0.9466601868741883 0
vn -0.3222335963044929 -0.9466601868741883 0
vn -0.3222335963044929 -0.9466601868741883 0
vn -0.3222335963044929 -0.9466601868741883 0
vn -0.4406738076045564 -0.8976673076877103 0
vn -0.4406738076045564 -0.8976673076877103 0
vn -0.4406738076045564 -0.8976673076877103 0
vn -0.4406738076045564 -0.8976673076877103 0
vn -0.4406738076045564 -0.8976673076877103 0
vn -0.4406738076045564 -0.8976673076877103 0
vn -0.565074265982789 -0.8250400438306085 0
vn -0.565074265982789 -0.8250400438306085 0
vn -0.565074265982789 -0.8250400438306085 0
vn -0.565074265982789 -0.8250400438306085 0
vn -0.565074265982789 -0.8250400438306085 0
vn -0.565074265982789 -0.8250400438306085 0
vn -0.6872148985474031 -0.7264541852136874 0
vn -0.6872148985474031 -0.7264541852136874 0
vn -0.6872148985474031 -0.7264541852136874 0
vn -0.6872148985474031 -0.7264541852136874 0
vn -0.6872148985474031 -0.7264541852136874 0
vn -0.6872148985474031 -0.7264541852136874 0
vn -0.7967940061027046 -0.6042510337920848 0
vn -0.7967940061027046 -0.6042510337920848 0
vn -0.7967940061027046 -0.6042510337920848 0
vn -0.7967940061027046 -0.6042510337920848 0
vn -0.7967940061027046 -0.6042510337920848 0
vn -0.7967940061027046 -0.6042510337920848 0
vn -0.8847478652571102 -0.46606996784065197 0
vn -0.8847478652571102 -0.46606996784065197 0
vn -0.8847478652571102 -0.46606996784065197 0
vn -0.8847478652571102 -0.46606996784065197 0
vn -0.8847478652571102 -0.46606996784065197 0
vn -0.8847478652571102 -0.46606996784065197 0
vn -0.9464943502966616 -0.3227203818423931 0
vn -0.9464943502966616 -0.3227203818423931 0
vn -0.9464943502966616 -0.3227203818423931 0
vn -0.9464943502966616 -0.3227203818423931 0
vn -0.9464943502966616 -0.3227203818423931 0
vn -0.9464943502966616 -0.3227203818423931 0
vn -0.982858603178305 -0.18436096701414664 0
vn -0.982858603178305 -0.18436096701414664 0
vn -0.982858603178305 -0.18436096701414664 0
vn -0.982858603178305 -0.18436096701414664 0
vn -0.982858603178305 -0.18436096701414664 0
vn -0.982858603178305 -0.18436096701414664 0
vn -0.9983242441836486 -0.05786798316121697 0
vn -0.9983242441836486 -0.05786798316121697 0
vn -0.9983242441836486 -0.05786798316121697 0
vn -0.9983242441836486 -0.05786798316121697 0
vn -0.9983242441836486 -0.05786798316121697 0
vn -0.9983242441836486 -0.05786798316121697 0
vn -0.998324241816296 0.05786802400218746 0
vn -0.998324241816296 0.05786802400218746 0
vn -0.998324241816296 0.05786802400218746 0
vn -0.998324241816296 0.05786802400218746 0
vn -0.998324241816296 0.05786802400218746 0
vn -0.998324241816296 0.05786802400218746 0
vn -0.982858603178305 0.18436096701414664 0
vn -0.982858603178305 0.18436096701414664 0
vn -0.982858603178305 0.18436096701414664 0
vn -0.982858603178305 0.18436096701414664 0
vn -0.982858603178305 0.18436096701414664 0
vn -0.982858603178305 0.18436096701414664 0
vn -0.9464943502966616 0.3227203818423931 0
vn -0.9464943502966616 0.3227203818423931 0
vn -0.9464943502966616 0.3227203818423931 0
vn -0.9464943502966616 0.3227203818423931 0
vn -0.9464943502966616 0.3227203818423931 0
vn -0.9464943502966616 0.3227203818423931 0
vn -0.8847477035236828 0.466070274861602 0
vn -0.8847477035236828 0.466070274861602 0
vn -0.8847477035236828 0.466070274861602 0
vn -0.8847477035236828 0.466070274861602 0
vn -0.8847477035236828 0.466070274861602 0
vn -0.8847477035236828 0.466070274861602 0
vn -0.7967941574834975 0.6042508341741559 0
vn -0.7967941574834975 0.6042508341741559 0
vn -0.7967941574834975 0.6042508341741559 0
vn -0.7967941574834975 0.6042508341741559 0
vn -0.7967941574834975 0.6042508341741559 0
vn -0.7967941574834975 0.6042508341741559 0
vn -0.6872148985474031 0.7264541852136874 0
vn -0.6872148985474031 0.7264541852136874 0
vn -0.6872148985474031 0.7264541852136874 0
vn -0.6872148985474031 0.7264541852136874 0
vn -0.6872148985474031 0.7264541852136874 0
vn -0.6872148985474031 0.7264541852136874 0
vn -0.5650747572907937 0.8250397073309567 0
vn -0.5650747572907937 0.8250397073309567 0
vn -0.5650747572907937 0.8250397073309567 0
vn -0.5650747572907937 0.8250397073309567 0
vn -0.5650747572907937 0.8250397073309567 0
vn -0.5650747572907937 0.8250397073309567 0
vn -0.44067325744456526 0.8976675777665114 0
vn -0.44067325744456526 0.8976675777665114 0
vn -0.44067325744456526 0.8976675777665114 0
vn -0.44067325744456526 0.8976675777665114 0
vn -0.44067325744456526 0.8976675777665114 0
vn -0.44067325744456526 0.8976675777665114 0
vn -0.3222341315915205 0.9466600046677047 0
vn -0.3222341315915205 0.9466600046677047 0
vn -0.3222341315915205 0.9466600046677047 0
vn -0.3222341315915205 0.9466600046677047 0
vn -0.3222341315915205 0.9466600046677047 0
vn -0.3222341315915205 0.9466600046677047 0
vn -0.2145791314586581 0.9767066070947038 0
vn -0.2145791314586581 0.9767066070947038 0
vn -0.2145791314586581 0.9767066070947038 0
vn -0.2145791314586581 0.9767066070947038 0
vn -0.2145791314586581 0.9767066070947038 0
vn -0.2145791314586581 0.9767066070947038 0
vn -0.11950917025088995 0.9928330968626822 0
vn -0.11950917025088995 0.9928330968626822 0
vn -0.11950917025088995 0.9928330968626822 0
vn -0.11950917025088995 0.9928330968626822 0
vn -0.11950917025088995 0.9928330968626822 0
vn -0.11950917025088995 0.9928330968626822 0
vn -0.03686850430030293 0.9993201255807163 0
vn -0.03686850430030293 0.9993201255807163 0
vn -0.03686850430030293 0.9993201255807163 0
vn -0.03686850430030293 0.9993201255807163 0
vn -0.03686850430030293 0.9993201255807163 0
vn -0.03686850430030293 0.9993201255807163 0
vn 0.036868571264379195 0.9993201231101692 0
vn 0.036868571264379195 0.9993201231101692 0
vn 0.036868571264379195 0.9993201231101692 0
vn 0.036868571264379195 0.9993201231101692 0
vn 0.036868571264379195 0.9993201231101692 0
vn 0.036868571264379195 0.9993201231101692 0
vn 0 0 -1
vn 0 0 -1
vn 0 0 -1
vn 0 0 -1
vn 0 0 -1
vn 0 0 -1
vn 0 0 -1
vn 0 0 -1
vn 0 0 -1
vn 0 0 -1
vn 0 0 -1
vn 0 0 -1
vn 0 0 -1
vn 0 0 -1
vn 0 0 -1
vn 0 0 -1
vn 0 0 -1
vn 0 0 -1
vn 0 0 -1
vn 0 0 -1
vn 0 0 -1
vn 0 0 -1
vn 0 0 -1
vn 0 0 -1
vn 0 0 -1
vn 0 0 -1
vn 0 0 -1
vn 0 0 -1
vn 0 0 -1
vn 0 0 -1
vn 0 0 -1
vn 0 0 -1
vn 0 0 -1
vn 0 0 -1
vn 0 0 -1
vn 0 0 -1
vn 0 0 -1
vn 0 0 -1
vn 0 0 -1
vn 0 0 -1
vn 0 0 -1
vn 0 0 -1
vn 0 0 -1
vn 0 0 -1
vn 0 0 -1
vn 0 0 -1
vn 0 0 -1
vn 0 0 -1
vn 0 0 -1
vn 0 0 -1
vn 0 0 -1
vn 0 0 -1
vn 0 0 -1
vn 0 0 -1
vn 0 0 -1
vn 0 0 -1
vn 0 0 -1
vn 0 0 -1
vn 0 0 -1
vn 0 0 -1
vn 0 0 -1
vn 0 0 -1
vn 0 0 -1
vn 0 0 -1
vn 0 0 -1
vn 0 0 -1
vn 0 0 -1
vn 0 0 -1
vn 0 0 -1
vn 0 0 -1
vn 0 0 -1
vn 0 0 -1
vn 0 0 -1
vn 0 0 -1
vn 0 0 -1
vn 0 0 -1
vn 0 0 -1
vn 0 0 -1
vn 0 0 -1
vn 0 0 -1
vn 0 0 -1
vn 0 0 -1
vn 0 0 -1
vn 0 0 -1
vn 0 0 -1
vn 0 0 -1
vn 0 0 -1
vn 0 0 -1
vn 0 0 -1
vn 0 0 -1
vn 0 0 -1
vn 0 0 -1
vn 0 0 -1
vn 0 0 -1
vn 0 0 -1
vn 0 0 -1
vn 0 0 -1
vn 0 0 -1
vn 0 0 -1
vn 0 0 -1
vn 0 0 -1
vn 0 0 -1
vn 0 0 -1
vn 0 0 -1
vn 0 0 -1
vn 0 0 -1
vn 0 0 -1
vn 0 0 -1
vn 0 0 -1
vn 0 0 -1
vn 0 0 -1
vn 0 0 -1
vn 0 0 -1
vn 0 0 -1
vn 0 0 -1
vn 0 0 -1
vn 0 0 -1
vn 0 0 -1
vn 0 0 -1
vn 0 0 -1
vn 0 0 -1
vn 0 0 -1
vn 0 0 -1
vn 0 0 -1
vn 0 0 -1
vn 0 0 -1
vn 0 0 -1
vn 0 0 -1
vn 0 0 -1
vn 0 0 -1
vn 0 0 -1
vn 0 0 -1
vn 0 0 -1
vn 0 0 -1
vn 0 0 -1
vn 0 0 -1
vn 0 0 -1
vn 0 0 -1
vn 0 0 -1
vn 0 0 -1
vn 0 0 -1
vn 0 0 -1
vn 0 0 -1
vn 0 0 -1
vn 0 0 -1
vn 0 0 -1
vn 0 0 -1
vn 0 0 -1
vn 0 0 -1
vn 0 0 -1
vn 0 0 -1
vn 0 0 -1
vn 0 0 -1
vn 0 0 -1
vn 0 0 -1
vn 0 0 -1
vn 0 0 1
vn 0 0 1
vn 0 0 1
vn 0 0 1
vn 0 0 1
vn 0 0 1
vn 0 0 1
vn 0 0 1
vn 0 0 1
vn 0 0 1
vn 0 0 1
vn 0 0 1
vn 0 0 1
vn 0 0 1
vn 0 0 1
vn 0 0 1
vn 0 0 1
vn 0 0 1
vn 0 0 1
vn 0 0 1
vn 0 0 1
vn 0 0 1
vn 0 0 1
vn 0 0 1
vn 0 0 1
vn 0 0 1
vn 0 0 1
vn 0 0 1
vn 0 0 1
vn 0 0 1
vn 0 0 1
vn 0 0 1
vn 0 0 1
vn 0 0 1
vn 0 0 1
vn 0 0 1
vn 0 0 1
vn 0 0 1
vn 0 0 1
vn 0 0 1
vn 0 0 1
vn 0 0 1
vn 0 0 1
vn 0 0 1
vn 0 0 1
vn 0 0 1
vn 0 0 1
vn 0 0 1
vn 0 0 1
vn 0 0 1
vn 0 0 1
vn 0 0 1
vn 0 0 1
vn 0 0 1
vn 0 0 1
vn 0 0 1
vn 0 0 1
vn 0 0 1
vn 0 0 1
vn 0 0 1
vn 0 0 1
vn 0 0 1
vn 0 0 1
vn 0 0 1
vn 0 0 1
vn 0 0 1
vn 0 0 1
vn 0 0 1
vn 0 0 1
vn 0 0 1
vn 0 0 1
vn 0 0 1
vn 0 0 1
vn 0 0 1
vn 0 0 1
vn 0 0 1
vn 0 0 1
vn 0 0 1
vn 0 0 1
vn 0 0 1
vn 0 0 1
vn 0 0 1
vn 0 0 1
vn 0 0 1
vn 0 0 1
vn 0 0 1
vn 0 0 1
vn 0 0 1
vn 0 0 1
vn 0 0 1
vn 0 0 1
vn 0 0 1
vn 0 0 1
vn 0 0 1
vn 0 0 1
vn 0 0 1
vn 0 0 1
vn 0 0 1
vn 0 0 1
vn 0 0 1
vn 0 0 1
vn 0 0 1
vn 0 0 1
vn 0 0 1
vn 0 0 1
vn 0 0 1
vn 0 0 1
vn 0 0 1
vn 0 0 1
vn 0 0 1
vn 0 0 1
vn 0 0 1
vn 0 0 1
vn 0 0 1
vn 0 0 1
vn 0 0 1
vn 0 0 1
vn 0 0 1
vn 0 0 1
vn 0 0 1
vn 0 0 1
vn 0 0 1
vn 0 0 1
vn 0 0 1
vn 0 0 1
vn 0 0 1
vn 0 0 1
vn 0 0 1
vn 0 0 1
vn 0 0 1
vn 0 0 1
vn 0 0 1
vn 0 0 1
vn 0 0 1
vn 0 0 1
vn 0 0 1
vn 0 0 1
vn 0 0 1
vn 0 0 1
vn 0 0 1
vn 0 0 1
vn 0 0 1
vn 0 0 1
vn 0 0 1
vn 0 0 1
vn 0 0 1
vn 0 0 1
vn 0 0 1
vn 0 0 1
vn 0 0 1
vn 0 0 1
vn 0 0 1
vn 0 0 1
vn 0 0 1
vn 0 0 1
vn 0 0 1
vn -0.12223331085374028 0.9925013943152589 0
vn -0.12223331085374028 0.9925013943152589 0
vn -0.12223331085374028 0.9925013943152589 0
vn -0.12223331085374028 0.9925013943152589 0
vn -0.12223331085374028 0.9925013943152589 0
vn -0.12223331085374028 0.9925013943152589 0
vn -0.2132387183364696 0.9770001274320385 0
vn -0.2132387183364696 0.9770001274320385 0
vn -0.2132387183364696 0.9770001274320385 0
vn -0.2132387183364696 0.9770001274320385 0
vn -0.2132387183364696 0.9770001274320385 0
vn -0.2132387183364696 0.9770001274320385 0
vn -0.31055609327746586 0.9505550551799922 0
vn -0.31055609327746586 0.9505550551799922 0
vn -0.31055609327746586 0.9505550551799922 0
vn -0.31055609327746586 0.9505550551799922 0
vn -0.31055609327746586 0.9505550551799922 0
vn -0.31055609327746586 0.9505550551799922 0
vn -0.4118703232080706 0.9112424687537778 0
vn -0.4118703232080706 0.9112424687537778 0
vn -0.4118703232080706 0.9112424687537778 0
vn -0.4118703232080706 0.9112424687537778 0
vn -0.4118703232080706 0.9112424687537778 0
vn -0.4118703232080706 0.9112424687537778 0
vn -0.5137665871711531 0.8579300052489748 0
vn -0.5137665871711531 0.8579300052489748 0
vn -0.5137665871711531 0.8579300052489748 0
vn -0.5137665871711531 0.8579300052489748 0
vn -0.5137665871711531 0.8579300052489748 0
vn -0.5137665871711531 0.8579300052489748 0
vn -0.6120793095794578 0.790796382632555 0
vn -0.6120793095794578 0.790796382632555 0
vn -0.6120793095794578 0.790796382632555 0
vn -0.6120793095794578 0.790796382632555 0
vn -0.6120793095794578 0.790796382632555 0
vn -0.6120793095794578 0.790796382632555 0
vn -0.7025446816693012 0.7116396351090769 0
vn -0.7025446816693012 0.7116396351090769 0
vn -0.7025446816693012 0.7116396351090769 0
vn -0.7025446816693012 0.7116396351090769 0
vn -0.7025446816693012 0.7116396351090769 0
vn -0.7025446816693012 0.7116396351090769 0
vn -0.7816646033689161 0.6236990042000349 0
vn -0.7816646033689161 0.6236990042000349 0
vn -0.7816646033689161 0.6236990042000349 0
vn -0.7816646033689161 0.6236990042000349 0
vn -0.7816646033689161 0.6236990042000349 0
vn -0.7816646033689161 0.6236990042000349 0
vn -0.847360447068899 0.5310181472823651 0
vn -0.847360447068899 0.5310181472823651 0
vn -0.847360447068899 0.5310181472823651 0
vn -0.847360447068899 0.5310181472823651 0
vn -0.847360447068899 0.5310181472823651 0
vn -0.847360447068899 0.5310181472823651 0
vn -0.8991411254242899 0.43765881297049336 0
vn -0.8991411254242899 0.43765881297049336 0
vn -0.8991411254242899 0.43765881297049336 0
vn -0.8991411254242899 0.43765881297049336 0
vn -0.8991411254242899 0.43765881297049336 0
vn -0.8991411254242899 0.43765881297049336 0
vn -0.9378630253789058 0.3470056852951059 0
vn -0.9378630253789058 0.3470056852951059 0
vn -0.9378630253789058 0.3470056852951059 0
vn -0.9378630253789058 0.3470056852951059 0
vn -0.9378630253789058 0.3470056852951059 0
vn -0.9378630253789058 0.3470056852951059 0
vn 0.9918817310951596 0.12716379799168237 0
vn 0.9918817310951596 0.12716379799168237 0
vn 0.9918817310951596 0.12716379799168237 0
vn 0.9918817310951596 0.12716379799168237 0
vn 0.9918817310951596 0.12716379799168237 0
vn 0.9918817310951596 0.12716379799168237 0
vn 0 1 0
vn 0 1 0
vn 0 1 0
vn 0 1 0
vn 0 1 0
vn 0 1 0
vn -1 0 0
vn -1 0 0
vn -1 0 0
vn -1 0 0
vn -1 0 0
vn -1 0 0
vn 0 -1 0
vn 0 -1 0
vn 0 -1 0
vn 0 -1 0
vn 0 -1 0
vn 0 -1 0
vn 1 0 0
vn 1 0 0
vn 1 0 0
vn 1 0 0
vn 1 0 0
vn 1 0 0
vn 0.9992986076938137 -0.03744719830915733 0
vn 0.9992986076938137 -0.03744719830915733 0
vn 0.9992986076938137 -0.03744719830915733 0
vn 0.9992986076938137 -0.03744719830915733 0
vn 0.9992986076938137 -0.03744719830915733 0
vn 0.9992986076938137 -0.03744719830915733 0
vn 0.992290769793204 -0.12393154636012045 0
vn 0.992290769793204 -0.12393154636012045 0
vn 0.992290769793204 -0.12393154636012045 0
vn 0.992290769793204 -0.12393154636012045 0
vn 0.992290769793204 -0.12393154636012045 0
vn 0.992290769793204 -0.12393154636012045 0
vn 0.9738150394219091 -0.2273417449473496 0
vn 0.9738150394219091 -0.2273417449473496 0
vn 0.9738150394219091 -0.2273417449473496 0
vn 0.9738150394219091 -0.2273417449473496 0
vn 0.9738150394219091 -0.2273417449473496 0
vn 0.9738150394219091 -0.2273417449473496 0
vn 0.9376371553188968 -0.3476155418928892 0
vn 0.9376371553188968 -0.3476155418928892 0
vn 0.9376371553188968 -0.3476155418928892 0
vn 0.9376371553188968 -0.3476155418928892 0
vn 0.9376371553188968 -0.3476155418928892 0
vn 0.9376371553188968 -0.3476155418928892 0
vn 0.876824362659991 -0.4808108121141836 0
vn 0.876824362659991 -0.4808108121141836 0
vn 0.876824362659991 -0.4808108121141836 0
vn 0.876824362659991 -0.4808108121141836 0
vn 0.876824362659991 -0.4808108121141836 0
vn 0.876824362659991 -0.4808108121141836 0
vn 0.7865554239042953 -0.6175196880478667 0
vn 0.7865554239042953 -0.6175196880478667 0
vn 0.7865554239042953 -0.6175196880478667 0
vn 0.7865554239042953 -0.6175196880478667 0
vn 0.7865554239042953 -0.6175196880478667 0
vn 0.7865554239042953 -0.6175196880478667 0
vn 0.6682040140302178 -0.7439780881409777 0
vn 0.6682040140302178 -0.7439780881409777 0
vn 0.6682040140302178 -0.7439780881409777 0
vn 0.6682040140302178 -0.7439780881409777 0
vn 0.6682040140302178 -0.7439780881409777 0
vn 0.6682040140302178 -0.7439780881409777 0
vn 0.531295418856538 -0.8471866251907285 0
vn 0.531295418856538 -0.8471866251907285 0
vn 0.531295418856538 -0.8471866251907285 0
vn 0.531295418856538 -0.8471866251907285 0
vn 0.531295418856538 -0.8471866251907285 0
vn 0.531295418856538 -0.8471866251907285 0
vn 0.39015423124988563 -0.9207495185107679 0
vn 0.39015423124988563 -0.9207495185107679 0
vn 0.39015423124988563 -0.9207495185107679 0
vn 0.39015423124988563 -0.9207495185107679 0
vn 0.39015423124988563 -0.9207495185107679 0
vn 0.39015423124988563 -0.9207495185107679 0
vn 0.25759917847652736 -0.9662518632573073 0
vn 0.25759917847652736 -0.9662518632573073 0
vn 0.25759917847652736 -0.9662518632573073 0
vn 0.25759917847652736 -0.9662518632573073 0
vn 0.25759917847652736 -0.9662518632573073 0
vn 0.25759917847652736 -0.9662518632573073 0
vn 0.14104877635684113 -0.9900026478188014 0
vn 0.14104877635684113 -0.9900026478188014 0
vn 0.14104877635684113 -0.9900026478188014 0
vn 0.14104877635684113 -0.9900026478188014 0
vn 0.14104877635684113 -0.9900026478188014 0
vn 0.14104877635684113 -0.9900026478188014 0
vn 0.04269349901198369 -0.9990882168968432 0
vn 0.04269349901198369 -0.9990882168968432 0
vn 0.04269349901198369 -0.9990882168968432 0
vn 0.04269349901198369 -0.9990882168968432 0
vn 0.04269349901198369 -0.9990882168968432 0
vn 0.04269349901198369 -0.9990882168968432 0
vn -0.003965622764093847 -0.9999921368871322 0
vn -0.003965622764093847 -0.9999921368871322 0
vn -0.003965622764093847 -0.9999921368871322 0
vn -0.003965622764093847 -0.9999921368871322 0
vn -0.003965622764093847 -0.9999921368871322 0
vn -0.003965622764093847 -0.9999921368871322 0
vn -0.012057621296184737 -0.9999273042420024 0
vn -0.012057621296184737 -0.9999273042420024 0
vn -0.012057621296184737 -0.9999273042420024 0
vn -0.012057621296184737 -0.9999273042420024 0
vn -0.012057621296184737 -0.9999273042420024 0
vn -0.012057621296184737 -0.9999273042420024 0
vn -0.020187040976791873 -0.9997962209253449 0
vn -0.020187040976791873 -0.9997962209253449 0
vn -0.020187040976791873 -0.9997962209253449 0
vn -0.020187040976791873 -0.9997962209253449 0
vn -0.020187040976791873 -0.9997962209253449 0
vn -0.020187040976791873 -0.9997962209253449 0
vn -0.028195520588146925 -0.9996024272773467 0
vn -0.028195520588146925 -0.9996024272773467 0
vn -0.028195520588146925 -0.9996024272773467 0
vn -0.028195520588146925 -0.9996024272773467 0
vn -0.028195520588146925 -0.9996024272773467 0
vn -0.028195520588146925 -0.9996024272773467 0
vn -0.03589388701673783 -0.999355606816127 0
vn -0.03589388701673783 -0.999355606816127 0
vn -0.03589388701673783 -0.999355606816127 0
vn -0.03589388701673783 -0.999355606816127 0
vn -0.03589388701673783 -0.999355606816127 0
vn -0.03589388701673783 -0.999355606816127 0
vn -0.043079160343967395 -0.9990716620663699 0
vn -0.043079160343967395 -0.9990716620663699 0
vn -0.043079160343967395 -0.9990716620663699 0
vn -0.043079160343967395 -0.9990716620663699 0
vn -0.043079160343967395 -0.9990716620663699 0
vn -0.043079160343967395 -0.9990716620663699 0
vn -0.049534100574906245 -0.9987724329797228 0
vn -0.049534100574906245 -0.9987724329797228 0
vn -0.049534100574906245 -0.9987724329797228 0
vn -0.049534100574906245 -0.9987724329797228 0
vn -0.049534100574906245 -0.9987724329797228 0
vn -0.049534100574906245 -0.9987724329797228 0
vn -0.05505871013149706 -0.9984831187549722 0
vn -0.05505871013149706 -0.9984831187549722 0
vn -0.05505871013149706 -0.9984831187549722 0
vn -0.05505871013149706 -0.9984831187549722 0
vn -0.05505871013149706 -0.9984831187549722 0
vn -0.05505871013149706 -0.9984831187549722 0
vn -0.05944986274691037 -0.9982312927470134 0
vn -0.05944986274691037 -0.9982312927470134 0
vn -0.05944986274691037 -0.9982312927470134 0
vn -0.05944986274691037 -0.9982312927470134 0
vn -0.05944986274691037 -0.9982312927470134 0
vn -0.05944986274691037 -0.9982312927470134 0
vn -0.06257115356247125 -0.998040505561704 0
vn -0.06257115356247125 -0.998040505561704 0
vn -0.06257115356247125 -0.998040505561704 0
vn -0.06257115356247125 -0.998040505561704 0
vn -0.06257115356247125 -0.998040505561704 0
vn -0.06257115356247125 -0.998040505561704 0
vn -0.06432520677659559 -0.9979289893440055 0
vn -0.06432520677659559 -0.9979289893440055 0
vn -0.06432520677659559 -0.9979289893440055 0
vn -0.06432520677659559 -0.9979289893440055 0
vn -0.06432520677659559 -0.9979289893440055 0
vn -0.06432520677659559 -0.9979289893440055 0
vn -0.06466905167498783 -0.9979067660635725 0
vn -0.06466905167498783 -0.9979067660635725 0
vn -0.06466905167498783 -0.9979067660635725 0
vn -0.06466905167498783 -0.9979067660635725 0
vn -0.06466905167498783 -0.9979067660635725 0
vn -0.06466905167498783 -0.9979067660635725 0
vn 1 0 0
vn 1 0 0
vn 1 0 0
vn 1 0 0
vn 1 0 0
vn 1 0 0
vn 0.17335547031937987 0.9848593203652726 0
vn 0.17335547031937987 0.9848593203652726 0
vn 0.17335547031937987 0.9848593203652726 0
vn 0.17335547031937987 0.9848593203652726 0
vn 0.17335547031937987 0.9848593203652726 0
vn 0.17335547031937987 0.9848593203652726 0
vn 0.16159476719249602 0.9868571989989245 0
vn 0.16159476719249602 0.9868571989989245 0
vn 0.16159476719249602 0.9868571989989245 0
vn 0.16159476719249602 0.9868571989989245 0
vn 0.16159476719249602 0.9868571989989245 0
vn 0.16159476719249602 0.9868571989989245 0
vn 0.14875389508611248 0.9888742481714802 0
vn 0.14875389508611248 0.9888742481714802 0
vn 0.14875389508611248 0.9888742481714802 0
vn 0.14875389508611248 0.9888742481714802 0
vn 0.14875389508611248 0.9888742481714802 0
vn 0.14875389508611248 0.9888742481714802 0
vn 0.13503008951092224 0.9908414983874425 0
vn 0.13503008951092224 0.9908414983874425 0
vn 0.13503008951092224 0.9908414983874425 0
vn 0.13503008951092224 0.9908414983874425 0
vn 0.13503008951092224 0.9908414983874425 0
vn 0.13503008951092224 0.9908414983874425 0
vn 0.12057667028350241 0.9927040176121701 0
vn 0.12057667028350241 0.9927040176121701 0
vn 0.12057667028350241 0.9927040176121701 0
vn 0.12057667028350241 0.9927040176121701 0
vn 0.12057667028350241 0.9927040176121701 0
vn 0.12057667028350241 0.9927040176121701 0
vn 0.1055195826579692 0.9944172251503329 0
vn 0.1055195826579692 0.9944172251503329 0
vn 0.1055195826579692 0.9944172251503329 0
vn 0.1055195826579692 0.9944172251503329 0
vn 0.1055195826579692 0.9944172251503329 0
vn 0.1055195826579692 0.9944172251503329 0
vn 0.08999086896966742 0.9959425904649747 0
vn 0.08999086896966742 0.9959425904649747 0
vn 0.08999086896966742 0.9959425904649747 0
vn 0.08999086896966742 0.9959425904649747 0
vn 0.08999086896966742 0.9959425904649747 0
vn 0.08999086896966742 0.9959425904649747 0
vn 0.07407965381151005 0.9972523275937575 0
vn 0.07407965381151005 0.9972523275937575 0
vn 0.07407965381151005 0.9972523275937575 0
vn 0.07407965381151005 0.9972523275937575 0
vn 0.07407965381151005 0.9972523275937575 0
vn 0.07407965381151005 0.9972523275937575 0
vn 0.057879734967476566 0.9983235629194048 0
vn 0.057879734967476566 0.9983235629194048 0
vn 0.057879734967476566 0.9983235629194048 0
vn 0.057879734967476566 0.9983235629194048 0
vn 0.057879734967476566 0.9983235629194048 0
vn 0.057879734967476566 0.9983235629194048 0
vn 0.041462654889713686 0.9991400543715063 0
vn 0.041462654889713686 0.9991400543715063 0
vn 0.041462654889713686 0.9991400543715063 0
vn 0.041462654889713686 0.9991400543715063 0
vn 0.041462654889713686 0.9991400543715063 0
vn 0.041462654889713686 0.9991400543715063 0
vn 0.02490805619404013 0.9996897462396193 0
vn 0.02490805619404013 0.9996897462396193 0
vn 0.02490805619404013 0.9996897462396193 0
vn 0.02490805619404013 0.9996897462396193 0
vn 0.02490805619404013 0.9996897462396193 0
vn 0.02490805619404013 0.9996897462396193 0
vn 0.008271439966377955 0.9999657910553155 0
vn 0.008271439966377955 0.9999657910553155 0
vn 0.008271439966377955 0.9999657910553155 0
vn 0.008271439966377955 0.9999657910553155 0
vn 0.008271439966377955 0.9999657910553155 0
vn 0.008271439966377955 0.9999657910553155 0
vn -0.038782168898845934 0.9992476887016059 0
vn -0.038782168898845934 0.9992476887016059 0
vn -0.038782168898845934 0.9992476887016059 0
vn -0.038782168898845934 0.9992476887016059 0
vn -0.038782168898845934 0.9992476887016059 0
vn -0.038782168898845934 0.9992476887016059 0
vn 0 0 -1
vn 0 0 -1
vn 0 0 -1
vn 0 0 -1
vn 0 0 -1
vn 0 0 -1
vn 0 0 -1
vn 0 0 -1
vn 0 0 -1
vn 0 0 -1
vn 0 0 -1
vn 0 0 -1
vn 0 0 -1
vn 0 0 -1
vn 0 0 -1
vn 0 0 -1
vn 0 0 -1
vn 0 0 -1
vn 0 0 -1
vn 0 0 -1
vn 0 0 -1
vn 0 0 -1
vn 0 0 -1
vn 0 0 -1
vn 0 0 -1
vn 0 0 -1
vn 0 0 -1
vn 0 0 -1
vn 0 0 -1
vn 0 0 -1
vn 0 0 -1
vn 0 0 -1
vn 0 0 -1
vn 0 0 -1
vn 0 0 -1
vn 0 0 -1
vn 0 0 -1
vn 0 0 -1
vn 0 0 -1
vn 0 0 -1
vn 0 0 -1
vn 0 0 -1
vn 0 0 -1
vn 0 0 -1
vn 0 0 -1
vn 0 0 -1
vn 0 0 -1
vn 0 0 -1
vn 0 0 -1
vn 0 0 -1
vn 0 0 -1
vn 0 0 -1
vn 0 0 -1
vn 0 0 -1
vn 0 0 -1
vn 0 0 -1
vn 0 0 -1
vn 0 0 -1
vn 0 0 -1
vn 0 0 -1
vn 0 0 -1
vn 0 0 -1
vn 0 0 -1
vn 0 0 -1
vn 0 0 -1
vn 0 0 -1
vn 0 0 -1
vn 0 0 -1
vn 0 0 -1
vn 0 0 -1
vn 0 0 -1
vn 0 0 -1
vn 0 0 -1
vn 0 0 -1
vn 0 0 -1
vn 0 0 -1
vn 0 0 -1
vn 0 0 -1
vn 0 0 -1
vn 0 0 -1
vn 0 0 -1
vn 0 0 -1
vn 0 0 -1
vn 0 0 -1
vn 0 0 -1
vn 0 0 -1
vn 0 0 -1
vn 0 0 -1
vn 0 0 -1
vn 0 0 -1
vn 0 0 -1
vn 0 0 -1
vn 0 0 -1
vn 0 0 -1
vn 0 0 -1
vn 0 0 -1
vn 0 0 -1
vn 0 0 -1
vn 0 0 -1
vn 0 0 -1
vn 0 0 -1
vn 0 0 -1
vn 0 0 -1
vn 0 0 -1
vn 0 0 -1
vn 0 0 -1
vn 0 0 -1
vn 0 0 -1
vn 0 0 -1
vn 0 0 -1
vn 0 0 -1
vn 0 0 -1
vn 0 0 -1
vn 0 0 -1
vn 0 0 -1
vn 0 0 -1
vn 0 0 -1
vn 0 0 -1
vn 0 0 -1
vn 0 0 -1
vn 0 0 -1
vn 0 0 -1
vn 0 0 -1
vn 0 0 -1
vn 0 0 -1
vn 0 0 -1
vn 0 0 -1
vn 0 0 -1
vn 0 0 -1
vn 0 0 -1
vn 0 0 -1
vn 0 0 -1
vn 0 0 -1
vn 0 0 -1
vn 0 0 -1
vn 0 0 -1
vn 0 0 -1
vn 0 0 -1
vn 0 0 -1
vn 0 0 -1
vn 0 0 -1
vn 0 0 -1
vn 0 0 -1
vn 0 0 -1
vn 0 0 -1
vn 0 0 -1
vn 0 0 -1
vn 0 0 -1
vn 0 0 -1
vn 0 0 -1
vn 0 0 -1
vn 0 0 -1
vn 0 0 -1
vn 0 0 -1
vn 0 0 -1
vn 0 0 -1
vn 0 0 -1
vn 0 0 -1
vn 0 0 -1
vn 0 0 -1
vn 0 0 -1
vn 0 0 -1
vn 0 0 -1
vn 0 0 -1
vn 0 0 -1
vn 0 0 -1
vn 0 0 -1
vn 0 0 -1
vn 0 0 -1
vn 0 0 -1
vn 0 0 -1
vn 0 0 -1
vn 0 0 -1
vn 0 0 -1
vn 0 0 1
vn 0 0 1
vn 0 0 1
vn 0 0 1
vn 0 0 1
vn 0 0 1
vn 0 0 1
vn 0 0 1
vn 0 0 1
vn 0 0 1
vn 0 0 1
vn 0 0 1
vn 0 0 1
vn 0 0 1
vn 0 0 1
vn 0 0 1
vn 0 0 1
vn 0 0 1
vn 0 0 1
vn 0 0 1
vn 0 0 1
vn 0 0 1
vn 0 0 1
vn 0 0 1
vn 0 0 1
vn 0 0 1
vn 0 0 1
vn 0 0 1
vn 0 0 1
vn 0 0 1
vn 0 0 1
vn 0 0 1
vn 0 0 1
vn 0 0 1
vn 0 0 1
vn 0 0 1
vn 0 0 1
vn 0 0 1
vn 0 0 1
vn 0 0 1
vn 0 0 1
vn 0 0 1
vn 0 0 1
vn 0 0 1
vn 0 0 1
vn 0 0 1
vn 0 0 1
vn 0 0 1
vn 0 0 1
vn 0 0 1
vn 0 0 1
vn 0 0 1
vn 0 0 1
vn 0 0 1
vn 0 0 1
vn 0 0 1
vn 0 0 1
vn 0 0 1
vn 0 0 1
vn 0 0 1
vn 0 0 1
vn 0 0 1
vn 0 0 1
vn 0 0 1
vn 0 0 1
vn 0 0 1
vn 0 0 1
vn 0 0 1
vn 0 0 1
vn 0 0 1
vn 0 0 1
vn 0 0 1
vn 0 0 1
vn 0 0 1
vn 0 0 1
vn 0 0 1
vn 0 0 1
vn 0 0 1
vn 0 0 1
vn 0 0 1
vn 0 0 1
vn 0 0 1
vn 0 0 1
vn 0 0 1
vn 0 0 1
vn 0 0 1
vn 0 0 1
vn 0 0 1
vn 0 0 1
vn 0 0 1
vn 0 0 1
vn 0 0 1
vn 0 0 1
vn 0 0 1
vn 0 0 1
vn 0 0 1
vn 0 0 1
vn 0 0 1
vn 0 0 1
vn 0 0 1
vn 0 0 1
vn 0 0 1
vn 0 0 1
vn 0 0 1
vn 0 0 1
vn 0 0 1
vn 0 0 1
vn 0 0 1
vn 0 0 1
vn 0 0 1
vn 0 0 1
vn 0 0 1
vn 0 0 1
vn 0 0 1
vn 0 0 1
vn 0 0 1
vn 0 0 1
vn 0 0 1
vn 0 0 1
vn 0 0 1
vn 0 0 1
vn 0 0 1
vn 0 0 1
vn 0 0 1
vn 0 0 1
vn 0 0 1
vn 0 0 1
vn 0 0 1
vn 0 0 1
vn 0 0 1
vn 0 0 1
vn 0 0 1
vn 0 0 1
vn 0 0 1
vn 0 0 1
vn 0 0 1
vn 0 0 1
vn 0 0 1
vn 0 0 1
vn 0 0 1
vn 0 0 1
vn 0 0 1
vn 0 0 1
vn 0 0 1
vn 0 0 1
vn 0 0 1
vn 0 0 1
vn 0 0 1
vn 0 0 1
vn 0 0 1
vn 0 0 1
vn 0 0 1
vn 0 0 1
vn 0 0 1
vn 0 0 1
vn 0 0 1
vn 0 0 1
vn 0 0 1
vn 0 0 1
vn 0 0 1
vn 0 0 1
vn 0 0 1
vn 0 0 1
vn 0 0 1
vn 0 0 1
vn 0 0 1
vn 0 0 1
vn 0 0 1
vn 0 0 1
vn 0 0 1
vn 0 0 1
vn 0 0 1
vn 0 0 1
vn 0 0 1
vn 1 0 0
vn 1 0 0
vn 1 0 0
vn 1 0 0
vn 1 0 0
vn 1 0 0
vn 0 1 0
vn 0 1 0
vn 0 1 0
vn 0 1 0
vn 0 1 0
vn 0 1 0
vn -0.987811422890928 0.15565536549120396 0
vn -0.987811422890928 0.15565536549120396 0
vn -0.987811422890928 0.15565536549120396 0
vn -0.987811422890928 0.15565536549120396 0
vn -0.987811422890928 0.15565536549120396 0
vn -0.987811422890928 0.15565536549120396 0
vn 0 1 0
vn 0 1 0
vn 0 1 0
vn 0 1 0
vn 0 1 0
vn 0 1 0
vn -1 0 0
vn -1 0 0
vn -1 0 0
vn -1 0 0
vn -1 0 0
vn -1 0 0
vn 0 -1 0
vn 0 -1 0
vn 0 -1 0
vn 0 -1 0
vn 0 -1 0
vn 0 -1 0
vn -1 0 0
vn -1 0 0
vn -1 0 0
vn -1 0 0
vn -1 0 0
vn -1 0 0
vn -0.9990400506830752 -0.043806131205101476 0
vn -0.9990400506830752 -0.043806131205101476 0
vn -0.9990400506830752 -0.043806131205101476 0
vn -0.9990400506830752 -0.043806131205101476 0
vn -0.9990400506830752 -0.043806131205101476 0
vn -0.9990400506830752 -0.043806131205101476 0
vn -0.989549540784155 -0.14419329503783354 0
vn -0.989549540784155 -0.14419329503783354 0
vn -0.989549540784155 -0.14419329503783354 0
vn -0.989549540784155 -0.14419329503783354 0
vn -0.989549540784155 -0.14419329503783354 0
vn -0.989549540784155 -0.14419329503783354 0
vn -0.9650059991192058 -0.26222780490242303 0
vn -0.9650059991192058 -0.26222780490242303 0
vn -0.9650059991192058 -0.26222780490242303 0
vn -0.9650059991192058 -0.26222780490242303 0
vn -0.9650059991192058 -0.26222780490242303 0
vn -0.9650059991192058 -0.26222780490242303 0
vn -0.9185239267931531 -0.3953653954362804 0
vn -0.9185239267931531 -0.3953653954362804 0
vn -0.9185239267931531 -0.3953653954362804 0
vn -0.9185239267931531 -0.3953653954362804 0
vn -0.9185239267931531 -0.3953653954362804 0
vn -0.9185239267931531 -0.3953653954362804 0
vn -0.844224446570539 -0.5359898168926974 0
vn -0.844224446570539 -0.5359898168926974 0
vn -0.844224446570539 -0.5359898168926974 0
vn -0.844224446570539 -0.5359898168926974 0
vn -0.844224446570539 -0.5359898168926974 0
vn -0.844224446570539 -0.5359898168926974 0
vn -0.7410046146732344 -0.6714999337550015 0
vn -0.7410046146732344 -0.6714999337550015 0
vn -0.7410046146732344 -0.6714999337550015 0
vn -0.7410046146732344 -0.6714999337550015 0
vn -0.7410046146732344 -0.6714999337550015 0
vn -0.7410046146732344 -0.6714999337550015 0
vn -0.6153876184710455 -0.7882246374178714 0
vn -0.6153876184710455 -0.7882246374178714 0
vn -0.6153876184710455 -0.7882246374178714 0
vn -0.6153876184710455 -0.7882246374178714 0
vn -0.6153876184710455 -0.7882246374178714 0
vn -0.6153876184710455 -0.7882246374178714 0
vn -0.47997923217627503 -0.8772798508340843 0
vn -0.47997923217627503 -0.8772798508340843 0
vn -0.47997923217627503 -0.8772798508340843 0
vn -0.47997923217627503 -0.8772798508340843 0
vn -0.47997923217627503 -0.8772798508340843 0
vn -0.47997923217627503 -0.8772798508340843 0
vn -0.34793738025712817 -0.9375177755220465 0
vn -0.34793738025712817 -0.9375177755220465 0
vn -0.34793738025712817 -0.9375177755220465 0
vn -0.34793738025712817 -0.9375177755220465 0
vn -0.34793738025712817 -0.9375177755220465 0
vn -0.34793738025712817 -0.9375177755220465 0
vn -0.22827835188645937 -0.9735959090197545 0
vn -0.22827835188645937 -0.9735959090197545 0
vn -0.22827835188645937 -0.9735959090197545 0
vn -0.22827835188645937 -0.9735959090197545 0
vn -0.22827835188645937 -0.9735959090197545 0
vn -0.22827835188645937 -0.9735959090197545 0
vn -0.12485661257354912 -0.9921747962413976 0
vn -0.12485661257354912 -0.9921747962413976 0
vn -0.12485661257354912 -0.9921747962413976 0
vn -0.12485661257354912 -0.9921747962413976 0
vn -0.12485661257354912 -0.9921747962413976 0
vn -0.12485661257354912 -0.9921747962413976 0
vn -0.03784355167076376 -0.9992836762386056 0
vn -0.03784355167076376 -0.9992836762386056 0
vn -0.03784355167076376 -0.9992836762386056 0
vn -0.03784355167076376 -0.9992836762386056 0
vn -0.03784355167076376 -0.9992836762386056 0
vn -0.03784355167076376 -0.9992836762386056 0
vn 0.006036598347624363 -0.9999817795742029 0
vn 0.006036598347624363 -0.9999817795742029 0
vn 0.006036598347624363 -0.9999817795742029 0
vn 0.006036598347624363 -0.9999817795742029 0
vn 0.006036598347624363 -0.9999817795742029 0
vn 0.006036598347624363 -0.9999817795742029 0
vn 0.018787173457243986 -0.999823505481586 0
vn 0.018787173457243986 -0.999823505481586 0
vn 0.018787173457243986 -0.999823505481586 0
vn 0.018787173457243986 -0.999823505481586 0
vn 0.018787173457243986 -0.999823505481586 0
vn 0.018787173457243986 -0.999823505481586 0
vn 0.03237187852802427 -0.9994758933964174 0
vn 0.03237187852802427 -0.9994758933964174 0
vn 0.03237187852802427 -0.9994758933964174 0
vn 0.03237187852802427 -0.9994758933964174 0
vn 0.03237187852802427 -0.9994758933964174 0
vn 0.03237187852802427 -0.9994758933964174 0
vn 0.046743810189152135 -0.9989069106823721 0
vn 0.046743810189152135 -0.9989069106823721 0
vn 0.046743810189152135 -0.9989069106823721 0
vn 0.046743810189152135 -0.9989069106823721 0
vn 0.046743810189152135 -0.9989069106823721 0
vn 0.046743810189152135 -0.9989069106823721 0
vn 0.06183065989075218 -0.9980866543028587 0
vn 0.06183065989075218 -0.9980866543028587 0
vn 0.06183065989075218 -0.9980866543028587 0
vn 0.06183065989075218 -0.9980866543028587 0
vn 0.06183065989075218 -0.9980866543028587 0
vn 0.06183065989075218 -0.9980866543028587 0
vn 0.07751473700613819 -0.996991206353832 0
vn 0.07751473700613819 -0.996991206353832 0
vn 0.07751473700613819 -0.996991206353832 0
vn 0.07751473700613819 -0.996991206353832 0
vn 0.07751473700613819 -0.996991206353832 0
vn 0.07751473700613819 -0.996991206353832 0
vn 0.09362718564258031 -0.9956073272674574 0
vn 0.09362718564258031 -0.9956073272674574 0
vn 0.09362718564258031 -0.9956073272674574 0
vn 0.09362718564258031 -0.9956073272674574 0
vn 0.09362718564258031 -0.9956073272674574 0
vn 0.09362718564258031 -0.9956073272674574 0
vn 0.10997365310472582 -0.9939345026825468 0
vn 0.10997365310472582 -0.9939345026825468 0
vn 0.10997365310472582 -0.9939345026825468 0
vn 0.10997365310472582 -0.9939345026825468 0
vn 0.10997365310472582 -0.9939345026825468 0
vn 0.10997365310472582 -0.9939345026825468 0
vn 0.12629812648294056 -0.9919923302359243 0
vn 0.12629812648294056 -0.9919923302359243 0
vn 0.12629812648294056 -0.9919923302359243 0
vn 0.12629812648294056 -0.9919923302359243 0
vn 0.12629812648294056 -0.9919923302359243 0
vn 0.12629812648294056 -0.9919923302359243 0
vn 0.1423000818798155 -0.9898235634177425 0
vn 0.1423000818798155 -0.9898235634177425 0
vn 0.1423000818798155 -0.9898235634177425 0
vn 0.1423000818798155 -0.9898235634177425 0
vn 0.1423000818798155 -0.9898235634177425 0
vn 0.1423000818798155 -0.9898235634177425 0
vn 0.15767217061118782 -0.9874915121735257 0
vn 0.15767217061118782 -0.9874915121735257 0
vn 0.15767217061118782 -0.9874915121735257 0
vn 0.15767217061118782 -0.9874915121735257 0
vn 0.15767217061118782 -0.9874915121735257 0
vn 0.15767217061118782 -0.9874915121735257 0
vn 0.17207619598600066 -0.985083642527368 0
vn 0.17207619598600066 -0.985083642527368 0
vn 0.17207619598600066 -0.985083642527368 0
vn 0.17207619598600066 -0.985083642527368 0
vn 0.17207619598600066 -0.985083642527368 0
vn 0.17207619598600066 -0.985083642527368 0
vn 1 0 0
vn 1 0 0
vn 1 0 0
vn 1 0 0
vn 1 0 0
vn 1 0 0
vn -0.12654645457451152 0.9919606821011715 0
vn -0.12654645457451152 0.9919606821011715 0
vn -0.12654645457451152 0.9919606821011715 0
vn -0.12654645457451152 0.9919606821011715 0
vn -0.12654645457451152 0.9919606821011715 0
vn -0.12654645457451152 0.9919606821011715 0
vn -0.12363107799471869 0.9923282504060156 0
vn -0.12363107799471869 0.9923282504060156 0
vn -0.12363107799471869 0.9923282504060156 0
vn -0.12363107799471869 0.9923282504060156 0
vn -0.12363107799471869 0.9923282504060156 0
vn -0.12363107799471869 0.9923282504060156 0
vn -0.11817632460474631 0.9929926265098417 0
vn -0.11817632460474631 0.9929926265098417 0
vn -0.11817632460474631 0.9929926265098417 0
vn -0.11817632460474631 0.9929926265098417 0
vn -0.11817632460474631 0.9929926265098417 0
vn -0.11817632460474631 0.9929926265098417 0
vn -0.11029145887834968 0.9938992877039833 0
vn -0.11029145887834968 0.9938992877039833 0
vn -0.11029145887834968 0.9938992877039833 0
vn -0.11029145887834968 0.9938992877039833 0
vn -0.11029145887834968 0.9938992877039833 0
vn -0.11029145887834968 0.9938992877039833 0
vn -0.10022375250387618 0.9949649237204505 0
vn -0.10022375250387618 0.9949649237204505 0
vn -0.10022375250387618 0.9949649237204505 0
vn -0.10022375250387618 0.9949649237204505 0
vn -0.10022375250387618 0.9949649237204505 0
vn -0.10022375250387618 0.9949649237204505 0
vn -0.08837050971450676 0.9960876733565165 0
vn -0.08837050971450676 0.9960876733565165 0
vn -0.08837050971450676 0.9960876733565165 0
vn -0.08837050971450676 0.9960876733565165 0
vn -0.08837050971450676 0.9960876733565165 0
vn -0.08837050971450676 0.9960876733565165 0
vn -0.07520982800492618 0.9971677300090841 0
vn -0.07520982800492618 0.9971677300090841 0
vn -0.07520982800492618 0.9971677300090841 0
vn -0.07520982800492618 0.9971677300090841 0
vn -0.07520982800492618 0.9971677300090841 0
vn -0.07520982800492618 0.9971677300090841 0
vn -0.06124770045840405 0.9981225972737806 0
vn -0.06124770045840405 0.9981225972737806 0
vn -0.06124770045840405 0.9981225972737806 0
vn -0.06124770045840405 0.9981225972737806 0
vn -0.06124770045840405 0.9981225972737806 0
vn -0.06124770045840405 0.9981225972737806 0
vn -0.04697516166275534 0.9988960577491325 0
vn -0.04697516166275534 0.9988960577491325 0
vn -0.04697516166275534 0.9988960577491325 0
vn -0.04697516166275534 0.9988960577491325 0
vn -0.04697516166275534 0.9988960577491325 0
vn -0.04697516166275534 0.9988960577491325 0
vn -0.032820627896374105 0.9994612580708109 0
vn -0.032820627896374105 0.9994612580708109 0
vn -0.032820627896374105 0.9994612580708109 0
vn -0.032820627896374105 0.9994612580708109 0
vn -0.032820627896374105 0.9994612580708109 0
vn -0.032820627896374105 0.9994612580708109 0
vn -0.019125378139674576 0.9998170932280637 0
vn -0.019125378139674576 0.9998170932280637 0
vn -0.019125378139674576 0.9998170932280637 0
vn -0.019125378139674576 0.9998170932280637 0
vn -0.019125378139674576 0.9998170932280637 0
vn -0.019125378139674576 0.9998170932280637 0
vn -0.006140474120618486 0.9999811471110713 0
vn -0.006140474120618486 0.9999811471110713 0
vn -0.006140474120618486 0.9999811471110713 0
vn -0.006140474120618486 0.9999811471110713 0
vn -0.006140474120618486 0.9999811471110713 0
vn -0.006140474120618486 0.9999811471110713 0
vn 0.030744321830211942 0.9995272816062603 0
vn 0.030744321830211942 0.9995272816062603 0
vn 0.030744321830211942 0.9995272816062603 0
vn 0.030744321830211942 0.9995272816062603 0
vn 0.030744321830211942 0.9995272816062603 0
vn 0.030744321830211942 0.9995272816062603 0
vn 0.10677241417894008 0.9942834865220285 0
vn 0.10677241417894008 0.9942834865220285 0
vn 0.10677241417894008 0.9942834865220285 0
vn 0.10677241417894008 0.9942834865220285 0
vn 0.10677241417894008 0.9942834865220285 0
vn 0.10677241417894008 0.9942834865220285 0
vn 0.20626462834424455 0.9784962458252003 0
vn 0.20626462834424455 0.9784962458252003 0
vn 0.20626462834424455 0.9784962458252003 0
vn 0.20626462834424455 0.9784962458252003 0
vn 0.20626462834424455 0.9784962458252003 0
vn 0.20626462834424455 0.9784962458252003 0
vn 0.33159654811216094 0.9434212893930789 0
vn 0.33159654811216094 0.9434212893930789 0
vn 0.33159654811216094 0.9434212893930789 0
vn 0.33159654811216094 0.9434212893930789 0
vn 0.33159654811216094 0.9434212893930789 0
vn 0.33159654811216094 0.9434212893930789 0
vn 0.4790109177857659 0.8778089431317263 0
vn 0.4790109177857659 0.8778089431317263 0
vn 0.4790109177857659 0.8778089431317263 0
vn 0.4790109177857659 0.8778089431317263 0
vn 0.4790109177857659 0.8778089431317263 0
vn 0.4790109177857659 0.8778089431317263 0
vn 0.6339989089240868 0.7733339404701358 0
vn 0.6339989089240868 0.7733339404701358 0
vn 0.6339989089240868 0.7733339404701358 0
vn 0.6339989089240868 0.7733339404701358 0
vn 0.6339989089240868 0.7733339404701358 0
vn 0.6339989089240868 0.7733339404701358 0
vn 0.773330853531038 0.6340026742664074 0
vn 0.773330853531038 0.6340026742664074 0
vn 0.773330853531038 0.6340026742664074 0
vn 0.773330853531038 0.6340026742664074 0
vn 0.773330853531038 0.6340026742664074 0
vn 0.773330853531038 0.6340026742664074 0
vn 0.877813057183623 0.4790033785245583 0
vn 0.877813057183623 0.4790033785245583 0
vn 0.877813057183623 0.4790033785245583 0
vn 0.877813057183623 0.4790033785245583 0
vn 0.877813057183623 0.4790033785245583 0
vn 0.877813057183623 0.4790033785245583 0
vn 0.9434196141570698 0.33160131426718686 0
vn 0.9434196141570698 0.33160131426718686 0
vn 0.9434196141570698 0.33160131426718686 0
vn 0.9434196141570698 0.33160131426718686 0
vn 0.9434196141570698 0.33160131426718686 0
vn 0.9434196141570698 0.33160131426718686 0
vn 0.9784957533595805 0.2062669645320522 0
vn 0.9784957533595805 0.2062669645320522 0
vn 0.9784957533595805 0.2062669645320522 0
vn 0.9784957533595805 0.2062669645320522 0
vn 0.9784957533595805 0.2062669645320522 0
vn 0.9784957533595805 0.2062669645320522 0
vn 0.9942833720538782 0.10677348012109221 0
vn 0.9942833720538782 0.10677348012109221 0
vn 0.9942833720538782 0.10677348012109221 0
vn 0.9942833720538782 0.10677348012109221 0
vn 0.9942833720538782 0.10677348012109221 0
vn 0.9942833720538782 0.10677348012109221 0
vn 0.9995274331022375 0.030739396156273035 0
vn 0.9995274331022375 0.030739396156273035 0
vn 0.9995274331022375 0.030739396156273035 0
vn 0.9995274331022375 0.030739396156273035 0
vn 0.9995274331022375 0.030739396156273035 0
vn 0.9995274331022375 0.030739396156273035 0
vn 1 0 0
vn 1 0 0
vn 1 0 0
vn 1 0 0
vn 1 0 0
vn 1 0 0
vn 0 -1 0
vn 0 -1 0
vn 0 -1 0
vn 0 -1 0
vn 0 -1 0
vn 0 -1 0
vn 1 0 0
vn 1 0 0
vn 1 0 0
vn 1 0 0
vn 1 0 0
vn 1 0 0
vn 0 1 0
vn 0 1 0
vn 0 1 0
vn 0 1 0
vn 0 1 0
vn 0 1 0
vn 0 0 -1
vn 0 0 -1
vn 0 0 -1
vn 0 0 -1
vn 0 0 -1
vn 0 0 -1
vn 0 0 -1
vn 0 0 -1
vn 0 0 -1
vn 0 0 -1
vn 0 0 -1
vn 0 0 -1
vn 0 0 -1
vn 0 0 -1
vn 0 0 -1
vn 0 0 -1
vn 0 0 -1
vn 0 0 -1
vn 0 0 -1
vn 0 0 -1
vn 0 0 -1
vn 0 0 -1
vn 0 0 -1
vn 0 0 -1
vn 0 0 -1
vn 0 0 -1
vn 0 0 -1
vn 0 0 -1
vn 0 0 -1
vn 0 0 -1
vn 0 0 -1
vn 0 0 -1
vn 0 0 -1
vn 0 0 -1
vn 0 0 -1
vn 0 0 -1
vn 0 0 -1
vn 0 0 -1
vn 0 0 -1
vn 0 0 -1
vn 0 0 -1
vn 0 0 -1
vn 0 0 -1
vn 0 0 -1
vn 0 0 -1
vn 0 0 -1
vn 0 0 -1
vn 0 0 -1
vn 0 0 -1
vn 0 0 -1
vn 0 0 -1
vn 0 0 -1
vn 0 0 -1
vn 0 0 -1
vn 0 0 -1
vn 0 0 -1
vn 0 0 -1
vn 0 0 -1
vn 0 0 -1
vn 0 0 -1
vn 0 0 -1
vn 0 0 -1
vn 0 0 -1
vn 0 0 -1
vn 0 0 -1
vn 0 0 -1
vn 0 0 -1
vn 0 0 -1
vn 0 0 -1
vn 0 0 -1
vn 0 0 -1
vn 0 0 -1
vn 0 0 -1
vn 0 0 -1
vn 0 0 -1
vn 0 0 -1
vn 0 0 -1
vn 0 0 -1
vn 0 0 -1
vn 0 0 -1
vn 0 0 -1
vn 0 0 -1
vn 0 0 -1
vn 0 0 -1
vn 0 0 -1
vn 0 0 -1
vn 0 0 -1
vn 0 0 -1
vn 0 0 -1
vn 0 0 -1
vn 0 0 -1
vn 0 0 -1
vn 0 0 -1
vn 0 0 -1
vn 0 0 -1
vn 0 0 -1
vn 0 0 -1
vn 0 0 -1
vn 0 0 -1
vn 0 0 -1
vn 0 0 -1
vn 0 0 -1
vn 0 0 -1
vn 0 0 -1
vn 0 0 -1
vn 0 0 -1
vn 0 0 -1
vn 0 0 -1
vn 0 0 -1
vn 0 0 -1
vn 0 0 -1
vn 0 0 -1
vn 0 0 -1
vn 0 0 -1
vn 0 0 -1
vn 0 0 -1
vn 0 0 -1
vn 0 0 -1
vn 0 0 -1
vn 0 0 -1
vn 0 0 -1
vn 0 0 -1
vn 0 0 -1
vn 0 0 -1
vn 0 0 -1
vn 0 0 -1
vn 0 0 -1
vn 0 0 -1
vn 0 0 -1
vn 0 0 -1
vn 0 0 -1
vn 0 0 -1
vn 0 0 -1
vn 0 0 -1
vn 0 0 -1
vn 0 0 -1
vn 0 0 -1
vn 0 0 -1
vn 0 0 1
vn 0 0 1
vn 0 0 1
vn 0 0 1
vn 0 0 1
vn 0 0 1
vn 0 0 1
vn 0 0 1
vn 0 0 1
vn 0 0 1
vn 0 0 1
vn 0 0 1
vn 0 0 1
vn 0 0 1
vn 0 0 1
vn 0 0 1
vn 0 0 1
vn 0 0 1
vn 0 0 1
vn 0 0 1
vn 0 0 1
vn 0 0 1
vn 0 0 1
vn 0 0 1
vn 0 0 1
vn 0 0 1
vn 0 0 1
vn 0 0 1
vn 0 0 1
vn 0 0 1
vn 0 0 1
vn 0 0 1
vn 0 0 1
vn 0 0 1
vn 0 0 1
vn 0 0 1
vn 0 0 1
vn 0 0 1
vn 0 0 1
vn 0 0 1
vn 0 0 1
vn 0 0 1
vn 0 0 1
vn 0 0 1
vn 0 0 1
vn 0 0 1
vn 0 0 1
vn 0 0 1
vn 0 0 1
vn 0 0 1
vn 0 0 1
vn 0 0 1
vn 0 0 1
vn 0 0 1
vn 0 0 1
vn 0 0 1
vn 0 0 1
vn 0 0 1
vn 0 0 1
vn 0 0 1
vn 0 0 1
vn 0 0 1
vn 0 0 1
vn 0 0 1
vn 0 0 1
vn 0 0 1
vn 0 0 1
vn 0 0 1
vn 0 0 1
vn 0 0 1
vn 0 0 1
vn 0 0 1
vn 0 0 1
vn 0 0 1
vn 0 0 1
vn 0 0 1
vn 0 0 1
vn 0 0 1
vn 0 0 1
vn 0 0 1
vn 0 0 1
vn 0 0 1
vn 0 0 1
vn 0 0 1
vn 0 0 1
vn 0 0 1
vn 0 0 1
vn 0 0 1
vn 0 0 1
vn 0 0 1
vn 0 0 1
vn 0 0 1
vn 0 0 1
vn 0 0 1
vn 0 0 1
vn 0 0 1
vn 0 0 1
vn 0 0 1
vn 0 0 1
vn 0 0 1
vn 0 0 1
vn 0 0 1
vn 0 0 1
vn 0 0 1
vn 0 0 1
vn 0 0 1
vn 0 0 1
vn 0 0 1
vn 0 0 1
vn 0 0 1
vn 0 0 1
vn 0 0 1
vn 0 0 1
vn 0 0 1
vn 0 0 1
vn 0 0 1
vn 0 0 1
vn 0 0 1
vn 0 0 1
vn 0 0 1
vn 0 0 1
vn 0 0 1
vn 0 0 1
vn 0 0 1
vn 0 0 1
vn 0 0 1
vn 0 0 1
vn 0 0 1
vn 0 0 1
vn 0 0 1
vn 0 0 1
vn 0 0 1
vn 0 0 1
vn 0 0 1
vn 0 0 1
vn 0 0 1
vn 0 0 1
vn 0 0 1
vn 0.9823933003447073 0.18682452579314482 0
vn 0.9823933003447073 0.18682452579314482 0
vn 0.9823933003447073 0.18682452579314482 0
vn 0.9823933003447073 0.18682452579314482 0
vn 0.9823933003447073 0.18682452579314482 0
vn 0.9823933003447073 0.18682452579314482 0
vn 0.9489279200839014 0.3154929515619027 0
vn 0.9489279200839014 0.3154929515619027 0
vn 0.9489279200839014 0.3154929515619027 0
vn 0.9489279200839014 0.3154929515619027 0
vn 0.9489279200839014 0.3154929515619027 0
vn 0.9489279200839014 0.3154929515619027 0
vn 0.8965730992488347 0.4428957865043867 0
vn 0.8965730992488347 0.4428957865043867 0
vn 0.8965730992488347 0.4428957865043867 0
vn 0.8965730992488347 0.4428957865043867 0
vn 0.8965730992488347 0.4428957865043867 0
vn 0.8965730992488347 0.4428957865043867 0
vn 0.8254153596130424 0.5645258932191438 0
vn 0.8254153596130424 0.5645258932191438 0
vn 0.8254153596130424 0.5645258932191438 0
vn 0.8254153596130424 0.5645258932191438 0
vn 0.8254153596130424 0.5645258932191438 0
vn 0.8254153596130424 0.5645258932191438 0
vn 0.7370331422000719 0.6758566026152952 0
vn 0.7370331422000719 0.6758566026152952 0
vn 0.7370331422000719 0.6758566026152952 0
vn 0.7370331422000719 0.6758566026152952 0
vn 0.7370331422000719 0.6758566026152952 0
vn 0.7370331422000719 0.6758566026152952 0
vn 0.6344041908842305 0.7730015023197074 0
vn 0.6344041908842305 0.7730015023197074 0
vn 0.6344041908842305 0.7730015023197074 0
vn 0.6344041908842305 0.7730015023197074 0
vn 0.6344041908842305 0.7730015023197074 0
vn 0.6344041908842305 0.7730015023197074 0
vn 0.5216565785148684 0.8531555626567532 0
vn 0.5216565785148684 0.8531555626567532 0
vn 0.5216565785148684 0.8531555626567532 0
vn 0.5216565785148684 0.8531555626567532 0
vn 0.5216565785148684 0.8531555626567532 0
vn 0.5216565785148684 0.8531555626567532 0
vn 0.40325069374615646 0.9150895464342512 0
vn 0.40325069374615646 0.9150895464342512 0
vn 0.40325069374615646 0.9150895464342512 0
vn 0.40325069374615646 0.9150895464342512 0
vn 0.40325069374615646 0.9150895464342512 0
vn 0.40325069374615646 0.9150895464342512 0
vn 0.2834838690569165 0.958977004930004 0
vn 0.2834838690569165 0.958977004930004 0
vn 0.2834838690569165 0.958977004930004 0
vn 0.2834838690569165 0.958977004930004 0
vn 0.2834838690569165 0.958977004930004 0
vn 0.2834838690569165 0.958977004930004 0
vn 0.16601341820081944 0.9861234937761496 0
vn 0.16601341820081944 0.9861234937761496 0
vn 0.16601341820081944 0.9861234937761496 0
vn 0.16601341820081944 0.9861234937761496 0
vn 0.16601341820081944 0.9861234937761496 0
vn 0.16601341820081944 0.9861234937761496 0
vn 0.053525943869659205 0.998566459146742 0
vn 0.053525943869659205 0.998566459146742 0
vn 0.053525943869659205 0.998566459146742 0
vn 0.053525943869659205 0.998566459146742 0
vn 0.053525943869659205 0.998566459146742 0
vn 0.053525943869659205 0.998566459146742 0
vn -0.05232028720491498 0.9986303558107953 0
vn -0.05232028720491498 0.9986303558107953 0
vn -0.05232028720491498 0.9986303558107953 0
vn -0.05232028720491498 0.9986303558107953 0
vn -0.05232028720491498 0.9986303558107953 0
vn -0.05232028720491498 0.9986303558107953 0
vn -0.16273696843964602 0.9866694882801808 0
vn -0.16273696843964602 0.9866694882801808 0
vn -0.16273696843964602 0.9866694882801808 0
vn -0.16273696843964602 0.9866694882801808 0
vn -0.16273696843964602 0.9866694882801808 0
vn -0.16273696843964602 0.9866694882801808 0
vn -0.27879258716474253 0.9603513384912781 0
vn -0.27879258716474253 0.9603513384912781 0
vn -0.27879258716474253 0.9603513384912781 0
vn -0.27879258716474253 0.9603513384912781 0
vn -0.27879258716474253 0.9603513384912781 0
vn -0.27879258716474253 0.9603513384912781 0
vn -0.3978881836605778 0.9174339176765193 0
vn -0.3978881836605778 0.9174339176765193 0
vn -0.3978881836605778 0.9174339176765193 0
vn -0.3978881836605778 0.9174339176765193 0
vn -0.3978881836605778 0.9174339176765193 0
vn -0.3978881836605778 0.9174339176765193 0
vn -0.5164327052285363 0.8563277765962842 0
vn -0.5164327052285363 0.8563277765962842 0
vn -0.5164327052285363 0.8563277765962842 0
vn -0.5164327052285363 0.8563277765962842 0
vn -0.5164327052285363 0.8563277765962842 0
vn -0.5164327052285363 0.8563277765962842 0
vn -0.629974536303627 0.7766157889259205 0
vn -0.629974536303627 0.7766157889259205 0
vn -0.629974536303627 0.7766157889259205 0
vn -0.629974536303627 0.7766157889259205 0
vn -0.629974536303627 0.7766157889259205 0
vn -0.629974536303627 0.7766157889259205 0
vn -0.73372579839086 0.6794456952367092 0
vn -0.73372579839086 0.6794456952367092 0
vn -0.73372579839086 0.6794456952367092 0
vn -0.73372579839086 0.6794456952367092 0
vn -0.73372579839086 0.6794456952367092 0
vn -0.73372579839086 0.6794456952367092 0
vn -0.8233519622683657 0.5675310971469596 0
vn -0.8233519622683657 0.5675310971469596 0
vn -0.8233519622683657 0.5675310971469596 0
vn -0.8233519622683657 0.5675310971469596 0
vn -0.8233519622683657 0.5675310971469596 0
vn -0.8233519622683657 0.5675310971469596 0
vn -0.895509186181033 0.4450430287796719 0
vn -0.895509186181033 0.4450430287796719 0
vn -0.895509186181033 0.4450430287796719 0
vn -0.895509186181033 0.4450430287796719 0
vn -0.895509186181033 0.4450430287796719 0
vn -0.895509186181033 0.4450430287796719 0
vn -0.948529474539841 0.3166888629699079 0
vn -0.948529474539841 0.3166888629699079 0
vn -0.948529474539841 0.3166888629699079 0
vn -0.948529474539841 0.3166888629699079 0
vn -0.948529474539841 0.3166888629699079 0
vn -0.948529474539841 0.3166888629699079 0
vn -0.9823053642263705 0.1872863353587161 0
vn -0.9823053642263705 0.1872863353587161 0
vn -0.9823053642263705 0.1872863353587161 0
vn -0.9823053642263705 0.1872863353587161 0
vn -0.9823053642263705 0.1872863353587161 0
vn -0.9823053642263705 0.1872863353587161 0
vn -0.9981432831664818 0.060909656620574154 0
vn -0.9981432831664818 0.060909656620574154 0
vn -0.9981432831664818 0.060909656620574154 0
vn -0.9981432831664818 0.060909656620574154 0
vn -0.9981432831664818 0.060909656620574154 0
vn -0.9981432831664818 0.060909656620574154 0
vn -0.998236523489256 -0.05936196738724537 0
vn -0.998236523489256 -0.05936196738724537 0
vn -0.998236523489256 -0.05936196738724537 0
vn -0.998236523489256 -0.05936196738724537 0
vn -0.998236523489256 -0.05936196738724537 0
vn -0.998236523489256 -0.05936196738724537 0
vn -0.9830736840631729 -0.18321062115079725 0
vn -0.9830736840631729 -0.18321062115079725 0
vn -0.9830736840631729 -0.18321062115079725 0
vn -0.9830736840631729 -0.18321062115079725 0
vn -0.9830736840631729 -0.18321062115079725 0
vn -0.9830736840631729 -0.18321062115079725 0
vn -0.9503951274194822 -0.3110451764250751 0
vn -0.9503951274194822 -0.3110451764250751 0
vn -0.9503951274194822 -0.3110451764250751 0
vn -0.9503951274194822 -0.3110451764250751 0
vn -0.9503951274194822 -0.3110451764250751 0
vn -0.9503951274194822 -0.3110451764250751 0
vn -0.8985401392302689 -0.43889135123860556 0
vn -0.8985401392302689 -0.43889135123860556 0
vn -0.8985401392302689 -0.43889135123860556 0
vn -0.8985401392302689 -0.43889135123860556 0
vn -0.8985401392302689 -0.43889135123860556 0
vn -0.8985401392302689 -0.43889135123860556 0
vn -0.8272455229196903 -0.5618405866518793 0
vn -0.8272455229196903 -0.5618405866518793 0
vn -0.8272455229196903 -0.5618405866518793 0
vn -0.8272455229196903 -0.5618405866518793 0
vn -0.8272455229196903 -0.5618405866518793 0
vn -0.8272455229196903 -0.5618405866518793 0
vn -0.7379269694980146 -0.674880572907145 0
vn -0.7379269694980146 -0.674880572907145 0
vn -0.7379269694980146 -0.674880572907145 0
vn -0.7379269694980146 -0.674880572907145 0
vn -0.7379269694980146 -0.674880572907145 0
vn -0.7379269694980146 -0.674880572907145 0
vn -0.6338622799297492 -0.7734459322294354 0
vn -0.6338622799297492 -0.7734459322294354 0
vn -0.6338622799297492 -0.7734459322294354 0
vn -0.6338622799297492 -0.7734459322294354 0
vn -0.6338622799297492 -0.7734459322294354 0
vn -0.6338622799297492 -0.7734459322294354 0
vn -0.519521114575021 -0.8544576124716357 0
vn -0.519521114575021 -0.8544576124716357 0
vn -0.519521114575021 -0.8544576124716357 0
vn -0.519521114575021 -0.8544576124716357 0
vn -0.519521114575021 -0.8544576124716357 0
vn -0.519521114575021 -0.8544576124716357 0
vn -0.3999676740569297 -0.9165292465107098 0
vn -0.3999676740569297 -0.9165292465107098 0
vn -0.3999676740569297 -0.9165292465107098 0
vn -0.3999676740569297 -0.9165292465107098 0
vn -0.3999676740569297 -0.9165292465107098 0
vn -0.3999676740569297 -0.9165292465107098 0
vn -0.2799065782616177 -0.9600272430748374 0
vn -0.2799065782616177 -0.9600272430748374 0
vn -0.2799065782616177 -0.9600272430748374 0
vn -0.2799065782616177 -0.9600272430748374 0
vn -0.2799065782616177 -0.9600272430748374 0
vn -0.2799065782616177 -0.9600272430748374 0
vn -0.16314798879878858 -0.9866016084270846 0
vn -0.16314798879878858 -0.9866016084270846 0
vn -0.16314798879878858 -0.9866016084270846 0
vn -0.16314798879878858 -0.9866016084270846 0
vn -0.16314798879878858 -0.9866016084270846 0
vn -0.16314798879878858 -0.9866016084270846 0
vn -0.052381330787095434 -0.9986271557418078 0
vn -0.052381330787095434 -0.9986271557418078 0
vn -0.052381330787095434 -0.9986271557418078 0
vn -0.052381330787095434 -0.9986271557418078 0
vn -0.052381330787095434 -0.9986271557418078 0
vn -0.052381330787095434 -0.9986271557418078 0
vn 0.05358838287057959 -0.9985631102846311 0
vn 0.05358838287057959 -0.9985631102846311 0
vn 0.05358838287057959 -0.9985631102846311 0
vn 0.05358838287057959 -0.9985631102846311 0
vn 0.05358838287057959 -0.9985631102846311 0
vn 0.05358838287057959 -0.9985631102846311 0
vn 0.1664322501763914 -0.9860528921418076 0
vn 0.1664322501763914 -0.9860528921418076 0
vn 0.1664322501763914 -0.9860528921418076 0
vn 0.1664322501763914 -0.9860528921418076 0
vn 0.1664322501763914 -0.9860528921418076 0
vn 0.1664322501763914 -0.9860528921418076 0
vn 0.28461330667539625 -0.9586424076073919 0
vn 0.28461330667539625 -0.9586424076073919 0
vn 0.28461330667539625 -0.9586424076073919 0
vn 0.28461330667539625 -0.9586424076073919 0
vn 0.28461330667539625 -0.9586424076073919 0
vn 0.28461330667539625 -0.9586424076073919 0
vn 0.4053473692096608 -0.9141627373038167 0
vn 0.4053473692096608 -0.9141627373038167 0
vn 0.4053473692096608 -0.9141627373038167 0
vn 0.4053473692096608 -0.9141627373038167 0
vn 0.4053473692096608 -0.9141627373038167 0
vn 0.4053473692096608 -0.9141627373038167 0
vn 0.5247529186398121 -0.8512545884628162 0
vn 0.5247529186398121 -0.8512545884628162 0
vn 0.5247529186398121 -0.8512545884628162 0
vn 0.5247529186398121 -0.8512545884628162 0
vn 0.5247529186398121 -0.8512545884628162 0
vn 0.5247529186398121 -0.8512545884628162 0
vn 0.63828258792171 -0.7698021420832527 0
vn 0.63828258792171 -0.7698021420832527 0
vn 0.63828258792171 -0.7698021420832527 0
vn 0.63828258792171 -0.7698021420832527 0
vn 0.63828258792171 -0.7698021420832527 0
vn 0.63828258792171 -0.7698021420832527 0
vn 0.741208372117415 -0.6712750174876552 0
vn 0.741208372117415 -0.6712750174876552 0
vn 0.741208372117415 -0.6712750174876552 0
vn 0.741208372117415 -0.6712750174876552 0
vn 0.741208372117415 -0.6712750174876552 0
vn 0.741208372117415 -0.6712750174876552 0
vn 0.8292771608071301 -0.5588375350347051 0
vn 0.8292771608071301 -0.5588375350347051 0
vn 0.8292771608071301 -0.5588375350347051 0
vn 0.8292771608071301 -0.5588375350347051 0
vn 0.8292771608071301 -0.5588375350347051 0
vn 0.8292771608071301 -0.5588375350347051 0
vn 0.8995783152034342 -0.4367594931031845 0
vn 0.8995783152034342 -0.4367594931031845 0
vn 0.8995783152034342 -0.4367594931031845 0
vn 0.8995783152034342 -0.4367594931031845 0
vn 0.8995783152034342 -0.4367594931031845 0
vn 0.8995783152034342 -0.4367594931031845 0
vn 0.9507802473183501 -0.3098659731388027 0
vn 0.9507802473183501 -0.3098659731388027 0
vn 0.9507802473183501 -0.3098659731388027 0
vn 0.9507802473183501 -0.3098659731388027 0
vn 0.9507802473183501 -0.3098659731388027 0
vn 0.9507802473183501 -0.3098659731388027 0
vn 0.9831578970983059 -0.18275817183709472 0
vn 0.9831578970983059 -0.18275817183709472 0
vn 0.9831578970983059 -0.18275817183709472 0
vn 0.9831578970983059 -0.18275817183709472 0
vn 0.9831578970983059 -0.18275817183709472 0
vn 0.9831578970983059 -0.18275817183709472 0
vn 0.9982406089156057 -0.059293226525470775 0
vn 0.9982406089156057 -0.059293226525470775 0
vn 0.9982406089156057 -0.059293226525470775 0
vn 0.9982406089156057 -0.059293226525470775 0
vn 0.9982406089156057 -0.059293226525470775 0
vn 0.9982406089156057 -0.059293226525470775 0
vn 0.9981475841759587 0.0608391338177762 0
vn 0.9981475841759587 0.0608391338177762 0
vn 0.9981475841759587 0.0608391338177762 0
vn 0.9981475841759587 0.0608391338177762 0
vn 0.9981475841759587 0.0608391338177762 0
vn 0.9981475841759587 0.0608391338177762 0
vn 0 0 -1
vn 0 0 -1
vn 0 0 -1
vn 0 0 -1
vn 0 0 -1
vn 0 0 -1
vn 0 0 1
vn 0 0 1
vn 0 0 1
vn 0 0 1
vn 0 0 1
vn 0 0 1
vn 0 1 0
vn 0 1 0
vn 0 1 0
vn 0 1 0
vn 0 1 0
vn 0 1 0
vn -1 0 0
vn -1 0 0
vn -1 0 0
vn -1 0 0
vn -1 0 0
vn -1 0 0
vn 0 -1 0
vn 0 -1 0
vn 0 -1 0
vn 0 -1 0
vn 0 -1 0
vn 0 -1 0
vn 1 0 0
vn 1 0 0
vn 1 0 0
vn 1 0 0
vn 1 0 0
vn 1 0 0
vn 0 0 -1
vn 0 0 -1
vn 0 0 -1
vn 0 0 -1
vn 0 0 -1
vn 0 0 -1
vn 0 0 -1
vn 0 0 -1
vn 0 0 -1
vn 0 0 -1
vn 0 0 -1
vn 0 0 -1
vn 0 0 -1
vn 0 0 -1
vn 0 0 -1
vn 0 0 -1
vn 0 0 -1
vn 0 0 -1
vn 0 0 -1
vn 0 0 -1
vn 0 0 -1
vn 0 0 -1
vn 0 0 -1
vn 0 0 -1
vn 0 0 -1
vn 0 0 -1
vn 0 0 -1
vn 0 0 -1
vn 0 0 -1
vn 0 0 -1
vn 0 0 -1
vn 0 0 -1
vn 0 0 -1
vn 0 0 -1
vn 0 0 -1
vn 0 0 -1
vn 0 0 -1
vn 0 0 -1
vn 0 0 -1
vn 0 0 -1
vn 0 0 -1
vn 0 0 -1
vn 0 0 -1
vn 0 0 -1
vn 0 0 -1
vn 0 0 -1
vn 0 0 -1
vn 0 0 -1
vn 0 0 -1
vn 0 0 -1
vn 0 0 -1
vn 0 0 -1
vn 0 0 -1
vn 0 0 -1
vn 0 0 -1
vn 0 0 -1
vn 0 0 -1
vn 0 0 -1
vn 0 0 -1
vn 0 0 -1
vn 0 0 -1
vn 0 0 -1
vn 0 0 -1
vn 0 0 -1
vn 0 0 -1
vn 0 0 -1
vn 0 0 -1
vn 0 0 -1
vn 0 0 -1
vn 0 0 -1
vn 0 0 -1
vn 0 0 -1
vn 0 0 -1
vn 0 0 -1
vn 0 0 -1
vn 0 0 -1
vn 0 0 -1
vn 0 0 -1
vn 0 0 -1
vn 0 0 -1
vn 0 0 -1
vn 0 0 -1
vn 0 0 -1
vn 0 0 -1
vn 0 0 -1
vn 0 0 -1
vn 0 0 -1
vn 0 0 -1
vn 0 0 -1
vn 0 0 -1
vn 0 0 -1
vn 0 0 -1
vn 0 0 -1
vn 0 0 -1
vn 0 0 -1
vn 0 0 -1
vn 0 0 -1
vn 0 0 -1
vn 0 0 -1
vn 0 0 -1
vn 0 0 -1
vn 0 0 -1
vn 0 0 -1
vn 0 0 -1
vn 0 0 -1
vn 0 0 -1
vn 0 0 -1
vn 0 0 -1
vn 0 0 -1
vn 0 0 -1
vn 0 0 -1
vn 0 0 -1
vn 0 0 -1
vn 0 0 -1
vn 0 0 -1
vn 0 0 -1
vn 0 0 -1
vn 0 0 -1
vn 0 0 -1
vn 0 0 -1
vn 0 0 -1
vn 0 0 -1
vn 0 0 -1
vn 0 0 -1
vn 0 0 -1
vn 0 0 -1
vn 0 0 -1
vn 0 0 -1
vn 0 0 -1
vn 0 0 -1
vn 0 0 -1
vn 0 0 -1
vn 0 0 -1
vn 0 0 -1
vn 0 0 -1
vn 0 0 -1
vn 0 0 -1
vn 0 0 -1
vn 0 0 -1
vn 0 0 -1
vn 0 0 -1
vn 0 0 -1
vn 0 0 -1
vn 0 0 -1
vn 0 0 -1
vn 0 0 -1
vn 0 0 -1
vn 0 0 -1
vn 0 0 -1
vn 0 0 -1
vn 0 0 -1
vn 0 0 -1
vn 0 0 -1
vn 0 0 -1
vn 0 0 -1
vn 0 0 -1
vn 0 0 -1
vn 0 0 -1
vn 0 0 -1
vn 0 0 -1
vn 0 0 -1
vn 0 0 -1
vn 0 0 -1
vn 0 0 -1
vn 0 0 -1
vn 0 0 -1
vn 0 0 -1
vn 0 0 -1
vn 0 0 -1
vn 0 0 -1
vn 0 0 -1
vn 0 0 -1
vn 0 0 -1
vn 0 0 -1
vn 0 0 -1
vn 0 0 -1
vn 0 0 -1
vn 0 0 -1
vn 0 0 -1
vn 0 0 -1
vn 0 0 -1
vn 0 0 -1
vn 0 0 -1
vn 0 0 -1
vn 0 0 -1
vn 0 0 -1
vn 0 0 -1
vn 0 0 -1
vn 0 0 -1
vn 0 0 -1
vn 0 0 -1
vn 0 0 -1
vn 0 0 -1
vn 0 0 -1
vn 0 0 -1
vn 0 0 -1
vn 0 0 -1
vn 0 0 -1
vn 0 0 -1
vn 0 0 -1
vn 0 0 -1
vn 0 0 -1
vn 0 0 -1
vn 0 0 -1
vn 0 0 -1
vn 0 0 -1
vn 0 0 -1
vn 0 0 -1
vn 0 0 -1
vn 0 0 -1
vn 0 0 -1
vn 0 0 -1
vn 0 0 -1
vn 0 0 -1
vn 0 0 -1
vn 0 0 -1
vn 0 0 -1
vn 0 0 -1
vn 0 0 -1
vn 0 0 -1
vn 0 0 -1
vn 0 0 -1
vn 0 0 -1
vn 0 0 -1
vn 0 0 -1
vn 0 0 -1
vn 0 0 -1
vn 0 0 -1
vn 0 0 -1
vn 0 0 -1
vn 0 0 -1
vn 0 0 -1
vn 0 0 -1
vn 0 0 -1
vn 0 0 -1
vn 0 0 -1
vn 0 0 -1
vn 0 0 -1
vn 0 0 -1
vn 0 0 -1
vn 0 0 -1
vn 0 0 -1
vn 0 0 -1
vn 0 0 -1
vn 0 0 -1
vn 0 0 -1
vn 0 0 -1
vn 0 0 -1
vn 0 0 -1
vn 0 0 -1
vn 0 0 -1
vn 0 0 -1
vn 0 0 -1
vn 0 0 -1
vn 0 0 -1
vn 0 0 -1
vn 0 0 -1
vn 0 0 -1
vn 0 0 -1
vn 0 0 -1
vn 0 0 -1
vn 0 0 -1
vn 0 0 -1
vn 0 0 -1
vn 0 0 -1
vn 0 0 -1
vn 0 0 -1
vn 0 0 -1
vn 0 0 -1
vn 0 0 -1
vn 0 0 -1
vn 0 0 -1
vn 0 0 -1
vn 0 0 -1
vn 0 0 -1
vn 0 0 -1
vn 0 0 -1
vn 0 0 -1
vn 0 0 -1
vn 0 0 -1
vn 0 0 -1
vn 0 0 -1
vn 0 0 -1
vn 0 0 -1
vn 0 0 -1
vn 0 0 -1
vn 0 0 -1
vn 0 0 -1
vn 0 0 -1
vn 0 0 -1
vn 0 0 -1
vn 0 0 -1
vn 0 0 -1
vn 0 0 -1
vn 0 0 -1
vn 0 0 -1
vn 0 0 -1
vn 0 0 -1
vn 0 0 -1
vn 0 0 -1
vn 0 0 -1
vn 0 0 -1
vn 0 0 -1
vn 0 0 -1
vn 0 0 -1
vn 0 0 -1
vn 0 0 -1
vn 0 0 -1
vn 0 0 -1
vn 0 0 -1
vn 0 0 -1
vn 0 0 -1
vn 0 0 -1
vn 0 0 -1
vn 0 0 -1
vn 0 0 -1
vn 0 0 -1
vn 0 0 -1
vn 0 0 -1
vn 0 0 -1
vn 0 0 -1
vn 0 0 -1
vn 0 0 -1
vn 0 0 -1
vn 0 0 -1
vn 0 0 -1
vn 0 0 -1
vn 0 0 -1
vn 0 0 -1
vn 0 0 -1
vn 0 0 -1
vn 0 0 -1
vn 0 0 -1
vn 0 0 -1
vn 0 0 -1
vn 0 0 -1
vn 0 0 1
vn 0 0 1
vn 0 0 1
vn 0 0 1
vn 0 0 1
vn 0 0 1
vn 0 0 1
vn 0 0 1
vn 0 0 1
vn 0 0 1
vn 0 0 1
vn 0 0 1
vn 0 0 1
vn 0 0 1
vn 0 0 1
vn 0 0 1
vn 0 0 1
vn 0 0 1
vn 0 0 1
vn 0 0 1
vn 0 0 1
vn 0 0 1
vn 0 0 1
vn 0 0 1
vn 0 0 1
vn 0 0 1
vn 0 0 1
vn 0 0 1
vn 0 0 1
vn 0 0 1
vn 0 0 1
vn 0 0 1
vn 0 0 1
vn 0 0 1
vn 0 0 1
vn 0 0 1
vn 0 0 1
vn 0 0 1
vn 0 0 1
vn 0 0 1
vn 0 0 1
vn 0 0 1
vn 0 0 1
vn 0 0 1
vn 0 0 1
vn 0 0 1
vn 0 0 1
vn 0 0 1
vn 0 0 1
vn 0 0 1
vn 0 0 1
vn 0 0 1
vn 0 0 1
vn 0 0 1
vn 0 0 1
vn 0 0 1
vn 0 0 1
vn 0 0 1
vn 0 0 1
vn 0 0 1
vn 0 0 1
vn 0 0 1
vn 0 0 1
vn 0 0 1
vn 0 0 1
vn 0 0 1
vn 0 0 1
vn 0 0 1
vn 0 0 1
vn 0 0 1
vn 0 0 1
vn 0 0 1
vn 0 0 1
vn 0 0 1
vn 0 0 1
vn 0 0 1
vn 0 0 1
vn 0 0 1
vn 0 0 1
vn 0 0 1
vn 0 0 1
vn 0 0 1
vn 0 0 1
vn 0 0 1
vn 0 0 1
vn 0 0 1
vn 0 0 1
vn 0 0 1
vn 0 0 1
vn 0 0 1
vn 0 0 1
vn 0 0 1
vn 0 0 1
vn 0 0 1
vn 0 0 1
vn 0 0 1
vn 0 0 1
vn 0 0 1
vn 0 0 1
vn 0 0 1
vn 0 0 1
vn 0 0 1
vn 0 0 1
vn 0 0 1
vn 0 0 1
vn 0 0 1
vn 0 0 1
vn 0 0 1
vn 0 0 1
vn 0 0 1
vn 0 0 1
vn 0 0 1
vn 0 0 1
vn 0 0 1
vn 0 0 1
vn 0 0 1
vn 0 0 1
vn 0 0 1
vn 0 0 1
vn 0 0 1
vn 0 0 1
vn 0 0 1
vn 0 0 1
vn 0 0 1
vn 0 0 1
vn 0 0 1
vn 0 0 1
vn 0 0 1
vn 0 0 1
vn 0 0 1
vn 0 0 1
vn 0 0 1
vn 0 0 1
vn 0 0 1
vn 0 0 1
vn 0 0 1
vn 0 0 1
vn 0 0 1
vn 0 0 1
vn 0 0 1
vn 0 0 1
vn 0 0 1
vn 0 0 1
vn 0 0 1
vn 0 0 1
vn 0 0 1
vn 0 0 1
vn 0 0 1
vn 0 0 1
vn 0 0 1
vn 0 0 1
vn 0 0 1
vn 0 0 1
vn 0 0 1
vn 0 0 1
vn 0 0 1
vn 0 0 1
vn 0 0 1
vn 0 0 1
vn 0 0 1
vn 0 0 1
vn 0 0 1
vn 0 0 1
vn 0 0 1
vn 0 0 1
vn 0 0 1
vn 0 0 1
vn 0 0 1
vn 0 0 1
vn 0 0 1
vn 0 0 1
vn 0 0 1
vn 0 0 1
vn 0 0 1
vn 0 0 1
vn 0 0 1
vn 0 0 1
vn 0 0 1
vn 0 0 1
vn 0 0 1
vn 0 0 1
vn 0 0 1
vn 0 0 1
vn 0 0 1
vn 0 0 1
vn 0 0 1
vn 0 0 1
vn 0 0 1
vn 0 0 1
vn 0 0 1
vn 0 0 1
vn 0 0 1
vn 0 0 1
vn 0 0 1
vn 0 0 1
vn 0 0 1
vn 0 0 1
vn 0 0 1
vn 0 0 1
vn 0 0 1
vn 0 0 1
vn 0 0 1
vn 0 0 1
vn 0 0 1
vn 0 0 1
vn 0 0 1
vn 0 0 1
vn 0 0 1
vn 0 0 1
vn 0 0 1
vn 0 0 1
vn 0 0 1
vn 0 0 1
vn 0 0 1
vn 0 0 1
vn 0 0 1
vn 0 0 1
vn 0 0 1
vn 0 0 1
vn 0 0 1
vn 0 0 1
vn 0 0 1
vn 0 0 1
vn 0 0 1
vn 0 0 1
vn 0 0 1
vn 0 0 1
vn 0 0 1
vn 0 0 1
vn 0 0 1
vn 0 0 1
vn 0 0 1
vn 0 0 1
vn 0 0 1
vn 0 0 1
vn 0 0 1
vn 0 0 1
vn 0 0 1
vn 0 0 1
vn 0 0 1
vn 0 0 1
vn 0 0 1
vn 0 0 1
vn 0 0 1
vn 0 0 1
vn 0 0 1
vn 0 0 1
vn 0 0 1
vn 0 0 1
vn 0 0 1
vn 0 0 1
vn 0 0 1
vn 0 0 1
vn 0 0 1
vn 0 0 1
vn 0 0 1
vn 0 0 1
vn 0 0 1
vn 0 0 1
vn 0 0 1
vn 0 0 1
vn 0 0 1
vn 0 0 1
vn 0 0 1
vn 0 0 1
vn 0 0 1
vn 0 0 1
vn 0 0 1
vn 0 0 1
vn 0 0 1
vn 0 0 1
vn 0 0 1
vn 0 0 1
vn 0 0 1
vn 0 0 1
vn 0 0 1
vn 0 0 1
vn 0 0 1
vn 0 0 1
vn 0 0 1
vn 0 0 1
vn 0 0 1
vn 0 0 1
vn 0 0 1
vn 0 0 1
vn 0 0 1
vn 0 0 1
vn 0 0 1
vn 0 0 1
vn 0 0 1
vn 0 0 1
vn 0 0 1
vn 0 0 1
vn 0 0 1
vn 0 0 1
vn 0 0 1
vn 0 0 1
vn 0 0 1
vn 0 0 1
vn 0 0 1
vn 0 0 1
vn 0 0 1
vn 0 0 1
vn 0 0 1
vn 0 0 1
vn 0 0 1
vn 0 0 1
vn 0 0 1
vn 0 0 1
vn 0 0 1
vn 0 0 1
vn 0 0 1
vn 0 0 1
vn 0 0 1
vn 0 0 1
vn 0 0 1
vn 0 0 1
vn 0 0 1
vn 0 0 1
vn 0 0 1
vn 0 0 1
vn 0 0 1
vn 0 0 1
vn 0 0 1
vn 0 0 1
vn 0 0 1
vn 0 0 1
vn 0 0 1
vn 0 0 1
vn 0 0 1
vn 0 0 1
vn 0 0 1
vn 0 0 1
vn 0 0 1
vn 0 0 1
vn 0 0 1
vn 0.9787472075825756 0.2050704845883742 0
vn 0.9787472075825756 0.2050704845883742 0
vn 0.9787472075825756 0.2050704845883742 0
vn 0.9787472075825756 0.2050704845883742 0
vn 0.9787472075825756 0.2050704845883742 0
vn 0.9787472075825756 0.2050704845883742 0
vn 0.9373848881996192 0.34829523593495726 0
vn 0.9373848881996192 0.34829523593495726 0
vn 0.9373848881996192 0.34829523593495726 0
vn 0.9373848881996192 0.34829523593495726 0
vn 0.9373848881996192 0.34829523593495726 0
vn 0.9373848881996192 0.34829523593495726 0
vn 0.872250620699948 0.4890591525455336 0
vn 0.872250620699948 0.4890591525455336 0
vn 0.872250620699948 0.4890591525455336 0
vn 0.872250620699948 0.4890591525455336 0
vn 0.872250620699948 0.4890591525455336 0
vn 0.872250620699948 0.4890591525455336 0
vn 0.7849985979195082 0.6194975393529875 0
vn 0.7849985979195082 0.6194975393529875 0
vn 0.7849985979195082 0.6194975393529875 0
vn 0.7849985979195082 0.6194975393529875 0
vn 0.7849985979195082 0.6194975393529875 0
vn 0.7849985979195082 0.6194975393529875 0
vn 0.6805501041470728 0.7327015461601047 0
vn 0.6805501041470728 0.7327015461601047 0
vn 0.6805501041470728 0.7327015461601047 0
vn 0.6805501041470728 0.7327015461601047 0
vn 0.6805501041470728 0.7327015461601047 0
vn 0.6805501041470728 0.7327015461601047 0
vn 0.5659667670532362 0.8244280554368026 0
vn 0.5659667670532362 0.8244280554368026 0
vn 0.5659667670532362 0.8244280554368026 0
vn 0.5659667670532362 0.8244280554368026 0
vn 0.5659667670532362 0.8244280554368026 0
vn 0.5659667670532362 0.8244280554368026 0
vn 0.448553506409793 0.8937559800569055 0
vn 0.448553506409793 0.8937559800569055 0
vn 0.448553506409793 0.8937559800569055 0
vn 0.448553506409793 0.8937559800569055 0
vn 0.448553506409793 0.8937559800569055 0
vn 0.448553506409793 0.8937559800569055 0
vn 0.3342589961601874 0.9424812589574308 0
vn 0.3342589961601874 0.9424812589574308 0
vn 0.3342589961601874 0.9424812589574308 0
vn 0.3342589961601874 0.9424812589574308 0
vn 0.3342589961601874 0.9424812589574308 0
vn 0.3342589961601874 0.9424812589574308 0
vn 0.22702557902509773 0.9738887957402113 0
vn 0.22702557902509773 0.9738887957402113 0
vn 0.22702557902509773 0.9738887957402113 0
vn 0.22702557902509773 0.9738887957402113 0
vn 0.22702557902509773 0.9738887957402113 0
vn 0.22702557902509773 0.9738887957402113 0
vn 0.12888200538461203 0.9916599360103447 0
vn 0.12888200538461203 0.9916599360103447 0
vn 0.12888200538461203 0.9916599360103447 0
vn 0.12888200538461203 0.9916599360103447 0
vn 0.12888200538461203 0.9916599360103447 0
vn 0.12888200538461203 0.9916599360103447 0
vn 0.04044401641637846 0.9991818060473838 0
vn 0.04044401641637846 0.9991818060473838 0
vn 0.04044401641637846 0.9991818060473838 0
vn 0.04044401641637846 0.9991818060473838 0
vn 0.04044401641637846 0.9991818060473838 0
vn 0.04044401641637846 0.9991818060473838 0
vn -0.042711990689927905 0.9990874265304831 0
vn -0.042711990689927905 0.9990874265304831 0
vn -0.042711990689927905 0.9990874265304831 0
vn -0.042711990689927905 0.9990874265304831 0
vn -0.042711990689927905 0.9990874265304831 0
vn -0.042711990689927905 0.9990874265304831 0
vn -0.1352050937218915 0.9908176333875243 0
vn -0.1352050937218915 0.9908176333875243 0
vn -0.1352050937218915 0.9908176333875243 0
vn -0.1352050937218915 0.9908176333875243 0
vn -0.1352050937218915 0.9908176333875243 0
vn -0.1352050937218915 0.9908176333875243 0
vn -0.23636577031025313 0.971664151147731 0
vn -0.23636577031025313 0.971664151147731 0
vn -0.23636577031025313 0.971664151147731 0
vn -0.23636577031025313 0.971664151147731 0
vn -0.23636577031025313 0.971664151147731 0
vn -0.23636577031025313 0.971664151147731 0
vn -0.3451781309828538 0.9385371904677959 0
vn -0.3451781309828538 0.9385371904677959 0
vn -0.3451781309828538 0.9385371904677959 0
vn -0.3451781309828538 0.9385371904677959 0
vn -0.3451781309828538 0.9385371904677959 0
vn -0.3451781309828538 0.9385371904677959 0
vn -0.45934369227057364 0.8882586179549493 0
vn -0.45934369227057364 0.8882586179549493 0
vn -0.45934369227057364 0.8882586179549493 0
vn -0.45934369227057364 0.8882586179549493 0
vn -0.45934369227057364 0.8882586179549493 0
vn -0.45934369227057364 0.8882586179549493 0
vn -0.5749759623088302 0.8181703018119362 0
vn -0.5749759623088302 0.8181703018119362 0
vn -0.5749759623088302 0.8181703018119362 0
vn -0.5749759623088302 0.8181703018119362 0
vn -0.5749759623088302 0.8181703018119362 0
vn -0.5749759623088302 0.8181703018119362 0
vn -0.6866430091428556 0.7269947578870457 0
vn -0.6866430091428556 0.7269947578870457 0
vn -0.6866430091428556 0.7269947578870457 0
vn -0.6866430091428556 0.7269947578870457 0
vn -0.6866430091428556 0.7269947578870457 0
vn -0.6866430091428556 0.7269947578870457 0
vn -0.7879574963866962 0.6157296353822913 0
vn -0.7879574963866962 0.6157296353822913 0
vn -0.7879574963866962 0.6157296353822913 0
vn -0.7879574963866962 0.6157296353822913 0
vn -0.7879574963866962 0.6157296353822913 0
vn -0.7879574963866962 0.6157296353822913 0
vn -0.8728424524860144 0.4880021036206704 0
vn -0.8728424524860144 0.4880021036206704 0
vn -0.8728424524860144 0.4880021036206704 0
vn -0.8728424524860144 0.4880021036206704 0
vn -0.8728424524860144 0.4880021036206704 0
vn -0.8728424524860144 0.4880021036206704 0
vn -0.9368844023610408 0.34963926640552767 0
vn -0.9368844023610408 0.34963926640552767 0
vn -0.9368844023610408 0.34963926640552767 0
vn -0.9368844023610408 0.34963926640552767 0
vn -0.9368844023610408 0.34963926640552767 0
vn -0.9368844023610408 0.34963926640552767 0
vn -0.9782581606440686 0.20739086559750858 0
vn -0.9782581606440686 0.20739086559750858 0
vn -0.9782581606440686 0.20739086559750858 0
vn -0.9782581606440686 0.20739086559750858 0
vn -0.9782581606440686 0.20739086559750858 0
vn -0.9782581606440686 0.20739086559750858 0
vn -0.9977190531610294 0.06750326628733705 0
vn -0.9977190531610294 0.06750326628733705 0
vn -0.9977190531610294 0.06750326628733705 0
vn -0.9977190531610294 0.06750326628733705 0
vn -0.9977190531610294 0.06750326628733705 0
vn -0.9977190531610294 0.06750326628733705 0
vn -1 0 0
vn -1 0 0
vn -1 0 0
vn -1 0 0
vn -1 0 0
vn -1 0 0
vn -0.9977242347715214 -0.0674266367957222 0
vn -0.9977242347715214 -0.0674266367957222 0
vn -0.9977242347715214 -0.0674266367957222 0
vn -0.9977242347715214 -0.0674266367957222 0
vn -0.9977242347715214 -0.0674266367957222 0
vn -0.9977242347715214 -0.0674266367957222 0
vn -0.9783735683442982 -0.2068457414723459 0
vn -0.9783735683442982 -0.2068457414723459 0
vn -0.9783735683442982 -0.2068457414723459 0
vn -0.9783735683442982 -0.2068457414723459 0
vn -0.9783735683442982 -0.2068457414723459 0
vn -0.9783735683442982 -0.2068457414723459 0
vn -0.9373977095576473 -0.34826072720890666 0
vn -0.9373977095576473 -0.34826072720890666 0
vn -0.9373977095576473 -0.34826072720890666 0
vn -0.9373977095576473 -0.34826072720890666 0
vn -0.9373977095576473 -0.34826072720890666 0
vn -0.9373977095576473 -0.34826072720890666 0
vn -0.8741368579467806 -0.4856796820734112 0
vn -0.8741368579467806 -0.4856796820734112 0
vn -0.8741368579467806 -0.4856796820734112 0
vn -0.8741368579467806 -0.4856796820734112 0
vn -0.8741368579467806 -0.4856796820734112 0
vn -0.8741368579467806 -0.4856796820734112 0
vn -0.790346369717852 -0.6126602777019354 0
vn -0.790346369717852 -0.6126602777019354 0
vn -0.790346369717852 -0.6126602777019354 0
vn -0.790346369717852 -0.6126602777019354 0
vn -0.790346369717852 -0.6126602777019354 0
vn -0.790346369717852 -0.6126602777019354 0
vn -0.6901913363862219 -0.7236269198816481 0
vn -0.6901913363862219 -0.7236269198816481 0
vn -0.6901913363862219 -0.7236269198816481 0
vn -0.6901913363862219 -0.7236269198816481 0
vn -0.6901913363862219 -0.7236269198816481 0
vn -0.6901913363862219 -0.7236269198816481 0
vn -0.5794373163855017 -0.815016807421766 0
vn -0.5794373163855017 -0.815016807421766 0
vn -0.5794373163855017 -0.815016807421766 0
vn -0.5794373163855017 -0.815016807421766 0
vn -0.5794373163855017 -0.815016807421766 0
vn -0.5794373163855017 -0.815016807421766 0
vn -0.46420642487607383 -0.8857270432270734 0
vn -0.46420642487607383 -0.8857270432270734 0
vn -0.46420642487607383 -0.8857270432270734 0
vn -0.46420642487607383 -0.8857270432270734 0
vn -0.46420642487607383 -0.8857270432270734 0
vn -0.46420642487607383 -0.8857270432270734 0
vn -0.3498183109323652 -0.9368175645964517 0
vn -0.3498183109323652 -0.9368175645964517 0
vn -0.3498183109323652 -0.9368175645964517 0
vn -0.3498183109323652 -0.9368175645964517 0
vn -0.3498183109323652 -0.9368175645964517 0
vn -0.3498183109323652 -0.9368175645964517 0
vn -0.24018416189379516 -0.970727339872209 0
vn -0.24018416189379516 -0.970727339872209 0
vn -0.24018416189379516 -0.970727339872209 0
vn -0.24018416189379516 -0.970727339872209 0
vn -0.24018416189379516 -0.970727339872209 0
vn -0.24018416189379516 -0.970727339872209 0
vn -0.13772229795374766 -0.9904708822809176 0
vn -0.13772229795374766 -0.9904708822809176 0
vn -0.13772229795374766 -0.9904708822809176 0
vn -0.13772229795374766 -0.9904708822809176 0
vn -0.13772229795374766 -0.9904708822809176 0
vn -0.13772229795374766 -0.9904708822809176 0
vn -0.043599955837708246 -0.9990490697913441 0
vn -0.043599955837708246 -0.9990490697913441 0
vn -0.043599955837708246 -0.9990490697913441 0
vn -0.043599955837708246 -0.9990490697913441 0
vn -0.043599955837708246 -0.9990490697913441 0
vn -0.043599955837708246 -0.9990490697913441 0
vn 0.03806187949135087 -0.9992753841307139 0
vn 0.03806187949135087 -0.9992753841307139 0
vn 0.03806187949135087 -0.9992753841307139 0
vn 0.03806187949135087 -0.9992753841307139 0
vn 0.03806187949135087 -0.9992753841307139 0
vn 0.03806187949135087 -0.9992753841307139 0
vn 0.11960103904087749 -0.9928220341331787 0
vn 0.11960103904087749 -0.9928220341331787 0
vn 0.11960103904087749 -0.9928220341331787 0
vn 0.11960103904087749 -0.9928220341331787 0
vn 0.11960103904087749 -0.9928220341331787 0
vn 0.11960103904087749 -0.9928220341331787 0
vn 0.20710641723537151 -0.9783184205257144 0
vn 0.20710641723537151 -0.9783184205257144 0
vn 0.20710641723537151 -0.9783184205257144 0
vn 0.20710641723537151 -0.9783184205257144 0
vn 0.20710641723537151 -0.9783184205257144 0
vn 0.20710641723537151 -0.9783184205257144 0
vn 0.299563790106624 -0.9540762735006855 0
vn 0.299563790106624 -0.9540762735006855 0
vn 0.299563790106624 -0.9540762735006855 0
vn 0.299563790106624 -0.9540762735006855 0
vn 0.299563790106624 -0.9540762735006855 0
vn 0.299563790106624 -0.9540762735006855 0
vn 0.39538155934982144 -0.9185169691007912 0
vn 0.39538155934982144 -0.9185169691007912 0
vn 0.39538155934982144 -0.9185169691007912 0
vn 0.39538155934982144 -0.9185169691007912 0
vn 0.39538155934982144 -0.9185169691007912 0
vn 0.39538155934982144 -0.9185169691007912 0
vn 0.4923835715725315 -0.870378319149482 0
vn 0.4923835715725315 -0.870378319149482 0
vn 0.4923835715725315 -0.870378319149482 0
vn 0.4923835715725315 -0.870378319149482 0
vn 0.4923835715725315 -0.870378319149482 0
vn 0.4923835715725315 -0.870378319149482 0
vn 0.5879272901639946 -0.8089137787678128 0
vn 0.5879272901639946 -0.8089137787678128 0
vn 0.5879272901639946 -0.8089137787678128 0
vn 0.5879272901639946 -0.8089137787678128 0
vn 0.5879272901639946 -0.8089137787678128 0
vn 0.5879272901639946 -0.8089137787678128 0
vn 0.6791672462745113 -0.7339835499436601 0
vn 0.6791672462745113 -0.7339835499436601 0
vn 0.6791672462745113 -0.7339835499436601 0
vn 0.6791672462745113 -0.7339835499436601 0
vn 0.6791672462745113 -0.7339835499436601 0
vn 0.6791672462745113 -0.7339835499436601 0
vn 0.7632690740394763 -0.6460807384645669 0
vn 0.7632690740394763 -0.6460807384645669 0
vn 0.7632690740394763 -0.6460807384645669 0
vn 0.7632690740394763 -0.6460807384645669 0
vn 0.7632690740394763 -0.6460807384645669 0
vn 0.7632690740394763 -0.6460807384645669 0
vn 0.8377506299481795 -0.5460530029414989 0
vn 0.8377506299481795 -0.5460530029414989 0
vn 0.8377506299481795 -0.5460530029414989 0
vn 0.8377506299481795 -0.5460530029414989 0
vn 0.8377506299481795 -0.5460530029414989 0
vn 0.8377506299481795 -0.5460530029414989 0
vn 0.9004893741913336 -0.43487801389412706 0
vn 0.9004893741913336 -0.43487801389412706 0
vn 0.9004893741913336 -0.43487801389412706 0
vn 0.9004893741913336 -0.43487801389412706 0
vn 0.9004893741913336 -0.43487801389412706 0
vn 0.9004893741913336 -0.43487801389412706 0
vn 0.9496746275193525 -0.31323809130752095 0
vn 0.9496746275193525 -0.31323809130752095 0
vn 0.9496746275193525 -0.31323809130752095 0
vn 0.9496746275193525 -0.31323809130752095 0
vn 0.9496746275193525 -0.31323809130752095 0
vn 0.9496746275193525 -0.31323809130752095 0
vn 0 1 0
vn 0 1 0
vn 0 1 0
vn 0 1 0
vn 0 1 0
vn 0 1 0
vn -0.8597139825404098 0.510775751406141 0
vn -0.8597139825404098 0.510775751406141 0
vn -0.8597139825404098 0.510775751406141 0
vn -0.8597139825404098 0.510775751406141 0
vn -0.8597139825404098 0.510775751406141 0
vn -0.8597139825404098 0.510775751406141 0
vn -0.8106567317026508 0.5855217018567085 0
vn -0.8106567317026508 0.5855217018567085 0
vn -0.8106567317026508 0.5855217018567085 0
vn -0.8106567317026508 0.5855217018567085 0
vn -0.8106567317026508 0.5855217018567085 0
vn -0.8106567317026508 0.5855217018567085 0
vn -0.7498442929789508 0.6616143410529259 0
vn -0.7498442929789508 0.6616143410529259 0
vn -0.7498442929789508 0.6616143410529259 0
vn -0.7498442929789508 0.6616143410529259 0
vn -0.7498442929789508 0.6616143410529259 0
vn -0.7498442929789508 0.6616143410529259 0
vn -0.6780721431576365 0.7349953528244991 0
vn -0.6780721431576365 0.7349953528244991 0
vn -0.6780721431576365 0.7349953528244991 0
vn -0.6780721431576365 0.7349953528244991 0
vn -0.6780721431576365 0.7349953528244991 0
vn -0.6780721431576365 0.7349953528244991 0
vn -0.597381418111483 0.8019572565262523 0
vn -0.597381418111483 0.8019572565262523 0
vn -0.597381418111483 0.8019572565262523 0
vn -0.597381418111483 0.8019572565262523 0
vn -0.597381418111483 0.8019572565262523 0
vn -0.597381418111483 0.8019572565262523 0
vn -0.5107445706765027 0.8597325069604353 0
vn -0.5107445706765027 0.8597325069604353 0
vn -0.5107445706765027 0.8597325069604353 0
vn -0.5107445706765027 0.8597325069604353 0
vn -0.5107445706765027 0.8597325069604353 0
vn -0.5107445706765027 0.8597325069604353 0
vn -0.4216248210990005 0.9067703734867145 0
vn -0.4216248210990005 0.9067703734867145 0
vn -0.4216248210990005 0.9067703734867145 0
vn -0.4216248210990005 0.9067703734867145 0
vn -0.4216248210990005 0.9067703734867145 0
vn -0.4216248210990005 0.9067703734867145 0
vn -0.3333477018053277 0.9428039614368973 0
vn -0.3333477018053277 0.9428039614368973 0
vn -0.3333477018053277 0.9428039614368973 0
vn -0.3333477018053277 0.9428039614368973 0
vn -0.3333477018053277 0.9428039614368973 0
vn -0.3333477018053277 0.9428039614368973 0
vn -0.24861203461945403 0.968603146929833 0
vn -0.24861203461945403 0.968603146929833 0
vn -0.24861203461945403 0.968603146929833 0
vn -0.24861203461945403 0.968603146929833 0
vn -0.24861203461945403 0.968603146929833 0
vn -0.24861203461945403 0.968603146929833 0
vn -0.16927163621014232 0.9855694359986724 0
vn -0.16927163621014232 0.9855694359986724 0
vn -0.16927163621014232 0.9855694359986724 0
vn -0.16927163621014232 0.9855694359986724 0
vn -0.16927163621014232 0.9855694359986724 0
vn -0.16927163621014232 0.9855694359986724 0
vn -0.0963672045840965 0.9953458503860089 0
vn -0.0963672045840965 0.9953458503860089 0
vn -0.0963672045840965 0.9953458503860089 0
vn -0.0963672045840965 0.9953458503860089 0
vn -0.0963672045840965 0.9953458503860089 0
vn -0.0963672045840965 0.9953458503860089 0
vn -0.03025762040972251 0.999542133382651 0
vn -0.03025762040972251 0.999542133382651 0
vn -0.03025762040972251 0.999542133382651 0
vn -0.03025762040972251 0.999542133382651 0
vn -0.03025762040972251 0.999542133382651 0
vn -0.03025762040972251 0.999542133382651 0
vn 0.033684261819344 0.9994325242384731 0
vn 0.033684261819344 0.9994325242384731 0
vn 0.033684261819344 0.9994325242384731 0
vn 0.033684261819344 0.9994325242384731 0
vn 0.033684261819344 0.9994325242384731 0
vn 0.033684261819344 0.9994325242384731 0
vn 0.10866468438194578 0.9940784608712595 0
vn 0.10866468438194578 0.9940784608712595 0
vn 0.10866468438194578 0.9940784608712595 0
vn 0.10866468438194578 0.9940784608712595 0
vn 0.10866468438194578 0.9940784608712595 0
vn 0.10866468438194578 0.9940784608712595 0
vn 0.19434655809458268 0.9809329311205679 0
vn 0.19434655809458268 0.9809329311205679 0
vn 0.19434655809458268 0.9809329311205679 0
vn 0.19434655809458268 0.9809329311205679 0
vn 0.19434655809458268 0.9809329311205679 0
vn 0.19434655809458268 0.9809329311205679 0
vn 0.29105922658638256 0.9567050363716796 0
vn 0.29105922658638256 0.9567050363716796 0
vn 0.29105922658638256 0.9567050363716796 0
vn 0.29105922658638256 0.9567050363716796 0
vn 0.29105922658638256 0.9567050363716796 0
vn 0.29105922658638256 0.9567050363716796 0
vn 0.3978316557629991 0.9174584315776222 0
vn 0.3978316557629991 0.9174584315776222 0
vn 0.3978316557629991 0.9174584315776222 0
vn 0.3978316557629991 0.9174584315776222 0
vn 0.3978316557629991 0.9174584315776222 0
vn 0.3978316557629991 0.9174584315776222 0
vn 0.5116096653425368 0.8592179876655851 0
vn 0.5116096653425368 0.8592179876655851 0
vn 0.5116096653425368 0.8592179876655851 0
vn 0.5116096653425368 0.8592179876655851 0
vn 0.5116096653425368 0.8592179876655851 0
vn 0.5116096653425368 0.8592179876655851 0
vn 0.6267517804236998 0.7792189716220482 0
vn 0.6267517804236998 0.7792189716220482 0
vn 0.6267517804236998 0.7792189716220482 0
vn 0.6267517804236998 0.7792189716220482 0
vn 0.6267517804236998 0.7792189716220482 0
vn 0.6267517804236998 0.7792189716220482 0
vn 0.7354599950205317 0.6775681483986682 0
vn 0.7354599950205317 0.6775681483986682 0
vn 0.7354599950205317 0.6775681483986682 0
vn 0.7354599950205317 0.6775681483986682 0
vn 0.7354599950205317 0.6775681483986682 0
vn 0.7354599950205317 0.6775681483986682 0
vn 0.8295975337130065 0.5583618289758865 0
vn 0.8295975337130065 0.5583618289758865 0
vn 0.8295975337130065 0.5583618289758865 0
vn 0.8295975337130065 0.5583618289758865 0
vn 0.8295975337130065 0.5583618289758865 0
vn 0.8295975337130065 0.5583618289758865 0
vn 0.9032063386387419 0.4292066050782515 0
vn 0.9032063386387419 0.4292066050782515 0
vn 0.9032063386387419 0.4292066050782515 0
vn 0.9032063386387419 0.4292066050782515 0
vn 0.9032063386387419 0.4292066050782515 0
vn 0.9032063386387419 0.4292066050782515 0
vn 0.9542738696471259 0.29893374133526673 0
vn 0.9542738696471259 0.29893374133526673 0
vn 0.9542738696471259 0.29893374133526673 0
vn 0.9542738696471259 0.29893374133526673 0
vn 0.9542738696471259 0.29893374133526673 0
vn 0.9542738696471259 0.29893374133526673 0
vn 0.9845730941550318 0.1749737759379586 0
vn 0.9845730941550318 0.1749737759379586 0
vn 0.9845730941550318 0.1749737759379586 0
vn 0.9845730941550318 0.1749737759379586 0
vn 0.9845730941550318 0.1749737759379586 0
vn 0.9845730941550318 0.1749737759379586 0
vn 0 -1 0
vn 0 -1 0
vn 0 -1 0
vn 0 -1 0
vn 0 -1 0
vn 0 -1 0
vn 0.9932534870421195 -0.11596340146214267 0
vn 0.9932534870421195 -0.11596340146214267 0
vn 0.9932534870421195 -0.11596340146214267 0
vn 0.9932534870421195 -0.11596340146214267 0
vn 0.9932534870421195 -0.11596340146214267 0
vn 0.9932534870421195 -0.11596340146214267 0
vn 0.9935424477120689 -0.1134610267638677 0
vn 0.9935424477120689 -0.1134610267638677 0
vn 0.9935424477120689 -0.1134610267638677 0
vn 0.9935424477120689 -0.1134610267638677 0
vn 0.9935424477120689 -0.1134610267638677 0
vn 0.9935424477120689 -0.1134610267638677 0
vn 0.9939979787336506 -0.10939843816717479 0
vn 0.9939979787336506 -0.10939843816717479 0
vn 0.9939979787336506 -0.10939843816717479 0
vn 0.9939979787336506 -0.10939843816717479 0
vn 0.9939979787336506 -0.10939843816717479 0
vn 0.9939979787336506 -0.10939843816717479 0
vn 0.9945838784645745 -0.10393704199352745 0
vn 0.9945838784645745 -0.10393704199352745 0
vn 0.9945838784645745 -0.10393704199352745 0
vn 0.9945838784645745 -0.10393704199352745 0
vn 0.9945838784645745 -0.10393704199352745 0
vn 0.9945838784645745 -0.10393704199352745 0
vn 0.9952758784815905 -0.09708720674063104 0
vn 0.9952758784815905 -0.09708720674063104 0
vn 0.9952758784815905 -0.09708720674063104 0
vn 0.9952758784815905 -0.09708720674063104 0
vn 0.9952758784815905 -0.09708720674063104 0
vn 0.9952758784815905 -0.09708720674063104 0
vn 0.9960511536953303 -0.08878118732142293 0
vn 0.9960511536953303 -0.08878118732142293 0
vn 0.9960511536953303 -0.08878118732142293 0
vn 0.9960511536953303 -0.08878118732142293 0
vn 0.9960511536953303 -0.08878118732142293 0
vn 0.9960511536953303 -0.08878118732142293 0
vn 0.9968624046754558 -0.07915393953978413 0
vn 0.9968624046754558 -0.07915393953978413 0
vn 0.9968624046754558 -0.07915393953978413 0
vn 0.9968624046754558 -0.07915393953978413 0
vn 0.9968624046754558 -0.07915393953978413 0
vn 0.9968624046754558 -0.07915393953978413 0
vn 0.9976815387378545 -0.06805547194507544 0
vn 0.9976815387378545 -0.06805547194507544 0
vn 0.9976815387378545 -0.06805547194507544 0
vn 0.9976815387378545 -0.06805547194507544 0
vn 0.9976815387378545 -0.06805547194507544 0
vn 0.9976815387378545 -0.06805547194507544 0
vn 0.9984603397943383 -0.05547026102132958 0
vn 0.9984603397943383 -0.05547026102132958 0
vn 0.9984603397943383 -0.05547026102132958 0
vn 0.9984603397943383 -0.05547026102132958 0
vn 0.9984603397943383 -0.05547026102132958 0
vn 0.9984603397943383 -0.05547026102132958 0
vn 0.9991406692014932 -0.04144783646455012 0
vn 0.9991406692014932 -0.04144783646455012 0
vn 0.9991406692014932 -0.04144783646455012 0
vn 0.9991406692014932 -0.04144783646455012 0
vn 0.9991406692014932 -0.04144783646455012 0
vn 0.9991406692014932 -0.04144783646455012 0
vn 0.9996628543208173 -0.025964931949774374 0
vn 0.9996628543208173 -0.025964931949774374 0
vn 0.9996628543208173 -0.025964931949774374 0
vn 0.9996628543208173 -0.025964931949774374 0
vn 0.9996628543208173 -0.025964931949774374 0
vn 0.9996628543208173 -0.025964931949774374 0
vn 0.9999589019228295 -0.009066116328873105 0
vn 0.9999589019228295 -0.009066116328873105 0
vn 0.9999589019228295 -0.009066116328873105 0
vn 0.9999589019228295 -0.009066116328873105 0
vn 0.9999589019228295 -0.009066116328873105 0
vn 0.9999589019228295 -0.009066116328873105 0
vn 0.9978031689105625 0.06624829138958582 0
vn 0.9978031689105625 0.06624829138958582 0
vn 0.9978031689105625 0.06624829138958582 0
vn 0.9978031689105625 0.06624829138958582 0
vn 0.9978031689105625 0.06624829138958582 0
vn 0.9978031689105625 0.06624829138958582 0
vn -0.11374588905278835 -0.9935098755038073 0
vn -0.11374588905278835 -0.9935098755038073 0
vn -0.11374588905278835 -0.9935098755038073 0
vn -0.11374588905278835 -0.9935098755038073 0
vn -0.11374588905278835 -0.9935098755038073 0
vn -0.11374588905278835 -0.9935098755038073 0
vn -0.20136033304522605 -0.9795172363342646 0
vn -0.20136033304522605 -0.9795172363342646 0
vn -0.20136033304522605 -0.9795172363342646 0
vn -0.20136033304522605 -0.9795172363342646 0
vn -0.20136033304522605 -0.9795172363342646 0
vn -0.20136033304522605 -0.9795172363342646 0
vn -0.29848099342044476 -0.9544155785436157 0
vn -0.29848099342044476 -0.9544155785436157 0
vn -0.29848099342044476 -0.9544155785436157 0
vn -0.29848099342044476 -0.9544155785436157 0
vn -0.29848099342044476 -0.9544155785436157 0
vn -0.29848099342044476 -0.9544155785436157 0
vn -0.4041028822431579 -0.9147135401658666 0
vn -0.4041028822431579 -0.9147135401658666 0
vn -0.4041028822431579 -0.9147135401658666 0
vn -0.4041028822431579 -0.9147135401658666 0
vn -0.4041028822431579 -0.9147135401658666 0
vn -0.4041028822431579 -0.9147135401658666 0
vn -0.5156066431821825 -0.8568254136674528 0
vn -0.5156066431821825 -0.8568254136674528 0
vn -0.5156066431821825 -0.8568254136674528 0
vn -0.5156066431821825 -0.8568254136674528 0
vn -0.5156066431821825 -0.8568254136674528 0
vn -0.5156066431821825 -0.8568254136674528 0
vn -0.6283220010071524 -0.7779533810263748 0
vn -0.6283220010071524 -0.7779533810263748 0
vn -0.6283220010071524 -0.7779533810263748 0
vn -0.6283220010071524 -0.7779533810263748 0
vn -0.6283220010071524 -0.7779533810263748 0
vn -0.6283220010071524 -0.7779533810263748 0
vn -0.7356654625537363 -0.6773450577110585 0
vn -0.7356654625537363 -0.6773450577110585 0
vn -0.7356654625537363 -0.6773450577110585 0
vn -0.7356654625537363 -0.6773450577110585 0
vn -0.7356654625537363 -0.6773450577110585 0
vn -0.7356654625537363 -0.6773450577110585 0
vn -0.830261849138314 -0.5573735388995673 0
vn -0.830261849138314 -0.5573735388995673 0
vn -0.830261849138314 -0.5573735388995673 0
vn -0.830261849138314 -0.5573735388995673 0
vn -0.830261849138314 -0.5573735388995673 0
vn -0.830261849138314 -0.5573735388995673 0
vn -0.9057953845433219 -0.42371537774786444 0
vn -0.9057953845433219 -0.42371537774786444 0
vn -0.9057953845433219 -0.42371537774786444 0
vn -0.9057953845433219 -0.42371537774786444 0
vn -0.9057953845433219 -0.42371537774786444 0
vn -0.9057953845433219 -0.42371537774786444 0
vn -0.9588161812736673 -0.2840273411623993 0
vn -0.9588161812736673 -0.2840273411623993 0
vn -0.9588161812736673 -0.2840273411623993 0
vn -0.9588161812736673 -0.2840273411623993 0
vn -0.9588161812736673 -0.2840273411623993 0
vn -0.9588161812736673 -0.2840273411623993 0
vn -0.9892935783874073 -0.14593908236465958 0
vn -0.9892935783874073 -0.14593908236465958 0
vn -0.9892935783874073 -0.14593908236465958 0
vn -0.9892935783874073 -0.14593908236465958 0
vn -0.9892935783874073 -0.14593908236465958 0
vn -0.9892935783874073 -0.14593908236465958 0
vn 0 1 0
vn 0 1 0
vn 0 1 0
vn 0 1 0
vn 0 1 0
vn 0 1 0
vn 0.9744464506394794 -0.22461993419133702 0
vn 0.9744464506394794 -0.22461993419133702 0
vn 0.9744464506394794 -0.22461993419133702 0
vn 0.9744464506394794 -0.22461993419133702 0
vn 0.9744464506394794 -0.22461993419133702 0
vn 0.9744464506394794 -0.22461993419133702 0
vn 0.937642570331973 -0.3476009354148102 0
vn 0.937642570331973 -0.3476009354148102 0
vn 0.937642570331973 -0.3476009354148102 0
vn 0.937642570331973 -0.3476009354148102 0
vn 0.937642570331973 -0.3476009354148102 0
vn 0.937642570331973 -0.3476009354148102 0
vn 0.8804519629700011 -0.4741353613708558 0
vn 0.8804519629700011 -0.4741353613708558 0
vn 0.8804519629700011 -0.4741353613708558 0
vn 0.8804519629700011 -0.4741353613708558 0
vn 0.8804519629700011 -0.4741353613708558 0
vn 0.8804519629700011 -0.4741353613708558 0
vn 0.8023989975556804 -0.5967879428420441 0
vn 0.8023989975556804 -0.5967879428420441 0
vn 0.8023989975556804 -0.5967879428420441 0
vn 0.8023989975556804 -0.5967879428420441 0
vn 0.8023989975556804 -0.5967879428420441 0
vn 0.8023989975556804 -0.5967879428420441 0
vn 0.7065440386058683 -0.7076690762711828 0
vn 0.7065440386058683 -0.7076690762711828 0
vn 0.7065440386058683 -0.7076690762711828 0
vn 0.7065440386058683 -0.7076690762711828 0
vn 0.7065440386058683 -0.7076690762711828 0
vn 0.7065440386058683 -0.7076690762711828 0
vn 0.5991069587163886 -0.8006690027830472 0
vn 0.5991069587163886 -0.8006690027830472 0
vn 0.5991069587163886 -0.8006690027830472 0
vn 0.5991069587163886 -0.8006690027830472 0
vn 0.5991069587163886 -0.8006690027830472 0
vn 0.5991069587163886 -0.8006690027830472 0
vn 0.48761495707540753 -0.8730587916265138 0
vn 0.48761495707540753 -0.8730587916265138 0
vn 0.48761495707540753 -0.8730587916265138 0
vn 0.48761495707540753 -0.8730587916265138 0
vn 0.48761495707540753 -0.8730587916265138 0
vn 0.48761495707540753 -0.8730587916265138 0
vn 0.3787814659165178 -0.925486143104333 0
vn 0.3787814659165178 -0.925486143104333 0
vn 0.3787814659165178 -0.925486143104333 0
vn 0.3787814659165178 -0.925486143104333 0
vn 0.3787814659165178 -0.925486143104333 0
vn 0.3787814659165178 -0.925486143104333 0
vn 0.2772304435608957 -0.9608034560528126 0
vn 0.2772304435608957 -0.9608034560528126 0
vn 0.2772304435608957 -0.9608034560528126 0
vn 0.2772304435608957 -0.9608034560528126 0
vn 0.2772304435608957 -0.9608034560528126 0
vn 0.2772304435608957 -0.9608034560528126 0
vn 0.1853516660995695 -0.9826722545559704 0
vn 0.1853516660995695 -0.9826722545559704 0
vn 0.1853516660995695 -0.9826722545559704 0
vn 0.1853516660995695 -0.9826722545559704 0
vn 0.1853516660995695 -0.9826722545559704 0
vn 0.1853516660995695 -0.9826722545559704 0
vn 0.10381626456105379 -0.9945964926605108 0
vn 0.10381626456105379 -0.9945964926605108 0
vn 0.10381626456105379 -0.9945964926605108 0
vn 0.10381626456105379 -0.9945964926605108 0
vn 0.10381626456105379 -0.9945964926605108 0
vn 0.10381626456105379 -0.9945964926605108 0
vn 0.03223981996935342 -0.9994801618883407 0
vn 0.03223981996935342 -0.9994801618883407 0
vn 0.03223981996935342 -0.9994801618883407 0
vn 0.03223981996935342 -0.9994801618883407 0
vn 0.03223981996935342 -0.9994801618883407 0
vn 0.03223981996935342 -0.9994801618883407 0
vn -0.035570193187505206 -0.9993671804480091 0
vn -0.035570193187505206 -0.9993671804480091 0
vn -0.035570193187505206 -0.9993671804480091 0
vn -0.035570193187505206 -0.9993671804480091 0
vn -0.035570193187505206 -0.9993671804480091 0
vn -0.035570193187505206 -0.9993671804480091 0
f 1/1/1 2/2/2 3/3/3
f 4/4/4 5/5/5 6/6/6
f 7/7/7 8/8/8 9/9/9
f 10/10/10 11/11/11 12/12/12
f 13/13/13 14/14/14 15/15/15
f 16/16/16 17/17/17 18/18/18
f 19/19/19 20/20/20 21/21/21
f 22/22/22 23/23/23 24/24/24
f 25/25/25 26/26/26 27/27/27
f 28/28/28 29/29/29 30/30/30
f 31/31/31 32/32/32 33/33/33
f 34/34/34 35/35/35 36/36/36
f 37/37/37 38/38/38 39/39/39
f 40/40/40 41/41/41 42/42/42
f 43/43/43 44/44/44 45/45/45
f 46/46/46 47/47/47 48/48/48
f 49/49/49 50/50/50 51/51/51
f 52/52/52 53/53/53 54/54/54
f 55/55/55 56/56/56 57/57/57
f 58/58/58 59/59/59 60/60/60
f 61/61/61 62/62/62 63/63/63
f 64/64/64 65/65/65 66/66/66
f 67/67/67 68/68/68 69/69/69
f 70/70/70 71/71/71 72/72/72
f 73/73/73 74/74/74 75/75/75
f 76/76/76 77/77/77 78/78/78
f 79/79/79 80/80/80 81/81/81
f 82/82/82 83/83/83 84/84/84
f 85/85/85 86/86/86 87/87/87
f 88/88/88 89/89/89 90/90/90
f 91/91/91 92/92/92 93/93/93
f 94/94/94 95/95/95 96/96/96
f 97/97/97 98/98/98 99/99/99
f 100/100/100 101/101/101 102/102/102
f 103/103/103 104/104/104 105/105/105
f 106/106/106 107/107/107 108/108/108
f 109/109/109 110/110/110 111/111/111
f 112/112/112 113/113/113 114/114/114
f 115/115/115 116/116/116 117/117/117
f 118/118/118 119/119/119 120/120/120
f 121/121/121 122/122/122 123/123/123
f 124/124/124 125/125/125 126/126/126
f 127/127/127 128/128/128 129/129/129
f 130/130/130 131/131/131 132/132/132
f 133/133/133 134/134/134 135/135/135
f 136/136/136 137/137/137 138/138/138
f 139/139/139 140/140/140 141/141/141
f 142/142/142 143/143/143 144/144/144
f 145/145/145 146/146/146 147/147/147
f 148/148/148 149/149/149 150/150/150
f 151/151/151 152/152/152 153/153/153
f 154/154/154 155/155/155 156/156/156
f 157/157/157 158/158/158 159/159/159
f 160/160/160 161/161/161 162/162/162
f 163/163/163 164/164/164 165/165/165
f 166/166/166 167/167/167 168/168/168
f 169/169/169 170/170/170 171/171/171
f 172/172/172 173/173/173 174/174/174
f 175/175/175 176/176/176 177/177/177
f 178/178/178 179/179/179 180/180/180
f 181/181/181 182/182/182 183/183/183
f 184/184/184 185/185/185 186/186/186
f 187/187/187 188/188/188 189/189/189
f 190/190/190 191/191/191 192/192/192
f 193/193/193 194/194/194 195/195/195
f 196/196/196 197/197/197 198/198/198
f 199/199/199 200/200/200 201/201/201
f 202/202/202 203/203/203 204/204/204
f 205/205/205 206/206/206 207/207/207
f 208/208/208 209/209/209 210/210/210
f 211/211/211 212/212/212 213/213/213
f 214/214/214 215/215/215 216/216/216
f 217/217/217 218/218/218 219/219/219
f 220/220/220 221/221/221 222/222/222
f 223/223/223 224/224/224 225/225/225
f 226/226/226 227/227/227 228/228/228
f 229/229/229 230/230/230 231/231/231
f 232/232/232 233/233/233 234/234/234
f 235/235/235 236/236/236 237/237/237
f 238/238/238 239/239/239 240/240/240
f 241/241/241 242/242/242 243/243/243
f 244/244/244 245/245/245 246/246/246
f 247/247/247 248/248/248 249/249/249
f 250/250/250 251/251/251 252/252/252
f 253/253/253 254/254/254 255/255/255
f 256/256/256 257/257/257 258/258/258
f 259/259/259 260/260/260 261/261/261
f 262/262/262 263/263/263 264/264/264
f 265/265/265 266/266/266 267/267/267
f 268/268/268 269/269/269 270/270/270
f 271/271/271 272/272/272 273/273/273
f 274/274/274 275/275/275 276/276/276
f 277/277/277 278/278/278 279/279/279
f 280/280/280 281/281/281 282/282/282
f 283/283/283 284/284/284 285/285/285
f 286/286/286 287/287/287 288/288/288
f 289/289/289 290/290/290 291/291/291
f 292/292/292 293/293/293 294/294/294
f 295/295/295 296/296/296 297/297/297
f 298/298/298 299/299/299 300/300/300
f 301/301/301 302/302/302 303/303/303
f 304/304/304 305/305/305 306/306/306
f 307/307/307 308/308/308 309/309/309
f 310/310/310 311/311/311 312/312/312
f 313/313/313 314/314/314 315/315/315
f 316/316/316 317/317/317 318/318/318
f 319/319/319 320/320/320 321/321/321
f 322/322/322 323/323/323 324/324/324
f 325/325/325 326/326/326 327/327/327
f 328/328/328 329/329/329 330/330/330
f 331/331/331 332/332/332 333/333/333
f 334/334/334 335/335/335 336/336/336
f 337/337/337 338/338/338 339/339/339
f 340/340/340 341/341/341 342/342/342
f 343/343/343 344/344/344 345/345/345
f 346/346/346 347/347/347 348/348/348
f 349/349/349 350/350/350 351/351/351
f 352/352/352 353/353/353 354/354/354
f 355/355/355 356/356/356 357/357/357
f 358/358/358 359/359/359 360/360/360
f 361/361/361 362/362/362 363/363/363
f 364/364/364 365/365/365 366/366/366
f 367/367/367 368/368/368 369/369/369
f 370/370/370 371/371/371 372/372/372
f 373/373/373 374/374/374 375/375/375
f 376/376/376 377/377/377 378/378/378
f 379/379/379 380/380/380 381/381/381
f 382/382/382 383/383/383 384/384/384
f 385/385/385 386/386/386 387/387/387
f 388/388/388 389/389/389 390/390/390
f 391/391/391 392/392/392 393/393/393
f 394/394/394 395/395/395 396/396/396
f 397/397/397 398/398/398 399/399/399
f 400/400/400 401/401/401 402/402/402
f 403/403/403 404/404/404 405/405/405
f 406/406/406 407/407/407 408/408/408
f 409/409/409 410/410/410 411/411/411
f 412/412/412 413/413/413 414/414/414
f 415/415/415 416/416/416 417/417/417
f 418/418/418 419/419/419 420/420/420
f 421/421/421 422/422/422 423/423/423
f 424/424/424 425/425/425 426/426/426
f 427/427/427 428/428/428 429/429/429
f 430/430/430 431/431/431 432/432/432
f 433/433/433 434/434/434 435/435/435
f 436/436/436 437/437/437 438/438/438
f 439/439/439 440/440/440 441/441/441
f 442/442/442 443/443/443 444/444/444
f 445/445/445 446/446/446 447/447/447
f 448/448/448 449/449/449 450/450/450
f 451/451/451 452/452/452 453/453/453
f 454/454/454 455/455/455 456/456/456
f 457/457/457 458/458/458 459/459/459
f 460/460/460 461/461/461 462/462/462
f 463/463/463 464/464/464 465/465/465
f 466/466/466 467/467/467 468/468/468
f 469/469/469 470/470/470 471/471/471
f 472/472/472 473/473/473 474/474/474
f 475/475/475 476/476/476 477/477/477
f 478/478/478 479/479/479 480/480/480
f 481/481/481 482/482/482 483/483/483
f 484/484/484 485/485/485 486/486/486
f 487/487/487 488/488/488 489/489/489
f 490/490/490 491/491/491 492/492/492
f 493/493/493 494/494/494 495/495/495
f 496/496/496 497/497/497 498/498/498
f 499/499/499 500/500/500 501/501/501
f 502/502/502 503/503/503 504/504/504
f 505/505/505 506/506/506 507/507/507
f 508/508/508 509/509/509 510/510/510
f 511/511/511 512/512/512 513/513/513
f 514/514/514 515/515/515 516/516/516
f 517/517/517 518/518/518 519/519/519
f 520/520/520 521/521/521 522/522/522
f 523/523/523 524/524/524 525/525/525
f 526/526/526 527/527/527 528/528/528
f 529/529/529 530/530/530 531/531/531
f 532/532/532 533/533/533 534/534/534
f 535/535/535 536/536/536 537/537/537
f 538/538/538 539/539/539 540/540/540
f 541/541/541 542/542/542 543/543/543
f 544/544/544 545/545/545 546/546/546
f 547/547/547 548/548/548 549/549/549
f 550/550/550 551/551/551 552/552/552
f 553/553/553 554/554/554 555/555/555
f 556/556/556 557/557/557 558/558/558
f 559/559/559 560/560/560 561/561/561
f 562/562/562 563/563/563 564/564/564
f 565/565/565 566/566/566 567/567/567
f 568/568/568 569/569/569 570/570/570
f 571/571/571 572/572/572 573/573/573
f 574/574/574 575/575/575 576/576/576
f 577/577/577 578/578/578 579/579/579
f 580/580/580 581/581/581 582/582/582
f 583/583/583 584/584/584 585/585/585
f 586/586/586 587/587/587 588/588/588
f 589/589/589 590/590/590 591/591/591
f 592/592/592 593/593/593 594/594/594
f 595/595/595 596/596/596 597/597/597
f 598/598/598 599/599/599 600/600/600
f 601/601/601 602/602/602 603/603/603
f 604/604/604 605/605/605 606/606/606
f 607/607/607 608/608/608 609/609/609
f 610/610/610 611/611/611 612/612/612
f 613/613/613 614/614/614 615/615/615
f 616/616/616 617/617/617 618/618/618
f 619/619/619 620/620/620 621/621/621
f 622/622/622 623/623/623 624/624/624
f 625/625/625 626/626/626 627/627/627
f 628/628/628 629/629/629 630/630/630
f 631/631/631 632/632/632 633/633/633
f 634/634/634 635/635/635 636/636/636
f 637/637/637 638/638/638 639/639/639
f 640/640/640 641/641/641 642/642/642
f 643/643/643 644/644/644 645/645/645
f 646/646/646 647/647/647 648/648/648
f 649/649/649 650/650/650 651/651/651
f 652/652/652 653/653/653 654/654/654
f 655/655/655 656/656/656 657/657/657
f 658/658/658 659/659/659 660/660/660
f 661/661/661 662/662/662 663/663/663
f 664/664/664 665/665/665 666/666/666
f 667/667/667 668/668/668 669/669/669
f 670/670/670 671/671/671 672/672/672
f 673/673/673 674/674/674 675/675/675
f 676/676/676 677/677/677 678/678/678
f 679/679/679 680/680/680 681/681/681
f 682/682/682 683/683/683 684/684/684
f 685/685/685 686/686/686 687/687/687
f 688/688/688 689/689/689 690/690/690
f 691/691/691 692/692/692 693/693/693
f 694/694/694 695/695/695 696/696/696
f 697/697/697 698/698/698 699/699/699
f 700/700/700 701/701/701 702/702/702
f 703/703/703 704/704/704 705/705/705
f 706/706/706 707/707/707 708/708/708
f 709/709/709 710/710/710 711/711/711
f 712/712/712 713/713/713 714/714/714
f 715/715/715 716/716/716 717/717/717
f 718/718/718 719/719/719 720/720/720
f 721/721/721 722/722/722 723/723/723
f 724/724/724 725/725/725 726/726/726
f 727/727/727 728/728/728 729/729/729
f 730/730/730 731/731/731 732/732/732
f 733/733/733 734/734/734 735/735/735
f 736/736/736 737/737/737 738/738/738
f 739/739/739 740/740/740 741/741/741
f 742/742/742 743/743/743 744/744/744
f 745/745/745 746/746/746 747/747/747
f 748/748/748 749/749/749 750/750/750
f 751/751/751 752/752/752 753/753/753
f 754/754/754 755/755/755 756/756/756
f 757/757/757 758/758/758 759/759/759
f 760/760/760 761/761/761 762/762/762
f 763/763/763 764/764/764 765/765/765
f 766/766/766 767/767/767 768/768/768
f 769/769/769 770/770/770 771/771/771
f 772/772/772 773/773/773 774/774/774
f 775/775/775 776/776/776 777/777/777
f 778/778/778 779/779/779 780/780/780
f 781/781/781 782/782/782 783/783/783
f 784/784/784 785/785/785 786/786/786
f 787/787/787 788/788/788 789/789/789
f 790/790/790 791/791/791 792/792/792
f 793/793/793 794/794/794 795/795/795
f 796/796/796 797/797/797 798/798/798
f 799/799/799 800/800/800 801/801/801
f 802/802/802 803/803/803 804/804/804
f 805/805/805 806/806/806 807/807/807
f 808/808/808 809/809/809 810/810/810
f 811/811/811 812/812/812 813/813/813
f 814/814/814 815/815/815 816/816/816
f 817/817/817 818/818/818 819/819/819
f 820/820/820 821/821/821 822/822/822
f 823/823/823 824/824/824 825/825/825
f 826/826/826 827/827/827 828/828/828
f 829/829/829 830/830/830 831/831/831
f 832/832/832 833/833/833 834/834/834
f 835/835/835 836/836/836 837/837/837
f 838/838/838 839/839/839 840/840/840
f 841/841/841 842/842/842 843/843/843
f 844/844/844 845/845/845 846/846/846
f 847/847/847 848/848/848 849/849/849
f 850/850/850 851/851/851 852/852/852
f 853/853/853 854/854/854 855/855/855
f 856/856/856 857/857/857 858/858/858
f 859/859/859 860/860/860 861/861/861
f 862/862/862 863/863/863 864/864/864
f 865/865/865 866/866/866 867/867/867
f 868/868/868 869/869/869 870/870/870
f 871/871/871 872/872/872 873/873/873
f 874/874/874 875/875/875 876/876/876
f 877/877/877 878/878/878 879/879/879
f 880/880/880 881/881/881 882/882/882
f 883/883/883 884/884/884 885/885/885
f 886/886/886 887/887/887 888/888/888
f 889/889/889 890/890/890 891/891/891
f 892/892/892 893/893/893 894/894/894
f 895/895/895 896/896/896 897/897/897
f 898/898/898 899/899/899 900/900/900
f 901/901/901 902/902/902 903/903/903
f 904/904/904 905/905/905 906/906/906
f 907/907/907 908/908/908 909/909/909
f 910/910/910 911/911/911 912/912/912
f 913/913/913 914/914/914 915/915/915
f 916/916/916 917/917/917 918/918/918
f 919/919/919 920/920/920 921/921/921
f 922/922/922 923/923/923 924/924/924
f 925/925/925 926/926/926 927/927/927
f 928/928/928 929/929/929 930/930/930
f 931/931/931 932/932/932 933/933/933
f 934/934/934 935/935/935 936/936/936
f 937/937/937 938/938/938 939/939/939
f 940/940/940 941/941/941 942/942/942
f 943/943/943 944/944/944 945/945/945
f 946/946/946 947/947/947 948/948/948
f 949/949/949 950/950/950 951/951/951
f 952/952/952 953/953/953 954/954/954
f 955/955/955 956/956/956 957/957/957
f 958/958/958 959/959/959 960/960/960
f 961/961/961 962/962/962 963/963/963
f 964/964/964 965/965/965 966/966/966
f 967/967/967 968/968/968 969/969/969
f 970/970/970 971/971/971 972/972/972
f 973/973/973 974/974/974 975/975/975
f 976/976/976 977/977/977 978/978/978
f 979/979/979 980/980/980 981/981/981
f 982/982/982 983/983/983 984/984/984
f 985/985/985 986/986/986 987/987/987
f 988/988/988 989/989/989 990/990/990
f 991/991/991 992/992/992 993/993/993
f 994/994/994 995/995/995 996/996/996
f 997/997/997 998/998/998 999/999/999
f 1000/1000/1000 1001/1001/1001 1002/1002/1002
f 1003/1003/1003 1004/1004/1004 1005/1005/1005
f 1006/1006/1006 1007/1007/1007 1008/1008/1008
f 1009/1009/1009 1010/1010/1010 1011/1011/1011
f 1012/1012/1012 1013/1013/1013 1014/1014/1014
f 1015/1015/1015 1016/1016/1016 1017/1017/1017
f 1018/1018/1018 1019/1019/1019 1020/1020/1020
f 1021/1021/1021 1022/1022/1022 1023/1023/1023
f 1024/1024/1024 1025/1025/1025 1026/1026/1026
f 1027/1027/1027 1028/1028/1028 1029/1029/1029
f 1030/1030/1030 1031/1031/1031 1032/1032/1032
f 1033/1033/1033 1034/1034/1034 1035/1035/1035
f 1036/1036/1036 1037/1037/1037 1038/1038/1038
f 1039/1039/1039 1040/1040/1040 1041/1041/1041
f 1042/1042/1042 1043/1043/1043 1044/1044/1044
f 1045/1045/1045 1046/1046/1046 1047/1047/1047
f 1048/1048/1048 1049/1049/1049 1050/1050/1050
f 1051/1051/1051 1052/1052/1052 1053/1053/1053
f 1054/1054/1054 1055/1055/1055 1056/1056/1056
f 1057/1057/1057 1058/1058/1058 1059/1059/1059
f 1060/1060/1060 1061/1061/1061 1062/1062/1062
f 1063/1063/1063 1064/1064/1064 1065/1065/1065
f 1066/1066/1066 1067/1067/1067 1068/1068/1068
f 1069/1069/1069 1070/1070/1070 1071/1071/1071
f 1072/1072/1072 1073/1073/1073 1074/1074/1074
f 1075/1075/1075 1076/1076/1076 1077/1077/1077
f 1078/1078/1078 1079/1079/1079 1080/1080/1080
f 1081/1081/1081 1082/1082/1082 1083/1083/1083
f 1084/1084/1084 1085/1085/1085 1086/1086/1086
f 1087/1087/1087 1088/1088/1088 1089/1089/1089
f 1090/1090/1090 1091/1091/1091 1092/1092/1092
f 1093/1093/1093 1094/1094/1094 1095/1095/1095
f 1096/1096/1096 1097/1097/1097 1098/1098/1098
f 1099/1099/1099 1100/1100/1100 1101/1101/1101
f 1102/1102/1102 1103/1103/1103 1104/1104/1104
f 1105/1105/1105 1106/1106/1106 1107/1107/1107
f 1108/1108/1108 1109/1109/1109 1110/1110/1110
f 1111/1111/1111 1112/1112/1112 1113/1113/1113
f 1114/1114/1114 1115/1115/1115 1116/1116/1116
f 1117/1117/1117 1118/1118/1118 1119/1119/1119
f 1120/1120/1120 1121/1121/1121 1122/1122/1122
f 1123/1123/1123 1124/1124/1124 1125/1125/1125
f 1126/1126/1126 1127/1127/1127 1128/1128/1128
f 1129/1129/1129 1130/1130/1130 1131/1131/1131
f 1132/1132/1132 1133/1133/1133 1134/1134/1134
f 1135/1135/1135 1136/1136/1136 1137/1137/1137
f 1138/1138/1138 1139/1139/1139 1140/1140/1140
f 1141/1141/1141 1142/1142/1142 1143/1143/1143
f 1144/1144/1144 1145/1145/1145 1146/1146/1146
f 1147/1147/1147 1148/1148/1148 1149/1149/1149
f 1150/1150/1150 1151/1151/1151 1152/1152/1152
f 1153/1153/1153 1154/1154/1154 1155/1155/1155
f 1156/1156/1156 1157/1157/1157 1158/1158/1158
f 1159/1159/1159 1160/1160/1160 1161/1161/1161
f 1162/1162/1162 1163/1163/1163 1164/1164/1164
f 1165/1165/1165 1166/1166/1166 1167/1167/1167
f 1168/1168/1168 1169/1169/1169 1170/1170/1170
f 1171/1171/1171 1172/1172/1172 1173/1173/1173
f 1174/1174/1174 1175/1175/1175 1176/1176/1176
f 1177/1177/1177 1178/1178/1178 1179/1179/1179
f 1180/1180/1180 1181/1181/1181 1182/1182/1182
f 1183/1183/1183 1184/1184/1184 1185/1185/1185
f 1186/1186/1186 1187/1187/1187 1188/1188/1188
f 1189/1189/1189 1190/1190/1190 1191/1191/1191
f 1192/1192/1192 1193/1193/1193 1194/1194/1194
f 1195/1195/1195 1196/1196/1196 1197/1197/1197
f 1198/1198/1198 1199/1199/1199 1200/1200/1200
f 1201/1201/1201 1202/1202/1202 1203/1203/1203
f 1204/1204/1204 1205/1205/1205 1206/1206/1206
f 1207/1207/1207 1208/1208/1208 1209/1209/1209
f 1210/1210/1210 1211/1211/1211 1212/1212/1212
f 1213/1213/1213 1214/1214/1214 1215/1215/1215
f 1216/1216/1216 1217/1217/1217 1218/1218/1218
f 1219/1219/1219 1220/1220/1220 1221/1221/1221
f 1222/1222/1222 1223/1223/1223 1224/1224/1224
f 1225/1225/1225 1226/1226/1226 1227/1227/1227
f 1228/1228/1228 1229/1229/1229 1230/1230/1230
f 1231/1231/1231 1232/1232/1232 1233/1233/1233
f 1234/1234/1234 1235/1235/1235 1236/1236/1236
f 1237/1237/1237 1238/1238/1238 1239/1239/1239
f 1240/1240/1240 1241/1241/1241 1242/1242/1242
f 1243/1243/1243 1244/1244/1244 1245/1245/1245
f 1246/1246/1246 1247/1247/1247 1248/1248/1248
f 1249/1249/1249 1250/1250/1250 1251/1251/1251
f 1252/1252/1252 1253/1253/1253 1254/1254/1254
f 1255/1255/1255 1256/1256/1256 1257/1257/1257
f 1258/1258/1258 1259/1259/1259 1260/1260/1260
f 1261/1261/1261 1262/1262/1262 1263/1263/1263
f 1264/1264/1264 1265/1265/1265 1266/1266/1266
f 1267/1267/1267 1268/1268/1268 1269/1269/1269
f 1270/1270/1270 1271/1271/1271 1272/1272/1272
f 1273/1273/1273 1274/1274/1274 1275/1275/1275
f 1276/1276/1276 1277/1277/1277 1278/1278/1278
f 1279/1279/1279 1280/1280/1280 1281/1281/1281
f 1282/1282/1282 1283/1283/1283 1284/1284/1284
f 1285/1285/1285 1286/1286/1286 1287/1287/1287
f 1288/1288/1288 1289/1289/1289 1290/1290/1290
f 1291/1291/1291 1292/1292/1292 1293/1293/1293
f 1294/1294/1294 1295/1295/1295 1296/1296/1296
f 1297/1297/1297 1298/1298/1298 1299/1299/1299
f 1300/1300/1300 1301/1301/1301 1302/1302/1302
f 1303/1303/1303 1304/1304/1304 1305/1305/1305
f 1306/1306/1306 1307/1307/1307 1308/1308/1308
f 1309/1309/1309 1310/1310/1310 1311/1311/1311
f 1312/1312/1312 1313/1313/1313 1314/1314/1314
f 1315/1315/1315 1316/1316/1316 1317/1317/1317
f 1318/1318/1318 1319/1319/1319 1320/1320/1320
f 1321/1321/1321 1322/1322/1322 1323/1323/1323
f 1324/1324/1324 1325/1325/1325 1326/1326/1326
f 1327/1327/1327 1328/1328/1328 1329/1329/1329
f 1330/1330/1330 1331/1331/1331 1332/1332/1332
f 1333/1333/1333 1334/1334/1334 1335/1335/1335
f 1336/1336/1336 1337/1337/1337 1338/1338/1338
f 1339/1339/1339 1340/1340/1340 1341/1341/1341
f 1342/1342/1342 1343/1343/1343 1344/1344/1344
f 1345/1345/1345 1346/1346/1346 1347/1347/1347
f 1348/1348/1348 1349/1349/1349 1350/1350/1350
f 1351/1351/1351 1352/1352/1352 1353/1353/1353
f 1354/1354/1354 1355/1355/1355 1356/1356/1356
f 1357/1357/1357 1358/1358/1358 1359/1359/1359
f 1360/1360/1360 1361/1361/1361 1362/1362/1362
f 1363/1363/1363 1364/1364/1364 1365/1365/1365
f 1366/1366/1366 1367/1367/1367 1368/1368/1368
f 1369/1369/1369 1370/1370/1370 1371/1371/1371
f 1372/1372/1372 1373/1373/1373 1374/1374/1374
f 1375/1375/1375 1376/1376/1376 1377/1377/1377
f 1378/1378/1378 1379/1379/1379 1380/1380/1380
f 1381/1381/1381 1382/1382/1382 1383/1383/1383
f 1384/1384/1384 1385/1385/1385 1386/1386/1386
f 1387/1387/1387 1388/1388/1388 1389/1389/1389
f 1390/1390/1390 1391/1391/1391 1392/1392/1392
f 1393/1393/1393 1394/1394/1394 1395/1395/1395
f 1396/1396/1396 1397/1397/1397 1398/1398/1398
f 1399/1399/1399 1400/1400/1400 1401/1401/1401
f 1402/1402/1402 1403/1403/1403 1404/1404/1404
f 1405/1405/1405 1406/1406/1406 1407/1407/1407
f 1408/1408/1408 1409/1409/1409 1410/1410/1410
f 1411/1411/1411 1412/1412/1412 1413/1413/1413
f 1414/1414/1414 1415/1415/1415 1416/1416/1416
f 1417/1417/1417 1418/1418/1418 1419/1419/1419
f 1420/1420/1420 1421/1421/1421 1422/1422/1422
f 1423/1423/1423 1424/1424/1424 1425/1425/1425
f 1426/1426/1426 1427/1427/1427 1428/1428/1428
f 1429/1429/1429 1430/1430/1430 1431/1431/1431
f 1432/1432/1432 1433/1433/1433 1434/1434/1434
f 1435/1435/1435 1436/1436/1436 1437/1437/1437
f 1438/1438/1438 1439/1439/1439 1440/1440/1440
f 1441/1441/1441 1442/1442/1442 1443/1443/1443
f 1444/1444/1444 1445/1445/1445 1446/1446/1446
f 1447/1447/1447 1448/1448/1448 1449/1449/1449
f 1450/1450/1450 1451/1451/1451 1452/1452/1452
f 1453/1453/1453 1454/1454/1454 1455/1455/1455
f 1456/1456/1456 1457/1457/1457 1458/1458/1458
f 1459/1459/1459 1460/1460/1460 1461/1461/1461
f 1462/1462/1462 1463/1463/1463 1464/1464/1464
f 1465/1465/1465 1466/1466/1466 1467/1467/1467
f 1468/1468/1468 1469/1469/1469 1470/1470/1470
f 1471/1471/1471 1472/1472/1472 1473/1473/1473
f 1474/1474/1474 1475/1475/1475 1476/1476/1476
f 1477/1477/1477 1478/1478/1478 1479/1479/1479
f 1480/1480/1480 1481/1481/1481 1482/1482/1482
f 1483/1483/1483 1484/1484/1484 1485/1485/1485
f 1486/1486/1486 1487/1487/1487 1488/1488/1488
f 1489/1489/1489 1490/1490/1490 1491/1491/1491
f 1492/1492/1492 1493/1493/1493 1494/1494/1494
f 1495/1495/1495 1496/1496/1496 1497/1497/1497
f 1498/1498/1498 1499/1499/1499 1500/1500/1500
f 1501/1501/1501 1502/1502/1502 1503/1503/1503
f 1504/1504/1504 1505/1505/1505 1506/1506/1506
f 1507/1507/1507 1508/1508/1508 1509/1509/1509
f 1510/1510/1510 1511/1511/1511 1512/1512/1512
f 1513/1513/1513 1514/1514/1514 1515/1515/1515
f 1516/1516/1516 1517/1517/1517 1518/1518/1518
f 1519/1519/1519 1520/1520/1520 1521/1521/1521
f 1522/1522/1522 1523/1523/1523 1524/1524/1524
f 1525/1525/1525 1526/1526/1526 1527/1527/1527
f 1528/1528/1528 1529/1529/1529 1530/1530/1530
f 1531/1531/1531 1532/1532/1532 1533/1533/1533
f 1534/1534/1534 1535/1535/1535 1536/1536/1536
f 1537/1537/1537 1538/1538/1538 1539/1539/1539
f 1540/1540/1540 1541/1541/1541 1542/1542/1542
f 1543/1543/1543 1544/1544/1544 1545/1545/1545
f 1546/1546/1546 1547/1547/1547 1548/1548/1548
f 1549/1549/1549 1550/1550/1550 1551/1551/1551
f 1552/1552/1552 1553/1553/1553 1554/1554/1554
f 1555/1555/1555 1556/1556/1556 1557/1557/1557
f 1558/1558/1558 1559/1559/1559 1560/1560/1560
f 1561/1561/1561 1562/1562/1562 1563/1563/1563
f 1564/1564/1564 1565/1565/1565 1566/1566/1566
f 1567/1567/1567 1568/1568/1568 1569/1569/1569
f 1570/1570/1570 1571/1571/1571 1572/1572/1572
f 1573/1573/1573 1574/1574/1574 1575/1575/1575
f 1576/1576/1576 1577/1577/1577 1578/1578/1578
f 1579/1579/1579 1580/1580/1580 1581/1581/1581
f 1582/1582/1582 1583/1583/1583 1584/1584/1584
f 1585/1585/1585 1586/1586/1586 1587/1587/1587
f 1588/1588/1588 1589/1589/1589 1590/1590/1590
f 1591/1591/1591 1592/1592/1592 1593/1593/1593
f 1594/1594/1594 1595/1595/1595 1596/1596/1596
f 1597/1597/1597 1598/1598/1598 1599/1599/1599
f 1600/1600/1600 1601/1601/1601 1602/1602/1602
f 1603/1603/1603 1604/1604/1604 1605/1605/1605
f 1606/1606/1606 1607/1607/1607 1608/1608/1608
f 1609/1609/1609 1610/1610/1610 1611/1611/1611
f 1612/1612/1612 1613/1613/1613 1614/1614/1614
f 1615/1615/1615 1616/1616/1616 1617/1617/1617
f 1618/1618/1618 1619/1619/1619 1620/1620/1620
f 1621/1621/1621 1622/1622/1622 1623/1623/1623
f 1624/1624/1624 1625/1625/1625 1626/1626/1626
f 1627/1627/1627 1628/1628/1628 1629/1629/1629
f 1630/1630/1630 1631/1631/1631 1632/1632/1632
f 1633/1633/1633 1634/1634/1634 1635/1635/1635
f 1636/1636/1636 1637/1637/1637 1638/1638/1638
f 1639/1639/1639 1640/1640/1640 1641/1641/1641
f 1642/1642/1642 1643/1643/1643 1644/1644/1644
f 1645/1645/1645 1646/1646/1646 1647/1647/1647
f 1648/1648/1648 1649/1649/1649 1650/1650/1650
f 1651/1651/1651 1652/1652/1652 1653/1653/1653
f 1654/1654/1654 1655/1655/1655 1656/1656/1656
f 1657/1657/1657 1658/1658/1658 1659/1659/1659
f 1660/1660/1660 1661/1661/1661 1662/1662/1662
f 1663/1663/1663 1664/1664/1664 1665/1665/1665
f 1666/1666/1666 1667/1667/1667 1668/1668/1668
f 1669/1669/1669 1670/1670/1670 1671/1671/1671
f 1672/1672/1672 1673/1673/1673 1674/1674/1674
f 1675/1675/1675 1676/1676/1676 1677/1677/1677
f 1678/1678/1678 1679/1679/1679 1680/1680/1680
f 1681/1681/1681 1682/1682/1682 1683/1683/1683
f 1684/1684/1684 1685/1685/1685 1686/1686/1686
f 1687/1687/1687 1688/1688/1688 1689/1689/1689
f 1690/1690/1690 1691/1691/1691 1692/1692/1692
f 1693/1693/1693 1694/1694/1694 1695/1695/1695
f 1696/1696/1696 1697/1697/1697 1698/1698/1698
f 1699/1699/1699 1700/1700/1700 1701/1701/1701
f 1702/1702/1702 1703/1703/1703 1704/1704/1704
f 1705/1705/1705 1706/1706/1706 1707/1707/1707
f 1708/1708/1708 1709/1709/1709 1710/1710/1710
f 1711/1711/1711 1712/1712/1712 1713/1713/1713
f 1714/1714/1714 1715/1715/1715 1716/1716/1716
f 1717/1717/1717 1718/1718/1718 1719/1719/1719
f 1720/1720/1720 1721/1721/1721 1722/1722/1722
f 1723/1723/1723 1724/1724/1724 1725/1725/1725
f 1726/1726/1726 1727/1727/1727 1728/1728/1728
f 1729/1729/1729 1730/1730/1730 1731/1731/1731
f 1732/1732/1732 1733/1733/1733 1734/1734/1734
f 1735/1735/1735 1736/1736/1736 1737/1737/1737
f 1738/1738/1738 1739/1739/1739 1740/1740/1740
f 1741/1741/1741 1742/1742/1742 1743/1743/1743
f 1744/1744/1744 1745/1745/1745 1746/1746/1746
f 1747/1747/1747 1748/1748/1748 1749/1749/1749
f 1750/1750/1750 1751/1751/1751 1752/1752/1752
f 1753/1753/1753 1754/1754/1754 1755/1755/1755
f 1756/1756/1756 1757/1757/1757 1758/1758/1758
f 1759/1759/1759 1760/1760/1760 1761/1761/1761
f 1762/1762/1762 1763/1763/1763 1764/1764/1764
f 1765/1765/1765 1766/1766/1766 1767/1767/1767
f 1768/1768/1768 1769/1769/1769 1770/1770/1770
f 1771/1771/1771 1772/1772/1772 1773/1773/1773
f 1774/1774/1774 1775/1775/1775 1776/1776/1776
f 1777/1777/1777 1778/1778/1778 1779/1779/1779
f 1780/1780/1780 1781/1781/1781 1782/1782/1782
f 1783/1783/1783 1784/1784/1784 1785/1785/1785
f 1786/1786/1786 1787/1787/1787 1788/1788/1788
f 1789/1789/1789 1790/1790/1790 1791/1791/1791
f 1792/1792/1792 1793/1793/1793 1794/1794/1794
f 1795/1795/1795 1796/1796/1796 1797/1797/1797
f 1798/1798/1798 1799/1799/1799 1800/1800/1800
f 1801/1801/1801 1802/1802/1802 1803/1803/1803
f 1804/1804/1804 1805/1805/1805 1806/1806/1806
f 1807/1807/1807 1808/1808/1808 1809/1809/1809
f 1810/1810/1810 1811/1811/1811 1812/1812/1812
f 1813/1813/1813 1814/1814/1814 1815/1815/1815
f 1816/1816/1816 1817/1817/1817 1818/1818/1818
f 1819/1819/1819 1820/1820/1820 1821/1821/1821
f 1822/1822/1822 1823/1823/1823 1824/1824/1824
f 1825/1825/1825 1826/1826/1826 1827/1827/1827
f 1828/1828/1828 1829/1829/1829 1830/1830/1830
f 1831/1831/1831 1832/1832/1832 1833/1833/1833
f 1834/1834/1834 1835/1835/1835 1836/1836/1836
f 1837/1837/1837 1838/1838/1838 1839/1839/1839
f 1840/1840/1840 1841/1841/1841 1842/1842/1842
f 1843/1843/1843 1844/1844/1844 1845/1845/1845
f 1846/1846/1846 1847/1847/1847 1848/1848/1848
f 1849/1849/1849 1850/1850/1850 1851/1851/1851
f 1852/1852/1852 1853/1853/1853 1854/1854/1854
f 1855/1855/1855 1856/1856/1856 1857/1857/1857
f 1858/1858/1858 1859/1859/1859 1860/1860/1860
f 1861/1861/1861 1862/1862/1862 1863/1863/1863
f 1864/1864/1864 1865/1865/1865 1866/1866/1866
f 1867/1867/1867 1868/1868/1868 1869/1869/1869
f 1870/1870/1870 1871/1871/1871 1872/1872/1872
f 1873/1873/1873 1874/1874/1874 1875/1875/1875
f 1876/1876/1876 1877/1877/1877 1878/1878/1878
f 1879/1879/1879 1880/1880/1880 1881/1881/1881
f 1882/1882/1882 1883/1883/1883 1884/1884/1884
f 1885/1885/1885 1886/1886/1886 1887/1887/1887
f 1888/1888/1888 1889/1889/1889 1890/1890/1890
f 1891/1891/1891 1892/1892/1892 1893/1893/1893
f 1894/1894/1894 1895/1895/1895 1896/1896/1896
f 1897/1897/1897 1898/1898/1898 1899/1899/1899
f 1900/1900/1900 1901/1901/1901 1902/1902/1902
f 1903/1903/1903 1904/1904/1904 1905/1905/1905
f 1906/1906/1906 1907/1907/1907 1908/1908/1908
f 1909/1909/1909 1910/1910/1910 1911/1911/1911
f 1912/1912/1912 1913/1913/1913 1914/1914/1914
f 1915/1915/1915 1916/1916/1916 1917/1917/1917
f 1918/1918/1918 1919/1919/1919 1920/1920/1920
f 1921/1921/1921 1922/1922/1922 1923/1923/1923
f 1924/1924/1924 1925/1925/1925 1926/1926/1926
f 1927/1927/1927 1928/1928/1928 1929/1929/1929
f 1930/1930/1930 1931/1931/1931 1932/1932/1932
f 1933/1933/1933 1934/1934/1934 1935/1935/1935
f 1936/1936/1936 1937/1937/1937 1938/1938/1938
f 1939/1939/1939 1940/1940/1940 1941/1941/1941
f 1942/1942/1942 1943/1943/1943 1944/1944/1944
f 1945/1945/1945 1946/1946/1946 1947/1947/1947
f 1948/1948/1948 1949/1949/1949 1950/1950/1950
f 1951/1951/1951 1952/1952/1952 1953/1953/1953
f 1954/1954/1954 1955/1955/1955 1956/1956/1956
f 1957/1957/1957 1958/1958/1958 1959/1959/1959
f 1960/1960/1960 1961/1961/1961 1962/1962/1962
f 1963/1963/1963 1964/1964/1964 1965/1965/1965
f 1966/1966/1966 1967/1967/1967 1968/1968/1968
f 1969/1969/1969 1970/1970/1970 1971/1971/1971
f 1972/1972/1972 1973/1973/1973 1974/1974/1974
f 1975/1975/1975 1976/1976/1976 1977/1977/1977
f 1978/1978/1978 1979/1979/1979 1980/1980/1980
f 1981/1981/1981 1982/1982/1982 1983/1983/1983
f 1984/1984/1984 1985/1985/1985 1986/1986/1986
f 1987/1987/1987 1988/1988/1988 1989/1989/1989
f 1990/1990/1990 1991/1991/1991 1992/1992/1992
f 1993/1993/1993 1994/1994/1994 1995/1995/1995
f 1996/1996/1996 1997/1997/1997 1998/1998/1998
f 1999/1999/1999 2000/2000/2000 2001/2001/2001
f 2002/2002/2002 2003/2003/2003 2004/2004/2004
f 2005/2005/2005 2006/2006/2006 2007/2007/2007
f 2008/2008/2008 2009/2009/2009 2010/2010/2010
f 2011/2011/2011 2012/2012/2012 2013/2013/2013
f 2014/2014/2014 2015/2015/2015 2016/2016/2016
f 2017/2017/2017 2018/2018/2018 2019/2019/2019
f 2020/2020/2020 2021/2021/2021 2022/2022/2022
f 2023/2023/2023 2024/2024/2024 2025/2025/2025
f 2026/2026/2026 2027/2027/2027 2028/2028/2028
f 2029/2029/2029 2030/2030/2030 2031/2031/2031
f 2032/2032/2032 2033/2033/2033 2034/2034/2034
f 2035/2035/2035 2036/2036/2036 2037/2037/2037
f 2038/2038/2038 2039/2039/2039 2040/2040/2040
f 2041/2041/2041 2042/2042/2042 2043/2043/2043
f 2044/2044/2044 2045/2045/2045 2046/2046/2046
f 2047/2047/2047 2048/2048/2048 2049/2049/2049
f 2050/2050/2050 2051/2051/2051 2052/2052/2052
f 2053/2053/2053 2054/2054/2054 2055/2055/2055
f 2056/2056/2056 2057/2057/2057 2058/2058/2058
f 2059/2059/2059 2060/2060/2060 2061/2061/2061
f 2062/2062/2062 2063/2063/2063 2064/2064/2064
f 2065/2065/2065 2066/2066/2066 2067/2067/2067
f 2068/2068/2068 2069/2069/2069 2070/2070/2070
f 2071/2071/2071 2072/2072/2072 2073/2073/2073
f 2074/2074/2074 2075/2075/2075 2076/2076/2076
f 2077/2077/2077 2078/2078/2078 2079/2079/2079
f 2080/2080/2080 2081/2081/2081 2082/2082/2082
f 2083/2083/2083 2084/2084/2084 2085/2085/2085
f 2086/2086/2086 2087/2087/2087 2088/2088/2088
f 2089/2089/2089 2090/2090/2090 2091/2091/2091
f 2092/2092/2092 2093/2093/2093 2094/2094/2094
f 2095/2095/2095 2096/2096/2096 2097/2097/2097
f 2098/2098/2098 2099/2099/2099 2100/2100/2100
f 2101/2101/2101 2102/2102/2102 2103/2103/2103
f 2104/2104/2104 2105/2105/2105 2106/2106/2106
f 2107/2107/2107 2108/2108/2108 2109/2109/2109
f 2110/2110/2110 2111/2111/2111 2112/2112/2112
f 2113/2113/2113 2114/2114/2114 2115/2115/2115
f 2116/2116/2116 2117/2117/2117 2118/2118/2118
f 2119/2119/2119 2120/2120/2120 2121/2121/2121
f 2122/2122/2122 2123/2123/2123 2124/2124/2124
f 2125/2125/2125 2126/2126/2126 2127/2127/2127
f 2128/2128/2128 2129/2129/2129 2130/2130/2130
f 2131/2131/2131 2132/2132/2132 2133/2133/2133
f 2134/2134/2134 2135/2135/2135 2136/2136/2136
f 2137/2137/2137 2138/2138/2138 2139/2139/2139
f 2140/2140/2140 2141/2141/2141 2142/2142/2142
f 2143/2143/2143 2144/2144/2144 2145/2145/2145
f 2146/2146/2146 2147/2147/2147 2148/2148/2148
f 2149/2149/2149 2150/2150/2150 2151/2151/2151
f 2152/2152/2152 2153/2153/2153 2154/2154/2154
f 2155/2155/2155 2156/2156/2156 2157/2157/2157
f 2158/2158/2158 2159/2159/2159 2160/2160/2160
f 2161/2161/2161 2162/2162/2162 2163/2163/2163
f 2164/2164/2164 2165/2165/2165 2166/2166/2166
f 2167/2167/2167 2168/2168/2168 2169/2169/2169
f 2170/2170/2170 2171/2171/2171 2172/2172/2172
f 2173/2173/2173 2174/2174/2174 2175/2175/2175
f 2176/2176/2176 2177/2177/2177 2178/2178/2178
f 2179/2179/2179 2180/2180/2180 2181/2181/2181
f 2182/2182/2182 2183/2183/2183 2184/2184/2184
f 2185/2185/2185 2186/2186/2186 2187/2187/2187
f 2188/2188/2188 2189/2189/2189 2190/2190/2190
f 2191/2191/2191 2192/2192/2192 2193/2193/2193
f 2194/2194/2194 2195/2195/2195 2196/2196/2196
f 2197/2197/2197 2198/2198/2198 2199/2199/2199
f 2200/2200/2200 2201/2201/2201 2202/2202/2202
f 2203/2203/2203 2204/2204/2204 2205/2205/2205
f 2206/2206/2206 2207/2207/2207 2208/2208/2208
f 2209/2209/2209 2210/2210/2210 2211/2211/2211
f 2212/2212/2212 2213/2213/2213 2214/2214/2214
f 2215/2215/2215 2216/2216/2216 2217/2217/2217
f 2218/2218/2218 2219/2219/2219 2220/2220/2220
f 2221/2221/2221 2222/2222/2222 2223/2223/2223
f 2224/2224/2224 2225/2225/2225 2226/2226/2226
f 2227/2227/2227 2228/2228/2228 2229/2229/2229
f 2230/2230/2230 2231/2231/2231 2232/2232/2232
f 2233/2233/2233 2234/2234/2234 2235/2235/2235
f 2236/2236/2236 2237/2237/2237 2238/2238/2238
f 2239/2239/2239 2240/2240/2240 2241/2241/2241
f 2242/2242/2242 2243/2243/2243 2244/2244/2244
f 2245/2245/2245 2246/2246/2246 2247/2247/2247
f 2248/2248/2248 2249/2249/2249 2250/2250/2250
f 2251/2251/2251 2252/2252/2252 2253/2253/2253
f 2254/2254/2254 2255/2255/2255 2256/2256/2256
f 2257/2257/2257 2258/2258/2258 2259/2259/2259
f 2260/2260/2260 2261/2261/2261 2262/2262/2262
f 2263/2263/2263 2264/2264/2264 2265/2265/2265
f 2266/2266/2266 2267/2267/2267 2268/2268/2268
f 2269/2269/2269 2270/2270/2270 2271/2271/2271
f 2272/2272/2272 2273/2273/2273 2274/2274/2274
f 2275/2275/2275 2276/2276/2276 2277/2277/2277
f 2278/2278/2278 2279/2279/2279 2280/2280/2280
f 2281/2281/2281 2282/2282/2282 2283/2283/2283
f 2284/2284/2284 2285/2285/2285 2286/2286/2286
f 2287/2287/2287 2288/2288/2288 2289/2289/2289
f 2290/2290/2290 2291/2291/2291 2292/2292/2292
f 2293/2293/2293 2294/2294/2294 2295/2295/2295
f 2296/2296/2296 2297/2297/2297 2298/2298/2298
f 2299/2299/2299 2300/2300/2300 2301/2301/2301
f 2302/2302/2302 2303/2303/2303 2304/2304/2304
f 2305/2305/2305 2306/2306/2306 2307/2307/2307
f 2308/2308/2308 2309/2309/2309 2310/2310/2310
f 2311/2311/2311 2312/2312/2312 2313/2313/2313
f 2314/2314/2314 2315/2315/2315 2316/2316/2316
f 2317/2317/2317 2318/2318/2318 2319/2319/2319
f 2320/2320/2320 2321/2321/2321 2322/2322/2322
f 2323/2323/2323 2324/2324/2324 2325/2325/2325
f 2326/2326/2326 2327/2327/2327 2328/2328/2328
f 2329/2329/2329 2330/2330/2330 2331/2331/2331
f 2332/2332/2332 2333/2333/2333 2334/2334/2334
f 2335/2335/2335 2336/2336/2336 2337/2337/2337
f 2338/2338/2338 2339/2339/2339 2340/2340/2340
f 2341/2341/2341 2342/2342/2342 2343/2343/2343
f 2344/2344/2344 2345/2345/2345 2346/2346/2346
f 2347/2347/2347 2348/2348/2348 2349/2349/2349
f 2350/2350/2350 2351/2351/2351 2352/2352/2352
f 2353/2353/2353 2354/2354/2354 2355/2355/2355
f 2356/2356/2356 2357/2357/2357 2358/2358/2358
f 2359/2359/2359 2360/2360/2360 2361/2361/2361
f 2362/2362/2362 2363/2363/2363 2364/2364/2364
f 2365/2365/2365 2366/2366/2366 2367/2367/2367
f 2368/2368/2368 2369/2369/2369 2370/2370/2370
f 2371/2371/2371 2372/2372/2372 2373/2373/2373
f 2374/2374/2374 2375/2375/2375 2376/2376/2376
f 2377/2377/2377 2378/2378/2378 2379/2379/2379
f 2380/2380/2380 2381/2381/2381 2382/2382/2382
f 2383/2383/2383 2384/2384/2384 2385/2385/2385
f 2386/2386/2386 2387/2387/2387 2388/2388/2388
f 2389/2389/2389 2390/2390/2390 2391/2391/2391
f 2392/2392/2392 2393/2393/2393 2394/2394/2394
f 2395/2395/2395 2396/2396/2396 2397/2397/2397
f 2398/2398/2398 2399/2399/2399 2400/2400/2400
f 2401/2401/2401 2402/2402/2402 2403/2403/2403
f 2404/2404/2404 2405/2405/2405 2406/2406/2406
f 2407/2407/2407 2408/2408/2408 2409/2409/2409
f 2410/2410/2410 2411/2411/2411 2412/2412/2412
f 2413/2413/2413 2414/2414/2414 2415/2415/2415
f 2416/2416/2416 2417/2417/2417 2418/2418/2418
f 2419/2419/2419 2420/2420/2420 2421/2421/2421
f 2422/2422/2422 2423/2423/2423 2424/2424/2424
f 2425/2425/2425 2426/2426/2426 2427/2427/2427
f 2428/2428/2428 2429/2429/2429 2430/2430/2430
f 2431/2431/2431 2432/2432/2432 2433/2433/2433
f 2434/2434/2434 2435/2435/2435 2436/2436/2436
f 2437/2437/2437 2438/2438/2438 2439/2439/2439
f 2440/2440/2440 2441/2441/2441 2442/2442/2442
f 2443/2443/2443 2444/2444/2444 2445/2445/2445
f 2446/2446/2446 2447/2447/2447 2448/2448/2448
f 2449/2449/2449 2450/2450/2450 2451/2451/2451
f 2452/2452/2452 2453/2453/2453 2454/2454/2454
f 2455/2455/2455 2456/2456/2456 2457/2457/2457
f 2458/2458/2458 2459/2459/2459 2460/2460/2460
f 2461/2461/2461 2462/2462/2462 2463/2463/2463
f 2464/2464/2464 2465/2465/2465 2466/2466/2466
f 2467/2467/2467 2468/2468/2468 2469/2469/2469
f 2470/2470/2470 2471/2471/2471 2472/2472/2472
f 2473/2473/2473 2474/2474/2474 2475/2475/2475
f 2476/2476/2476 2477/2477/2477 2478/2478/2478
f 2479/2479/2479 2480/2480/2480 2481/2481/2481
f 2482/2482/2482 2483/2483/2483 2484/2484/2484
f 2485/2485/2485 2486/2486/2486 2487/2487/2487
f 2488/2488/2488 2489/2489/2489 2490/2490/2490
f 2491/2491/2491 2492/2492/2492 2493/2493/2493
f 2494/2494/2494 2495/2495/2495 2496/2496/2496
f 2497/2497/2497 2498/2498/2498 2499/2499/2499
f 2500/2500/2500 2501/2501/2501 2502/2502/2502
f 2503/2503/2503 2504/2504/2504 2505/2505/2505
f 2506/2506/2506 2507/2507/2507 2508/2508/2508
f 2509/2509/2509 2510/2510/2510 2511/2511/2511
f 2512/2512/2512 2513/2513/2513 2514/2514/2514
f 2515/2515/2515 2516/2516/2516 2517/2517/2517
f 2518/2518/2518 2519/2519/2519 2520/2520/2520
f 2521/2521/2521 2522/2522/2522 2523/2523/2523
f 2524/2524/2524 2525/2525/2525 2526/2526/2526
f 2527/2527/2527 2528/2528/2528 2529/2529/2529
f 2530/2530/2530 2531/2531/2531 2532/2532/2532
f 2533/2533/2533 2534/2534/2534 2535/2535/2535
f 2536/2536/2536 2537/2537/2537 2538/2538/2538
f 2539/2539/2539 2540/2540/2540 2541/2541/2541
f 2542/2542/2542 2543/2543/2543 2544/2544/2544
f 2545/2545/2545 2546/2546/2546 2547/2547/2547
f 2548/2548/2548 2549/2549/2549 2550/2550/2550
f 2551/2551/2551 2552/2552/2552 2553/2553/2553
f 2554/2554/2554 2555/2555/2555 2556/2556/2556
f 2557/2557/2557 2558/2558/2558 2559/2559/2559
f 2560/2560/2560 2561/2561/2561 2562/2562/2562
f 2563/2563/2563 2564/2564/2564 2565/2565/2565
f 2566/2566/2566 2567/2567/2567 2568/2568/2568
f 2569/2569/2569 2570/2570/2570 2571/2571/2571
f 2572/2572/2572 2573/2573/2573 2574/2574/2574
f 2575/2575/2575 2576/2576/2576 2577/2577/2577
f 2578/2578/2578 2579/2579/2579 2580/2580/2580
f 2581/2581/2581 2582/2582/2582 2583/2583/2583
f 2584/2584/2584 2585/2585/2585 2586/2586/2586
f 2587/2587/2587 2588/2588/2588 2589/2589/2589
f 2590/2590/2590 2591/2591/2591 2592/2592/2592
f 2593/2593/2593 2594/2594/2594 2595/2595/2595
f 2596/2596/2596 2597/2597/2597 2598/2598/2598
f 2599/2599/2599 2600/2600/2600 2601/2601/2601
f 2602/2602/2602 2603/2603/2603 2604/2604/2604
f 2605/2605/2605 2606/2606/2606 2607/2607/2607
f 2608/2608/2608 2609/2609/2609 2610/2610/2610
f 2611/2611/2611 2612/2612/2612 2613/2613/2613
f 2614/2614/2614 2615/2615/2615 2616/2616/2616
f 2617/2617/2617 2618/2618/2618 2619/2619/2619
f 2620/2620/2620 2621/2621/2621 2622/2622/2622
f 2623/2623/2623 2624/2624/2624 2625/2625/2625
f 2626/2626/2626 2627/2627/2627 2628/2628/2628
f 2629/2629/2629 2630/2630/2630 2631/2631/2631
f 2632/2632/2632 2633/2633/2633 2634/2634/2634
f 2635/2635/2635 2636/2636/2636 2637/2637/2637
f 2638/2638/2638 2639/2639/2639 2640/2640/2640
f 2641/2641/2641 2642/2642/2642 2643/2643/2643
f 2644/2644/2644 2645/2645/2645 2646/2646/2646
f 2647/2647/2647 2648/2648/2648 2649/2649/2649
f 2650/2650/2650 2651/2651/2651 2652/2652/2652
f 2653/2653/2653 2654/2654/2654 2655/2655/2655
f 2656/2656/2656 2657/2657/2657 2658/2658/2658
f 2659/2659/2659 2660/2660/2660 2661/2661/2661
f 2662/2662/2662 2663/2663/2663 2664/2664/2664
f 2665/2665/2665 2666/2666/2666 2667/2667/2667
f 2668/2668/2668 2669/2669/2669 2670/2670/2670
f 2671/2671/2671 2672/2672/2672 2673/2673/2673
f 2674/2674/2674 2675/2675/2675 2676/2676/2676
f 2677/2677/2677 2678/2678/2678 2679/2679/2679
f 2680/2680/2680 2681/2681/2681 2682/2682/2682
f 2683/2683/2683 2684/2684/2684 2685/2685/2685
f 2686/2686/2686 2687/2687/2687 2688/2688/2688
f 2689/2689/2689 2690/2690/2690 2691/2691/2691
f 2692/2692/2692 2693/2693/2693 2694/2694/2694
f 2695/2695/2695 2696/2696/2696 2697/2697/2697
f 2698/2698/2698 2699/2699/2699 2700/2700/2700
f 2701/2701/2701 2702/2702/2702 2703/2703/2703
f 2704/2704/2704 2705/2705/2705 2706/2706/2706
f 2707/2707/2707 2708/2708/2708 2709/2709/2709
f 2710/2710/2710 2711/2711/2711 2712/2712/2712
f 2713/2713/2713 2714/2714/2714 2715/2715/2715
f 2716/2716/2716 2717/2717/2717 2718/2718/2718
f 2719/2719/2719 2720/2720/2720 2721/2721/2721
f 2722/2722/2722 2723/2723/2723 2724/2724/2724
f 2725/2725/2725 2726/2726/2726 2727/2727/2727
f 2728/2728/2728 2729/2729/2729 2730/2730/2730
f 2731/2731/2731 2732/2732/2732 2733/2733/2733
f 2734/2734/2734 2735/2735/2735 2736/2736/2736
f 2737/2737/2737 2738/2738/2738 2739/2739/2739
f 2740/2740/2740 2741/2741/2741 2742/2742/2742
f 2743/2743/2743 2744/2744/2744 2745/2745/2745
f 2746/2746/2746 2747/2747/2747 2748/2748/2748
f 2749/2749/2749 2750/2750/2750 2751/2751/2751
f 2752/2752/2752 2753/2753/2753 2754/2754/2754
f 2755/2755/2755 2756/2756/2756 2757/2757/2757
f 2758/2758/2758 2759/2759/2759 2760/2760/2760
f 2761/2761/2761 2762/2762/2762 2763/2763/2763
f 2764/2764/2764 2765/2765/2765 2766/2766/2766
f 2767/2767/2767 2768/2768/2768 2769/2769/2769
f 2770/2770/2770 2771/2771/2771 2772/2772/2772
f 2773/2773/2773 2774/2774/2774 2775/2775/2775
f 2776/2776/2776 2777/2777/2777 2778/2778/2778
f 2779/2779/2779 2780/2780/2780 2781/2781/2781
f 2782/2782/2782 2783/2783/2783 2784/2784/2784
f 2785/2785/2785 2786/2786/2786 2787/2787/2787
f 2788/2788/2788 2789/2789/2789 2790/2790/2790
f 2791/2791/2791 2792/2792/2792 2793/2793/2793
f 2794/2794/2794 2795/2795/2795 2796/2796/2796
f 2797/2797/2797 2798/2798/2798 2799/2799/2799
f 2800/2800/2800 2801/2801/2801 2802/2802/2802
f 2803/2803/2803 2804/2804/2804 2805/2805/2805
f 2806/2806/2806 2807/2807/2807 2808/2808/2808
f 2809/2809/2809 2810/2810/2810 2811/2811/2811
f 2812/2812/2812 2813/2813/2813 2814/2814/2814
f 2815/2815/2815 2816/2816/2816 2817/2817/2817
f 2818/2818/2818 2819/2819/2819 2820/2820/2820
f 2821/2821/2821 2822/2822/2822 2823/2823/2823
f 2824/2824/2824 2825/2825/2825 2826/2826/2826
f 2827/2827/2827 2828/2828/2828 2829/2829/2829
f 2830/2830/2830 2831/2831/2831 2832/2832/2832
f 2833/2833/2833 2834/2834/2834 2835/2835/2835
f 2836/2836/2836 2837/2837/2837 2838/2838/2838
f 2839/2839/2839 2840/2840/2840 2841/2841/2841
f 2842/2842/2842 2843/2843/2843 2844/2844/2844
f 2845/2845/2845 2846/2846/2846 2847/2847/2847
f 2848/2848/2848 2849/2849/2849 2850/2850/2850
f 2851/2851/2851 2852/2852/2852 2853/2853/2853
f 2854/2854/2854 2855/2855/2855 2856/2856/2856
f 2857/2857/2857 2858/2858/2858 2859/2859/2859
f 2860/2860/2860 2861/2861/2861 2862/2862/2862
f 2863/2863/2863 2864/2864/2864 2865/2865/2865
f 2866/2866/2866 2867/2867/2867 2868/2868/2868
f 2869/2869/2869 2870/2870/2870 2871/2871/2871
f 2872/2872/2872 2873/2873/2873 2874/2874/2874
f 2875/2875/2875 2876/2876/2876 2877/2877/2877
f 2878/2878/2878 2879/2879/2879 2880/2880/2880
f 2881/2881/2881 2882/2882/2882 2883/2883/2883
f 2884/2884/2884 2885/2885/2885 2886/2886/2886
f 2887/2887/2887 2888/2888/2888 2889/2889/2889
f 2890/2890/2890 2891/2891/2891 2892/2892/2892
f 2893/2893/2893 2894/2894/2894 2895/2895/2895
f 2896/2896/2896 2897/2897/2897 2898/2898/2898
f 2899/2899/2899 2900/2900/2900 2901/2901/2901
f 2902/2902/2902 2903/2903/2903 2904/2904/2904
f 2905/2905/2905 2906/2906/2906 2907/2907/2907
f 2908/2908/2908 2909/2909/2909 2910/2910/2910
f 2911/2911/2911 2912/2912/2912 2913/2913/2913
f 2914/2914/2914 2915/2915/2915 2916/2916/2916
f 2917/2917/2917 2918/2918/2918 2919/2919/2919
f 2920/2920/2920 2921/2921/2921 2922/2922/2922
f 2923/2923/2923 2924/2924/2924 2925/2925/2925
f 2926/2926/2926 2927/2927/2927 2928/2928/2928
f 2929/2929/2929 2930/2930/2930 2931/2931/2931
f 2932/2932/2932 2933/2933/2933 2934/2934/2934
f 2935/2935/2935 2936/2936/2936 2937/2937/2937
f 2938/2938/2938 2939/2939/2939 2940/2940/2940
f 2941/2941/2941 2942/2942/2942 2943/2943/2943
f 2944/2944/2944 2945/2945/2945 2946/2946/2946
f 2947/2947/2947 2948/2948/2948 2949/2949/2949
f 2950/2950/2950 2951/2951/2951 2952/2952/2952
f 2953/2953/2953 2954/2954/2954 2955/2955/2955
f 2956/2956/2956 2957/2957/2957 2958/2958/2958
f 2959/2959/2959 2960/2960/2960 2961/2961/2961
f 2962/2962/2962 2963/2963/2963 2964/2964/2964
f 2965/2965/2965 2966/2966/2966 2967/2967/2967
f 2968/2968/2968 2969/2969/2969 2970/2970/2970
f 2971/2971/2971 2972/2972/2972 2973/2973/2973
f 2974/2974/2974 2975/2975/2975 2976/2976/2976
f 2977/2977/2977 2978/2978/2978 2979/2979/2979
f 2980/2980/2980 2981/2981/2981 2982/2982/2982
f 2983/2983/2983 2984/2984/2984 2985/2985/2985
f 2986/2986/2986 2987/2987/2987 2988/2988/2988
f 2989/2989/2989 2990/2990/2990 2991/2991/2991
f 2992/2992/2992 2993/2993/2993 2994/2994/2994
f 2995/2995/2995 2996/2996/2996 2997/2997/2997
f 2998/2998/2998 2999/2999/2999 3000/3000/3000
f 3001/3001/3001 3002/3002/3002 3003/3003/3003
f 3004/3004/3004 3005/3005/3005 3006/3006/3006
f 3007/3007/3007 3008/3008/3008 3009/3009/3009
f 3010/3010/3010 3011/3011/3011 3012/3012/3012
f 3013/3013/3013 3014/3014/3014 3015/3015/3015
f 3016/3016/3016 3017/3017/3017 3018/3018/3018
f 3019/3019/3019 3020/3020/3020 3021/3021/3021
f 3022/3022/3022 3023/3023/3023 3024/3024/3024
f 3025/3025/3025 3026/3026/3026 3027/3027/3027
f 3028/3028/3028 3029/3029/3029 3030/3030/3030
f 3031/3031/3031 3032/3032/3032 3033/3033/3033
f 3034/3034/3034 3035/3035/3035 3036/3036/3036
f 3037/3037/3037 3038/3038/3038 3039/3039/3039
f 3040/3040/3040 3041/3041/3041 3042/3042/3042
f 3043/3043/3043 3044/3044/3044 3045/3045/3045
f 3046/3046/3046 3047/3047/3047 3048/3048/3048
f 3049/3049/3049 3050/3050/3050 3051/3051/3051
f 3052/3052/3052 3053/3053/3053 3054/3054/3054
f 3055/3055/3055 3056/3056/3056 3057/3057/3057
f 3058/3058/3058 3059/3059/3059 3060/3060/3060
f 3061/3061/3061 3062/3062/3062 3063/3063/3063
f 3064/3064/3064 3065/3065/3065 3066/3066/3066
f 3067/3067/3067 3068/3068/3068 3069/3069/3069
f 3070/3070/3070 3071/3071/3071 3072/3072/3072
f 3073/3073/3073 3074/3074/3074 3075/3075/3075
f 3076/3076/3076 3077/3077/3077 3078/3078/3078
f 3079/3079/3079 3080/3080/3080 3081/3081/3081
f 3082/3082/3082 3083/3083/3083 3084/3084/3084
f 3085/3085/3085 3086/3086/3086 3087/3087/3087
f 3088/3088/3088 3089/3089/3089 3090/3090/3090
f 3091/3091/3091 3092/3092/3092 3093/3093/3093
f 3094/3094/3094 3095/3095/3095 3096/3096/3096
f 3097/3097/3097 3098/3098/3098 3099/3099/3099
f 3100/3100/3100 3101/3101/3101 3102/3102/3102
f 3103/3103/3103 3104/3104/3104 3105/3105/3105
f 3106/3106/3106 3107/3107/3107 3108/3108/3108
f 3109/3109/3109 3110/3110/3110 3111/3111/3111
f 3112/3112/3112 3113/3113/3113 3114/3114/3114
f 3115/3115/3115 3116/3116/3116 3117/3117/3117
f 3118/3118/3118 3119/3119/3119 3120/3120/3120
f 3121/3121/3121 3122/3122/3122 3123/3123/3123
f 3124/3124/3124 3125/3125/3125 3126/3126/3126
f 3127/3127/3127 3128/3128/3128 3129/3129/3129
f 3130/3130/3130 3131/3131/3131 3132/3132/3132
f 3133/3133/3133 3134/3134/3134 3135/3135/3135
f 3136/3136/3136 3137/3137/3137 3138/3138/3138
f 3139/3139/3139 3140/3140/3140 3141/3141/3141
f 3142/3142/3142 3143/3143/3143 3144/3144/3144
f 3145/3145/3145 3146/3146/3146 3147/3147/3147
f 3148/3148/3148 3149/3149/3149 3150/3150/3150
f 3151/3151/3151 3152/3152/3152 3153/3153/3153
f 3154/3154/3154 3155/3155/3155 3156/3156/3156
f 3157/3157/3157 3158/3158/3158 3159/3159/3159
f 3160/3160/3160 3161/3161/3161 3162/3162/3162
f 3163/3163/3163 3164/3164/3164 3165/3165/3165
f 3166/3166/3166 3167/3167/3167 3168/3168/3168
f 3169/3169/3169 3170/3170/3170 3171/3171/3171
f 3172/3172/3172 3173/3173/3173 3174/3174/3174
f 3175/3175/3175 3176/3176/3176 3177/3177/3177
f 3178/3178/3178 3179/3179/3179 3180/3180/3180
f 3181/3181/3181 3182/3182/3182 3183/3183/3183
f 3184/3184/3184 3185/3185/3185 3186/3186/3186
f 3187/3187/3187 3188/3188/3188 3189/3189/3189
f 3190/3190/3190 3191/3191/3191 3192/3192/3192
f 3193/3193/3193 3194/3194/3194 3195/3195/3195
f 3196/3196/3196 3197/3197/3197 3198/3198/3198
f 3199/3199/3199 3200/3200/3200 3201/3201/3201
f 3202/3202/3202 3203/3203/3203 3204/3204/3204
f 3205/3205/3205 3206/3206/3206 3207/3207/3207
f 3208/3208/3208 3209/3209/3209 3210/3210/3210
f 3211/3211/3211 3212/3212/3212 3213/3213/3213
f 3214/3214/3214 3215/3215/3215 3216/3216/3216
f 3217/3217/3217 3218/3218/3218 3219/3219/3219
f 3220/3220/3220 3221/3221/3221 3222/3222/3222
f 3223/3223/3223 3224/3224/3224 3225/3225/3225
f 3226/3226/3226 3227/3227/3227 3228/3228/3228
f 3229/3229/3229 3230/3230/3230 3231/3231/3231
f 3232/3232/3232 3233/3233/3233 3234/3234/3234
f 3235/3235/3235 3236/3236/3236 3237/3237/3237
f 3238/3238/3238 3239/3239/3239 3240/3240/3240
f 3241/3241/3241 3242/3242/3242 3243/3243/3243
f 3244/3244/3244 3245/3245/3245 3246/3246/3246
f 3247/3247/3247 3248/3248/3248 3249/3249/3249
f 3250/3250/3250 3251/3251/3251 3252/3252/3252
f 3253/3253/3253 3254/3254/3254 3255/3255/3255
f 3256/3256/3256 3257/3257/3257 3258/3258/3258
f 3259/3259/3259 3260/3260/3260 3261/3261/3261
f 3262/3262/3262 3263/3263/3263 3264/3264/3264
f 3265/3265/3265 3266/3266/3266 3267/3267/3267
f 3268/3268/3268 3269/3269/3269 3270/3270/3270
f 3271/3271/3271 3272/3272/3272 3273/3273/3273
f 3274/3274/3274 3275/3275/3275 3276/3276/3276
f 3277/3277/3277 3278/3278/3278 3279/3279/3279
f 3280/3280/3280 3281/3281/3281 3282/3282/3282
f 3283/3283/3283 3284/3284/3284 3285/3285/3285
f 3286/3286/3286 3287/3287/3287 3288/3288/3288
f 3289/3289/3289 3290/3290/3290 3291/3291/3291
f 3292/3292/3292 3293/3293/3293 3294/3294/3294
f 3295/3295/3295 3296/3296/3296 3297/3297/3297
f 3298/3298/3298 3299/3299/3299 3300/3300/3300
f 3301/3301/3301 3302/3302/3302 3303/3303/3303
f 3304/3304/3304 3305/3305/3305 3306/3306/3306
f 3307/3307/3307 3308/3308/3308 3309/3309/3309
f 3310/3310/3310 3311/3311/3311 3312/3312/3312
f 3313/3313/3313 3314/3314/3314 3315/3315/3315
f 3316/3316/3316 3317/3317/3317 3318/3318/3318
f 3319/3319/3319 3320/3320/3320 3321/3321/3321
f 3322/3322/3322 3323/3323/3323 3324/3324/3324
f 3325/3325/3325 3326/3326/3326 3327/3327/3327
f 3328/3328/3328 3329/3329/3329 3330/3330/3330
f 3331/3331/3331 3332/3332/3332 3333/3333/3333
f 3334/3334/3334 3335/3335/3335 3336/3336/3336
f 3337/3337/3337 3338/3338/3338 3339/3339/3339
f 3340/3340/3340 3341/3341/3341 3342/3342/3342
f 3343/3343/3343 3344/3344/3344 3345/3345/3345
f 3346/3346/3346 3347/3347/3347 3348/3348/3348
f 3349/3349/3349 3350/3350/3350 3351/3351/3351
f 3352/3352/3352 3353/3353/3353 3354/3354/3354
f 3355/3355/3355 3356/3356/3356 3357/3357/3357
f 3358/3358/3358 3359/3359/3359 3360/3360/3360
f 3361/3361/3361 3362/3362/3362 3363/3363/3363
f 3364/3364/3364 3365/3365/3365 3366/3366/3366
f 3367/3367/3367 3368/3368/3368 3369/3369/3369
f 3370/3370/3370 3371/3371/3371 3372/3372/3372
f 3373/3373/3373 3374/3374/3374 3375/3375/3375
f 3376/3376/3376 3377/3377/3377 3378/3378/3378
f 3379/3379/3379 3380/3380/3380 3381/3381/3381
f 3382/3382/3382 3383/3383/3383 3384/3384/3384
f 3385/3385/3385 3386/3386/3386 3387/3387/3387
f 3388/3388/3388 3389/3389/3389 3390/3390/3390
f 3391/3391/3391 3392/3392/3392 3393/3393/3393
f 3394/3394/3394 3395/3395/3395 3396/3396/3396
f 3397/3397/3397 3398/3398/3398 3399/3399/3399
f 3400/3400/3400 3401/3401/3401 3402/3402/3402
f 3403/3403/3403 3404/3404/3404 3405/3405/3405
f 3406/3406/3406 3407/3407/3407 3408/3408/3408
f 3409/3409/3409 3410/3410/3410 3411/3411/3411
f 3412/3412/3412 3413/3413/3413 3414/3414/3414
f 3415/3415/3415 3416/3416/3416 3417/3417/3417
f 3418/3418/3418 3419/3419/3419 3420/3420/3420
f 3421/3421/3421 3422/3422/3422 3423/3423/3423
f 3424/3424/3424 3425/3425/3425 3426/3426/3426
f 3427/3427/3427 3428/3428/3428 3429/3429/3429
f 3430/3430/3430 3431/3431/3431 3432/3432/3432
f 3433/3433/3433 3434/3434/3434 3435/3435/3435
f 3436/3436/3436 3437/3437/3437 3438/3438/3438
f 3439/3439/3439 3440/3440/3440 3441/3441/3441
f 3442/3442/3442 3443/3443/3443 3444/3444/3444
f 3445/3445/3445 3446/3446/3446 3447/3447/3447
f 3448/3448/3448 3449/3449/3449 3450/3450/3450
f 3451/3451/3451 3452/3452/3452 3453/3453/3453
f 3454/3454/3454 3455/3455/3455 3456/3456/3456
f 3457/3457/3457 3458/3458/3458 3459/3459/3459
f 3460/3460/3460 3461/3461/3461 3462/3462/3462
f 3463/3463/3463 3464/3464/3464 3465/3465/3465
f 3466/3466/3466 3467/3467/3467 3468/3468/3468
f 3469/3469/3469 3470/3470/3470 3471/3471/3471
f 3472/3472/3472 3473/3473/3473 3474/3474/3474
f 3475/3475/3475 3476/3476/3476 3477/3477/3477
f 3478/3478/3478 3479/3479/3479 3480/3480/3480
f 3481/3481/3481 3482/3482/3482 3483/3483/3483
f 3484/3484/3484 3485/3485/3485 3486/3486/3486
f 3487/3487/3487 3488/3488/3488 3489/3489/3489
f 3490/3490/3490 3491/3491/3491 3492/3492/3492
f 3493/3493/3493 3494/3494/3494 3495/3495/3495
f 3496/3496/3496 3497/3497/3497 3498/3498/3498
f 3499/3499/3499 3500/3500/3500 3501/3501/3501
f 3502/3502/3502 3503/3503/3503 3504/3504/3504
f 3505/3505/3505 3506/3506/3506 3507/3507/3507
f 3508/3508/3508 3509/3509/3509 3510/3510/3510
f 3511/3511/3511 3512/3512/3512 3513/3513/3513
f 3514/3514/3514 3515/3515/3515 3516/3516/3516
f 3517/3517/3517 3518/3518/3518 3519/3519/3519
f 3520/3520/3520 3521/3521/3521 3522/3522/3522
f 3523/3523/3523 3524/3524/3524 3525/3525/3525
f 3526/3526/3526 3527/3527/3527 3528/3528/3528
f 3529/3529/3529 3530/3530/3530 3531/3531/3531
f 3532/3532/3532 3533/3533/3533 3534/3534/3534
f 3535/3535/3535 3536/3536/3536 3537/3537/3537
f 3538/3538/3538 3539/3539/3539 3540/3540/3540
f 3541/3541/3541 3542/3542/3542 3543/3543/3543
f 3544/3544/3544 3545/3545/3545 3546/3546/3546
f 3547/3547/3547 3548/3548/3548 3549/3549/3549
f 3550/3550/3550 3551/3551/3551 3552/3552/3552
f 3553/3553/3553 3554/3554/3554 3555/3555/3555
f 3556/3556/3556 3557/3557/3557 3558/3558/3558
f 3559/3559/3559 3560/3560/3560 3561/3561/3561
f 3562/3562/3562 3563/3563/3563 3564/3564/3564
f 3565/3565/3565 3566/3566/3566 3567/3567/3567
f 3568/3568/3568 3569/3569/3569 3570/3570/3570
f 3571/3571/3571 3572/3572/3572 3573/3573/3573
f 3574/3574/3574 3575/3575/3575 3576/3576/3576
f 3577/3577/3577 3578/3578/3578 3579/3579/3579
f 3580/3580/3580 3581/3581/3581 3582/3582/3582
f 3583/3583/3583 3584/3584/3584 3585/3585/3585
f 3586/3586/3586 3587/3587/3587 3588/3588/3588
f 3589/3589/3589 3590/3590/3590 3591/3591/3591
f 3592/3592/3592 3593/3593/3593 3594/3594/3594
f 3595/3595/3595 3596/3596/3596 3597/3597/3597
f 3598/3598/3598 3599/3599/3599 3600/3600/3600
f 3601/3601/3601 3602/3602/3602 3603/3603/3603
f 3604/3604/3604 3605/3605/3605 3606/3606/3606
f 3607/3607/3607 3608/3608/3608 3609/3609/3609
f 3610/3610/3610 3611/3611/3611 3612/3612/3612
f 3613/3613/3613 3614/3614/3614 3615/3615/3615
f 3616/3616/3616 3617/3617/3617 3618/3618/3618
f 3619/3619/3619 3620/3620/3620 3621/3621/3621
f 3622/3622/3622 3623/3623/3623 3624/3624/3624
f 3625/3625/3625 3626/3626/3626 3627/3627/3627
f 3628/3628/3628 3629/3629/3629 3630/3630/3630
f 3631/3631/3631 3632/3632/3632 3633/3633/3633
f 3634/3634/3634 3635/3635/3635 3636/3636/3636
f 3637/3637/3637 3638/3638/3638 3639/3639/3639
f 3640/3640/3640 3641/3641/3641 3642/3642/3642
f 3643/3643/3643 3644/3644/3644 3645/3645/3645
f 3646/3646/3646 3647/3647/3647 3648/3648/3648
f 3649/3649/3649 3650/3650/3650 3651/3651/3651
f 3652/3652/3652 3653/3653/3653 3654/3654/3654
f 3655/3655/3655 3656/3656/3656 3657/3657/3657
f 3658/3658/3658 3659/3659/3659 3660/3660/3660
f 3661/3661/3661 3662/3662/3662 3663/3663/3663
f 3664/3664/3664 3665/3665/3665 3666/3666/3666
f 3667/3667/3667 3668/3668/3668 3669/3669/3669
f 3670/3670/3670 3671/3671/3671 3672/3672/3672
f 3673/3673/3673 3674/3674/3674 3675/3675/3675
f 3676/3676/3676 3677/3677/3677 3678/3678/3678
f 3679/3679/3679 3680/3680/3680 3681/3681/3681
f 3682/3682/3682 3683/3683/3683 3684/3684/3684
f 3685/3685/3685 3686/3686/3686 3687/3687/3687
f 3688/3688/3688 3689/3689/3689 3690/3690/3690
f 3691/3691/3691 3692/3692/3692 3693/3693/3693
f 3694/3694/3694 3695/3695/3695 3696/3696/3696
f 3697/3697/3697 3698/3698/3698 3699/3699/3699
f 3700/3700/3700 3701/3701/3701 3702/3702/3702
f 3703/3703/3703 3704/3704/3704 3705/3705/3705
f 3706/3706/3706 3707/3707/3707 3708/3708/3708
f 3709/3709/3709 3710/3710/3710 3711/3711/3711
f 3712/3712/3712 3713/3713/3713 3714/3714/3714
f 3715/3715/3715 3716/3716/3716 3717/3717/3717
f 3718/3718/3718 3719/3719/3719 3720/3720/3720
f 3721/3721/3721 3722/3722/3722 3723/3723/3723
f 3724/3724/3724 3725/3725/3725 3726/3726/3726
f 3727/3727/3727 3728/3728/3728 3729/3729/3729
f 3730/3730/3730 3731/3731/3731 3732/3732/3732
f 3733/3733/3733 3734/3734/3734 3735/3735/3735
f 3736/3736/3736 3737/3737/3737 3738/3738/3738
f 3739/3739/3739 3740/3740/3740 3741/3741/3741
f 3742/3742/3742 3743/3743/3743 3744/3744/3744
f 3745/3745/3745 3746/3746/3746 3747/3747/3747
f 3748/3748/3748 3749/3749/3749 3750/3750/3750
f 3751/3751/3751 3752/3752/3752 3753/3753/3753
f 3754/3754/3754 3755/3755/3755 3756/3756/3756
f 3757/3757/3757 3758/3758/3758 3759/3759/3759
f 3760/3760/3760 3761/3761/3761 3762/3762/3762
f 3763/3763/3763 3764/3764/3764 3765/3765/3765
f 3766/3766/3766 3767/3767/3767 3768/3768/3768
f 3769/3769/3769 3770/3770/3770 3771/3771/3771
f 3772/3772/3772 3773/3773/3773 3774/3774/3774
f 3775/3775/3775 3776/3776/3776 3777/3777/3777
f 3778/3778/3778 3779/3779/3779 3780/3780/3780
f 3781/3781/3781 3782/3782/3782 3783/3783/3783
f 3784/3784/3784 3785/3785/3785 3786/3786/3786
f 3787/3787/3787 3788/3788/3788 3789/3789/3789
f 3790/3790/3790 3791/3791/3791 3792/3792/3792
f 3793/3793/3793 3794/3794/3794 3795/3795/3795
f 3796/3796/3796 3797/3797/3797 3798/3798/3798
f 3799/3799/3799 3800/3800/3800 3801/3801/3801
f 3802/3802/3802 3803/3803/3803 3804/3804/3804
f 3805/3805/3805 3806/3806/3806 3807/3807/3807
f 3808/3808/3808 3809/3809/3809 3810/3810/3810
f 3811/3811/3811 3812/3812/3812 3813/3813/3813
f 3814/3814/3814 3815/3815/3815 3816/3816/3816
f 3817/3817/3817 3818/3818/3818 3819/3819/3819
f 3820/3820/3820 3821/3821/3821 3822/3822/3822
f 3823/3823/3823 3824/3824/3824 3825/3825/3825
f 3826/3826/3826 3827/3827/3827 3828/3828/3828
f 3829/3829/3829 3830/3830/3830 3831/3831/3831
f 3832/3832/3832 3833/3833/3833 3834/3834/3834
f 3835/3835/3835 3836/3836/3836 3837/3837/3837
f 3838/3838/3838 3839/3839/3839 3840/3840/3840
f 3841/3841/3841 3842/3842/3842 3843/3843/3843
f 3844/3844/3844 3845/3845/3845 3846/3846/3846
f 3847/3847/3847 3848/3848/3848 3849/3849/3849
f 3850/3850/3850 3851/3851/3851 3852/3852/3852
f 3853/3853/3853 3854/3854/3854 3855/3855/3855
f 3856/3856/3856 3857/3857/3857 3858/3858/3858
f 3859/3859/3859 3860/3860/3860 3861/3861/3861
f 3862/3862/3862 3863/3863/3863 3864/3864/3864
f 3865/3865/3865 3866/3866/3866 3867/3867/3867
f 3868/3868/3868 3869/3869/3869 3870/3870/3870
f 3871/3871/3871 3872/3872/3872 3873/3873/3873
f 3874/3874/3874 3875/3875/3875 3876/3876/3876
f 3877/3877/3877 3878/3878/3878 3879/3879/3879
f 3880/3880/3880 3881/3881/3881 3882/3882/3882
f 3883/3883/3883 3884/3884/3884 3885/3885/3885
f 3886/3886/3886 3887/3887/3887 3888/3888/3888
f 3889/3889/3889 3890/3890/3890 3891/3891/3891
f 3892/3892/3892 3893/3893/3893 3894/3894/3894
f 3895/3895/3895 3896/3896/3896 3897/3897/3897
f 3898/3898/3898 3899/3899/3899 3900/3900/3900
f 3901/3901/3901 3902/3902/3902 3903/3903/3903
f 3904/3904/3904 3905/3905/3905 3906/3906/3906
f 3907/3907/3907 3908/3908/3908 3909/3909/3909
f 3910/3910/3910 3911/3911/3911 3912/3912/3912
f 3913/3913/3913 3914/3914/3914 3915/3915/3915
f 3916/3916/3916 3917/3917/3917 3918/3918/3918
f 3919/3919/3919 3920/3920/3920 3921/3921/3921
f 3922/3922/3922 3923/3923/3923 3924/3924/3924
f 3925/3925/3925 3926/3926/3926 3927/3927/3927
f 3928/3928/3928 3929/3929/3929 3930/3930/3930
f 3931/3931/3931 3932/3932/3932 3933/3933/3933
f 3934/3934/3934 3935/3935/3935 3936/3936/3936
f 3937/3937/3937 3938/3938/3938 3939/3939/3939
f 3940/3940/3940 3941/3941/3941 3942/3942/3942
f 3943/3943/3943 3944/3944/3944 3945/3945/3945
f 3946/3946/3946 3947/3947/3947 3948/3948/3948
f 3949/3949/3949 3950/3950/3950 3951/3951/3951
f 3952/3952/3952 3953/3953/3953 3954/3954/3954
f 3955/3955/3955 3956/3956/3956 3957/3957/3957
f 3958/3958/3958 3959/3959/3959 3960/3960/3960
f 3961/3961/3961 3962/3962/3962 3963/3963/3963
f 3964/3964/3964 3965/3965/3965 3966/3966/3966
f 3967/3967/3967 3968/3968/3968 3969/3969/3969
f 3970/3970/3970 3971/3971/3971 3972/3972/3972
f 3973/3973/3973 3974/3974/3974 3975/3975/3975
f 3976/3976/3976 3977/3977/3977 3978/3978/3978
f 3979/3979/3979 3980/3980/3980 3981/3981/3981
f 3982/3982/3982 3983/3983/3983 3984/3984/3984
f 3985/3985/3985 3986/3986/3986 3987/3987/3987
f 3988/3988/3988 3989/3989/3989 3990/3990/3990
f 3991/3991/3991 3992/3992/3992 3993/3993/3993
f 3994/3994/3994 3995/3995/3995 3996/3996/3996
f 3997/3997/3997 3998/3998/3998 3999/3999/3999
f 4000/4000/4000 4001/4001/4001 4002/4002/4002
f 4003/4003/4003 4004/4004/4004 4005/4005/4005
f 4006/4006/4006 4007/4007/4007 4008/4008/4008
f 4009/4009/4009 4010/4010/4010 4011/4011/4011
f 4012/4012/4012 4013/4013/4013 4014/4014/4014
f 4015/4015/4015 4016/4016/4016 4017/4017/4017
f 4018/4018/4018 4019/4019/4019 4020/4020/4020
f 4021/4021/4021 4022/4022/4022 4023/4023/4023
f 4024/4024/4024 4025/4025/4025 4026/4026/4026
f 4027/4027/4027 4028/4028/4028 4029/4029/4029
f 4030/4030/4030 4031/4031/4031 4032/4032/4032
f 4033/4033/4033 4034/4034/4034 4035/4035/4035
f 4036/4036/4036 4037/4037/4037 4038/4038/4038
f 4039/4039/4039 4040/4040/4040 4041/4041/4041
f 4042/4042/4042 4043/4043/4043 4044/4044/4044
f 4045/4045/4045 4046/4046/4046 4047/4047/4047
f 4048/4048/4048 4049/4049/4049 4050/4050/4050
f 4051/4051/4051 4052/4052/4052 4053/4053/4053
f 4054/4054/4054 4055/4055/4055 4056/4056/4056
f 4057/4057/4057 4058/4058/4058 4059/4059/4059
f 4060/4060/4060 4061/4061/4061 4062/4062/4062
f 4063/4063/4063 4064/4064/4064 4065/4065/4065
f 4066/4066/4066 4067/4067/4067 4068/4068/4068
f 4069/4069/4069 4070/4070/4070 4071/4071/4071
f 4072/4072/4072 4073/4073/4073 4074/4074/4074
f 4075/4075/4075 4076/4076/4076 4077/4077/4077
f 4078/4078/4078 4079/4079/4079 4080/4080/4080
f 4081/4081/4081 4082/4082/4082 4083/4083/4083
f 4084/4084/4084 4085/4085/4085 4086/4086/4086
f 4087/4087/4087 4088/4088/4088 4089/4089/4089
f 4090/4090/4090 4091/4091/4091 4092/4092/4092
f 4093/4093/4093 4094/4094/4094 4095/4095/4095
f 4096/4096/4096 4097/4097/4097 4098/4098/4098
f 4099/4099/4099 4100/4100/4100 4101/4101/4101
f 4102/4102/4102 4103/4103/4103 4104/4104/4104
f 4105/4105/4105 4106/4106/4106 4107/4107/4107
f 4108/4108/4108 4109/4109/4109 4110/4110/4110
f 4111/4111/4111 4112/4112/4112 4113/4113/4113
f 4114/4114/4114 4115/4115/4115 4116/4116/4116
f 4117/4117/4117 4118/4118/4118 4119/4119/4119
f 4120/4120/4120 4121/4121/4121 4122/4122/4122
f 4123/4123/4123 4124/4124/4124 4125/4125/4125
f 4126/4126/4126 4127/4127/4127 4128/4128/4128
f 4129/4129/4129 4130/4130/4130 4131/4131/4131
f 4132/4132/4132 4133/4133/4133 4134/4134/4134
f 4135/4135/4135 4136/4136/4136 4137/4137/4137
f 4138/4138/4138 4139/4139/4139 4140/4140/4140
f 4141/4141/4141 4142/4142/4142 4143/4143/4143
f 4144/4144/4144 4145/4145/4145 4146/4146/4146
f 4147/4147/4147 4148/4148/4148 4149/4149/4149
f 4150/4150/4150 4151/4151/4151 4152/4152/4152
f 4153/4153/4153 4154/4154/4154 4155/4155/4155
f 4156/4156/4156 4157/4157/4157 4158/4158/4158
f 4159/4159/4159 4160/4160/4160 4161/4161/4161
f 4162/4162/4162 4163/4163/4163 4164/4164/4164
f 4165/4165/4165 4166/4166/4166 4167/4167/4167
f 4168/4168/4168 4169/4169/4169 4170/4170/4170
f 4171/4171/4171 4172/4172/4172 4173/4173/4173
f 4174/4174/4174 4175/4175/4175 4176/4176/4176
f 4177/4177/4177 4178/4178/4178 4179/4179/4179
f 4180/4180/4180 4181/4181/4181 4182/4182/4182
f 4183/4183/4183 4184/4184/4184 4185/4185/4185
f 4186/4186/4186 4187/4187/4187 4188/4188/4188
f 4189/4189/4189 4190/4190/4190 4191/4191/4191
f 4192/4192/4192 4193/4193/4193 4194/4194/4194
f 4195/4195/4195 4196/4196/4196 4197/4197/4197
f 4198/4198/4198 4199/4199/4199 4200/4200/4200
f 4201/4201/4201 4202/4202/4202 4203/4203/4203
f 4204/4204/4204 4205/4205/4205 4206/4206/4206
f 4207/4207/4207 4208/4208/4208 4209/4209/4209
f 4210/4210/4210 4211/4211/4211 4212/4212/4212
f 4213/4213/4213 4214/4214/4214 4215/4215/4215
f 4216/4216/4216 4217/4217/4217 4218/4218/4218
f 4219/4219/4219 4220/4220/4220 4221/4221/4221
f 4222/4222/4222 4223/4223/4223 4224/4224/4224
f 4225/4225/4225 4226/4226/4226 4227/4227/4227
f 4228/4228/4228 4229/4229/4229 4230/4230/4230
f 4231/4231/4231 4232/4232/4232 4233/4233/4233
f 4234/4234/4234 4235/4235/4235 4236/4236/4236
f 4237/4237/4237 4238/4238/4238 4239/4239/4239
f 4240/4240/4240 4241/4241/4241 4242/4242/4242
f 4243/4243/4243 4244/4244/4244 4245/4245/4245
f 4246/4246/4246 4247/4247/4247 4248/4248/4248
f 4249/4249/4249 4250/4250/4250 4251/4251/4251
f 4252/4252/4252 4253/4253/4253 4254/4254/4254
f 4255/4255/4255 4256/4256/4256 4257/4257/4257
f 4258/4258/4258 4259/4259/4259 4260/4260/4260
f 4261/4261/4261 4262/4262/4262 4263/4263/4263
f 4264/4264/4264 4265/4265/4265 4266/4266/4266
f 4267/4267/4267 4268/4268/4268 4269/4269/4269
f 4270/4270/4270 4271/4271/4271 4272/4272/4272
f 4273/4273/4273 4274/4274/4274 4275/4275/4275
f 4276/4276/4276 4277/4277/4277 4278/4278/4278
f 4279/4279/4279 4280/4280/4280 4281/4281/4281
f 4282/4282/4282 4283/4283/4283 4284/4284/4284
f 4285/4285/4285 4286/4286/4286 4287/4287/4287
f 4288/4288/4288 4289/4289/4289 4290/4290/4290
f 4291/4291/4291 4292/4292/4292 4293/4293/4293
f 4294/4294/4294 4295/4295/4295 4296/4296/4296
f 4297/4297/4297 4298/4298/4298 4299/4299/4299
f 4300/4300/4300 4301/4301/4301 4302/4302/4302
f 4303/4303/4303 4304/4304/4304 4305/4305/4305
f 4306/4306/4306 4307/4307/4307 4308/4308/4308
f 4309/4309/4309 4310/4310/4310 4311/4311/4311
f 4312/4312/4312 4313/4313/4313 4314/4314/4314
f 4315/4315/4315 4316/4316/4316 4317/4317/4317
f 4318/4318/4318 4319/4319/4319 4320/4320/4320
f 4321/4321/4321 4322/4322/4322 4323/4323/4323
f 4324/4324/4324 4325/4325/4325 4326/4326/4326
f 4327/4327/4327 4328/4328/4328 4329/4329/4329
f 4330/4330/4330 4331/4331/4331 4332/4332/4332
f 4333/4333/4333 4334/4334/4334 4335/4335/4335
f 4336/4336/4336 4337/4337/4337 4338/4338/4338
f 4339/4339/4339 4340/4340/4340 4341/4341/4341
f 4342/4342/4342 4343/4343/4343 4344/4344/4344
f 4345/4345/4345 4346/4346/4346 4347/4347/4347
f 4348/4348/4348 4349/4349/4349 4350/4350/4350
f 4351/4351/4351 4352/4352/4352 4353/4353/4353
f 4354/4354/4354 4355/4355/4355 4356/4356/4356
f 4357/4357/4357 4358/4358/4358 4359/4359/4359
f 4360/4360/4360 4361/4361/4361 4362/4362/4362
f 4363/4363/4363 4364/4364/4364 4365/4365/4365
f 4366/4366/4366 4367/4367/4367 4368/4368/4368
f 4369/4369/4369 4370/4370/4370 4371/4371/4371
f 4372/4372/4372 4373/4373/4373 4374/4374/4374
f 4375/4375/4375 4376/4376/4376 4377/4377/4377
f 4378/4378/4378 4379/4379/4379 4380/4380/4380
f 4381/4381/4381 4382/4382/4382 4383/4383/4383
f 4384/4384/4384 4385/4385/4385 4386/4386/4386
f 4387/4387/4387 4388/4388/4388 4389/4389/4389
f 4390/4390/4390 4391/4391/4391 4392/4392/4392
f 4393/4393/4393 4394/4394/4394 4395/4395/4395
f 4396/4396/4396 4397/4397/4397 4398/4398/4398
f 4399/4399/4399 4400/4400/4400 4401/4401/4401
f 4402/4402/4402 4403/4403/4403 4404/4404/4404
f 4405/4405/4405 4406/4406/4406 4407/4407/4407
f 4408/4408/4408 4409/4409/4409 4410/4410/4410
f 4411/4411/4411 4412/4412/4412 4413/4413/4413
f 4414/4414/4414 4415/4415/4415 4416/4416/4416
f 4417/4417/4417 4418/4418/4418 4419/4419/4419
f 4420/4420/4420 4421/4421/4421 4422/4422/4422
f 4423/4423/4423 4424/4424/4424 4425/4425/4425
f 4426/4426/4426 4427/4427/4427 4428/4428/4428
f 4429/4429/4429 4430/4430/4430 4431/4431/4431
f 4432/4432/4432 4433/4433/4433 4434/4434/4434
f 4435/4435/4435 4436/4436/4436 4437/4437/4437
f 4438/4438/4438 4439/4439/4439 4440/4440/4440
f 4441/4441/4441 4442/4442/4442 4443/4443/4443
f 4444/4444/4444 4445/4445/4445 4446/4446/4446
f 4447/4447/4447 4448/4448/4448 4449/4449/4449
f 4450/4450/4450 4451/4451/4451 4452/4452/4452
f 4453/4453/4453 4454/4454/4454 4455/4455/4455
f 4456/4456/4456 4457/4457/4457 4458/4458/4458
f 4459/4459/4459 4460/4460/4460 4461/4461/4461
f 4462/4462/4462 4463/4463/4463 4464/4464/4464
f 4465/4465/4465 4466/4466/4466 4467/4467/4467
f 4468/4468/4468 4469/4469/4469 4470/4470/4470
f 4471/4471/4471 4472/4472/4472 4473/4473/4473
f 4474/4474/4474 4475/4475/4475 4476/4476/4476
f 4477/4477/4477 4478/4478/4478 4479/4479/4479
f 4480/4480/4480 4481/4481/4481 4482/4482/4482
f 4483/4483/4483 4484/4484/4484 4485/4485/4485
f 4486/4486/4486 4487/4487/4487 4488/4488/4488
f 4489/4489/4489 4490/4490/4490 4491/4491/4491
f 4492/4492/4492 4493/4493/4493 4494/4494/4494
f 4495/4495/4495 4496/4496/4496 4497/4497/4497
f 4498/4498/4498 4499/4499/4499 4500/4500/4500
f 4501/4501/4501 4502/4502/4502 4503/4503/4503
f 4504/4504/4504 4505/4505/4505 4506/4506/4506
f 4507/4507/4507 4508/4508/4508 4509/4509/4509
f 4510/4510/4510 4511/4511/4511 4512/4512/4512
f 4513/4513/4513 4514/4514/4514 4515/4515/4515
f 4516/4516/4516 4517/4517/4517 4518/4518/4518
f 4519/4519/4519 4520/4520/4520 4521/4521/4521
f 4522/4522/4522 4523/4523/4523 4524/4524/4524
f 4525/4525/4525 4526/4526/4526 4527/4527/4527
f 4528/4528/4528 4529/4529/4529 4530/4530/4530
f 4531/4531/4531 4532/4532/4532 4533/4533/4533
f 4534/4534/4534 4535/4535/4535 4536/4536/4536
f 4537/4537/4537 4538/4538/4538 4539/4539/4539
f 4540/4540/4540 4541/4541/4541 4542/4542/4542
f 4543/4543/4543 4544/4544/4544 4545/4545/4545
f 4546/4546/4546 4547/4547/4547 4548/4548/4548
f 4549/4549/4549 4550/4550/4550 4551/4551/4551
f 4552/4552/4552 4553/4553/4553 4554/4554/4554
f 4555/4555/4555 4556/4556/4556 4557/4557/4557
f 4558/4558/4558 4559/4559/4559 4560/4560/4560
f 4561/4561/4561 4562/4562/4562 4563/4563/4563
f 4564/4564/4564 4565/4565/4565 4566/4566/4566
f 4567/4567/4567 4568/4568/4568 4569/4569/4569
f 4570/4570/4570 4571/4571/4571 4572/4572/4572
f 4573/4573/4573 4574/4574/4574 4575/4575/4575
f 4576/4576/4576 4577/4577/4577 4578/4578/4578
f 4579/4579/4579 4580/4580/4580 4581/4581/4581
f 4582/4582/4582 4583/4583/4583 4584/4584/4584
f 4585/4585/4585 4586/4586/4586 4587/4587/4587
f 4588/4588/4588 4589/4589/4589 4590/4590/4590
f 4591/4591/4591 4592/4592/4592 4593/4593/4593
f 4594/4594/4594 4595/4595/4595 4596/4596/4596
f 4597/4597/4597 4598/4598/4598 4599/4599/4599
f 4600/4600/4600 4601/4601/4601 4602/4602/4602
f 4603/4603/4603 4604/4604/4604 4605/4605/4605
f 4606/4606/4606 4607/4607/4607 4608/4608/4608
f 4609/4609/4609 4610/4610/4610 4611/4611/4611
f 4612/4612/4612 4613/4613/4613 4614/4614/4614
f 4615/4615/4615 4616/4616/4616 4617/4617/4617
f 4618/4618/4618 4619/4619/4619 4620/4620/4620
f 4621/4621/4621 4622/4622/4622 4623/4623/4623
f 4624/4624/4624 4625/4625/4625 4626/4626/4626
f 4627/4627/4627 4628/4628/4628 4629/4629/4629
f 4630/4630/4630 4631/4631/4631 4632/4632/4632
f 4633/4633/4633 4634/4634/4634 4635/4635/4635
f 4636/4636/4636 4637/4637/4637 4638/4638/4638
f 4639/4639/4639 4640/4640/4640 4641/4641/4641
f 4642/4642/4642 4643/4643/4643 4644/4644/4644
f 4645/4645/4645 4646/4646/4646 4647/4647/4647
f 4648/4648/4648 4649/4649/4649 4650/4650/4650
f 4651/4651/4651 4652/4652/4652 4653/4653/4653
f 4654/4654/4654 4655/4655/4655 4656/4656/4656
f 4657/4657/4657 4658/4658/4658 4659/4659/4659
f 4660/4660/4660 4661/4661/4661 4662/4662/4662
f 4663/4663/4663 4664/4664/4664 4665/4665/4665
f 4666/4666/4666 4667/4667/4667 4668/4668/4668
f 4669/4669/4669 4670/4670/4670 4671/4671/4671
f 4672/4672/4672 4673/4673/4673 4674/4674/4674
f 4675/4675/4675 4676/4676/4676 4677/4677/4677
f 4678/4678/4678 4679/4679/4679 4680/4680/4680
f 4681/4681/4681 4682/4682/4682 4683/4683/4683
f 4684/4684/4684 4685/4685/4685 4686/4686/4686
f 4687/4687/4687 4688/4688/4688 4689/4689/4689
f 4690/4690/4690 4691/4691/4691 4692/4692/4692
f 4693/4693/4693 4694/4694/4694 4695/4695/4695
f 4696/4696/4696 4697/4697/4697 4698/4698/4698
f 4699/4699/4699 4700/4700/4700 4701/4701/4701
f 4702/4702/4702 4703/4703/4703 4704/4704/4704
f 4705/4705/4705 4706/4706/4706 4707/4707/4707
f 4708/4708/4708 4709/4709/4709 4710/4710/4710
f 4711/4711/4711 4712/4712/4712 4713/4713/4713
f 4714/4714/4714 4715/4715/4715 4716/4716/4716
f 4717/4717/4717 4718/4718/4718 4719/4719/4719
f 4720/4720/4720 4721/4721/4721 4722/4722/4722
f 4723/4723/4723 4724/4724/4724 4725/4725/4725
f 4726/4726/4726 4727/4727/4727 4728/4728/4728
f 4729/4729/4729 4730/4730/4730 4731/4731/4731
f 4732/4732/4732 4733/4733/4733 4734/4734/4734
f 4735/4735/4735 4736/4736/4736 4737/4737/4737
f 4738/4738/4738 4739/4739/4739 4740/4740/4740
f 4741/4741/4741 4742/4742/4742 4743/4743/4743
f 4744/4744/4744 4745/4745/4745 4746/4746/4746
f 4747/4747/4747 4748/4748/4748 4749/4749/4749
f 4750/4750/4750 4751/4751/4751 4752/4752/4752
f 4753/4753/4753 4754/4754/4754 4755/4755/4755
f 4756/4756/4756 4757/4757/4757 4758/4758/4758
f 4759/4759/4759 4760/4760/4760 4761/4761/4761
f 4762/4762/4762 4763/4763/4763 4764/4764/4764
f 4765/4765/4765 4766/4766/4766 4767/4767/4767
f 4768/4768/4768 4769/4769/4769 4770/4770/4770
f 4771/4771/4771 4772/4772/4772 4773/4773/4773
f 4774/4774/4774 4775/4775/4775 4776/4776/4776
f 4777/4777/4777 4778/4778/4778 4779/4779/4779
f 4780/4780/4780 4781/4781/4781 4782/4782/4782
f 4783/4783/4783 4784/4784/4784 4785/4785/4785
f 4786/4786/4786 4787/4787/4787 4788/4788/4788
f 4789/4789/4789 4790/4790/4790 4791/4791/4791
f 4792/4792/4792 4793/4793/4793 4794/4794/4794
f 4795/4795/4795 4796/4796/4796 4797/4797/4797
f 4798/4798/4798 4799/4799/4799 4800/4800/4800
f 4801/4801/4801 4802/4802/4802 4803/4803/4803
f 4804/4804/4804 4805/4805/4805 4806/4806/4806
f 4807/4807/4807 4808/4808/4808 4809/4809/4809
f 4810/4810/4810 4811/4811/4811 4812/4812/4812
f 4813/4813/4813 4814/4814/4814 4815/4815/4815
f 4816/4816/4816 4817/4817/4817 4818/4818/4818
f 4819/4819/4819 4820/4820/4820 4821/4821/4821
f 4822/4822/4822 4823/4823/4823 4824/4824/4824
f 4825/4825/4825 4826/4826/4826 4827/4827/4827
f 4828/4828/4828 4829/4829/4829 4830/4830/4830
f 4831/4831/4831 4832/4832/4832 4833/4833/4833
f 4834/4834/4834 4835/4835/4835 4836/4836/4836
f 4837/4837/4837 4838/4838/4838 4839/4839/4839
f 4840/4840/4840 4841/4841/4841 4842/4842/4842
f 4843/4843/4843 4844/4844/4844 4845/4845/4845
f 4846/4846/4846 4847/4847/4847 4848/4848/4848
f 4849/4849/4849 4850/4850/4850 4851/4851/4851
f 4852/4852/4852 4853/4853/4853 4854/4854/4854
f 4855/4855/4855 4856/4856/4856 4857/4857/4857
f 4858/4858/4858 4859/4859/4859 4860/4860/4860
f 4861/4861/4861 4862/4862/4862 4863/4863/4863
f 4864/4864/4864 4865/4865/4865 4866/4866/4866
f 4867/4867/4867 4868/4868/4868 4869/4869/4869
f 4870/4870/4870 4871/4871/4871 4872/4872/4872
f 4873/4873/4873 4874/4874/4874 4875/4875/4875
f 4876/4876/4876 4877/4877/4877 4878/4878/4878
f 4879/4879/4879 4880/4880/4880 4881/4881/4881
f 4882/4882/4882 4883/4883/4883 4884/4884/4884
f 4885/4885/4885 4886/4886/4886 4887/4887/4887
f 4888/4888/4888 4889/4889/4889 4890/4890/4890
f 4891/4891/4891 4892/4892/4892 4893/4893/4893
f 4894/4894/4894 4895/4895/4895 4896/4896/4896
f 4897/4897/4897 4898/4898/4898 4899/4899/4899
f 4900/4900/4900 4901/4901/4901 4902/4902/4902
f 4903/4903/4903 4904/4904/4904 4905/4905/4905
f 4906/4906/4906 4907/4907/4907 4908/4908/4908
f 4909/4909/4909 4910/4910/4910 4911/4911/4911
f 4912/4912/4912 4913/4913/4913 4914/4914/4914
f 4915/4915/4915 4916/4916/4916 4917/4917/4917
f 4918/4918/4918 4919/4919/4919 4920/4920/4920
f 4921/4921/4921 4922/4922/4922 4923/4923/4923
f 4924/4924/4924 4925/4925/4925 4926/4926/4926
f 4927/4927/4927 4928/4928/4928 4929/4929/4929
f 4930/4930/4930 4931/4931/4931 4932/4932/4932
f 4933/4933/4933 4934/4934/4934 4935/4935/4935
f 4936/4936/4936 4937/4937/4937 4938/4938/4938
f 4939/4939/4939 4940/4940/4940 4941/4941/4941
f 4942/4942/4942 4943/4943/4943 4944/4944/4944
f 4945/4945/4945 4946/4946/4946 4947/4947/4947
f 4948/4948/4948 4949/4949/4949 4950/4950/4950
f 4951/4951/4951 4952/4952/4952 4953/4953/4953
f 4954/4954/4954 4955/4955/4955 4956/4956/4956
f 4957/4957/4957 4958/4958/4958 4959/4959/4959
f 4960/4960/4960 4961/4961/4961 4962/4962/4962
f 4963/4963/4963 4964/4964/4964 4965/4965/4965
f 4966/4966/4966 4967/4967/4967 4968/4968/4968
f 4969/4969/4969 4970/4970/4970 4971/4971/4971
f 4972/4972/4972 4973/4973/4973 4974/4974/4974
f 4975/4975/4975 4976/4976/4976 4977/4977/4977
f 4978/4978/4978 4979/4979/4979 4980/4980/4980
f 4981/4981/4981 4982/4982/4982 4983/4983/4983
f 4984/4984/4984 4985/4985/4985 4986/4986/4986
f 4987/4987/4987 4988/4988/4988 4989/4989/4989
f 4990/4990/4990 4991/4991/4991 4992/4992/4992
f 4993/4993/4993 4994/4994/4994 4995/4995/4995
f 4996/4996/4996 4997/4997/4997 4998/4998/4998
f 4999/4999/4999 5000/5000/5000 5001/5001/5001
f 5002/5002/5002 5003/5003/5003 5004/5004/5004
f 5005/5005/5005 5006/5006/5006 5007/5007/5007
f 5008/5008/5008 5009/5009/5009 5010/5010/5010
f 5011/5011/5011 5012/5012/5012 5013/5013/5013
f 5014/5014/5014 5015/5015/5015 5016/5016/5016
f 5017/5017/5017 5018/5018/5018 5019/5019/5019
f 5020/5020/5020 5021/5021/5021 5022/5022/5022
f 5023/5023/5023 5024/5024/5024 5025/5025/5025
f 5026/5026/5026 5027/5027/5027 5028/5028/5028
f 5029/5029/5029 5030/5030/5030 5031/5031/5031
f 5032/5032/5032 5033/5033/5033 5034/5034/5034
f 5035/5035/5035 5036/5036/5036 5037/5037/5037
f 5038/5038/5038 5039/5039/5039 5040/5040/5040
f 5041/5041/5041 5042/5042/5042 5043/5043/5043
f 5044/5044/5044 5045/5045/5045 5046/5046/5046
f 5047/5047/5047 5048/5048/5048 5049/5049/5049
f 5050/5050/5050 5051/5051/5051 5052/5052/5052
f 5053/5053/5053 5054/5054/5054 5055/5055/5055
f 5056/5056/5056 5057/5057/5057 5058/5058/5058
f 5059/5059/5059 5060/5060/5060 5061/5061/5061
f 5062/5062/5062 5063/5063/5063 5064/5064/5064
f 5065/5065/5065 5066/5066/5066 5067/5067/5067
f 5068/5068/5068 5069/5069/5069 5070/5070/5070
f 5071/5071/5071 5072/5072/5072 5073/5073/5073
f 5074/5074/5074 5075/5075/5075 5076/5076/5076
f 5077/5077/5077 5078/5078/5078 5079/5079/5079
f 5080/5080/5080 5081/5081/5081 5082/5082/5082
f 5083/5083/5083 5084/5084/5084 5085/5085/5085
f 5086/5086/5086 5087/5087/5087 5088/5088/5088
f 5089/5089/5089 5090/5090/5090 5091/5091/5091
f 5092/5092/5092 5093/5093/5093 5094/5094/5094
f 5095/5095/5095 5096/5096/5096 5097/5097/5097
f 5098/5098/5098 5099/5099/5099 5100/5100/5100
f 5101/5101/5101 5102/5102/5102 5103/5103/5103
f 5104/5104/5104 5105/5105/5105 5106/5106/5106
f 5107/5107/5107 5108/5108/5108 5109/5109/5109
f 5110/5110/5110 5111/5111/5111 5112/5112/5112
f 5113/5113/5113 5114/5114/5114 5115/5115/5115
f 5116/5116/5116 5117/5117/5117 5118/5118/5118
f 5119/5119/5119 5120/5120/5120 5121/5121/5121
f 5122/5122/5122 5123/5123/5123 5124/5124/5124
f 5125/5125/5125 5126/5126/5126 5127/5127/5127
f 5128/5128/5128 5129/5129/5129 5130/5130/5130
f 5131/5131/5131 5132/5132/5132 5133/5133/5133
f 5134/5134/5134 5135/5135/5135 5136/5136/5136
f 5137/5137/5137 5138/5138/5138 5139/5139/5139
f 5140/5140/5140 5141/5141/5141 5142/5142/5142
f 5143/5143/5143 5144/5144/5144 5145/5145/5145
f 5146/5146/5146 5147/5147/5147 5148/5148/5148
f 5149/5149/5149 5150/5150/5150 5151/5151/5151
f 5152/5152/5152 5153/5153/5153 5154/5154/5154
f 5155/5155/5155 5156/5156/5156 5157/5157/5157
f 5158/5158/5158 5159/5159/5159 5160/5160/5160
f 5161/5161/5161 5162/5162/5162 5163/5163/5163
f 5164/5164/5164 5165/5165/5165 5166/5166/5166
f 5167/5167/5167 5168/5168/5168 5169/5169/5169
f 5170/5170/5170 5171/5171/5171 5172/5172/5172
f 5173/5173/5173 5174/5174/5174 5175/5175/5175
f 5176/5176/5176 5177/5177/5177 5178/5178/5178
f 5179/5179/5179 5180/5180/5180 5181/5181/5181
f 5182/5182/5182 5183/5183/5183 5184/5184/5184
f 5185/5185/5185 5186/5186/5186 5187/5187/5187
f 5188/5188/5188 5189/5189/5189 5190/5190/5190
f 5191/5191/5191 5192/5192/5192 5193/5193/5193
f 5194/5194/5194 5195/5195/5195 5196/5196/5196
f 5197/5197/5197 5198/5198/5198 5199/5199/5199
f 5200/5200/5200 5201/5201/5201 5202/5202/5202
f 5203/5203/5203 5204/5204/5204 5205/5205/5205
f 5206/5206/5206 5207/5207/5207 5208/5208/5208
f 5209/5209/5209 5210/5210/5210 5211/5211/5211
f 5212/5212/5212 5213/5213/5213 5214/5214/5214
f 5215/5215/5215 5216/5216/5216 5217/5217/5217
f 5218/5218/5218 5219/5219/5219 5220/5220/5220
f 5221/5221/5221 5222/5222/5222 5223/5223/5223
f 5224/5224/5224 5225/5225/5225 5226/5226/5226
f 5227/5227/5227 5228/5228/5228 5229/5229/5229
f 5230/5230/5230 5231/5231/5231 5232/5232/5232
f 5233/5233/5233 5234/5234/5234 5235/5235/5235
f 5236/5236/5236 5237/5237/5237 5238/5238/5238
f 5239/5239/5239 5240/5240/5240 5241/5241/5241
f 5242/5242/5242 5243/5243/5243 5244/5244/5244
f 5245/5245/5245 5246/5246/5246 5247/5247/5247
f 5248/5248/5248 5249/5249/5249 5250/5250/5250
f 5251/5251/5251 5252/5252/5252 5253/5253/5253
f 5254/5254/5254 5255/5255/5255 5256/5256/5256
f 5257/5257/5257 5258/5258/5258 5259/5259/5259
f 5260/5260/5260 5261/5261/5261 5262/5262/5262
f 5263/5263/5263 5264/5264/5264 5265/5265/5265
f 5266/5266/5266 5267/5267/5267 5268/5268/5268
f 5269/5269/5269 5270/5270/5270 5271/5271/5271
f 5272/5272/5272 5273/5273/5273 5274/5274/5274
f 5275/5275/5275 5276/5276/5276 5277/5277/5277
f 5278/5278/5278 5279/5279/5279 5280/5280/5280
f 5281/5281/5281 5282/5282/5282 5283/5283/5283
f 5284/5284/5284 5285/5285/5285 5286/5286/5286
f 5287/5287/5287 5288/5288/5288 5289/5289/5289
f 5290/5290/5290 5291/5291/5291 5292/5292/5292
f 5293/5293/5293 5294/5294/5294 5295/5295/5295
f 5296/5296/5296 5297/5297/5297 5298/5298/5298
f 5299/5299/5299 5300/5300/5300 5301/5301/5301
f 5302/5302/5302 5303/5303/5303 5304/5304/5304
f 5305/5305/5305 5306/5306/5306 5307/5307/5307
f 5308/5308/5308 5309/5309/5309 5310/5310/5310
f 5311/5311/5311 5312/5312/5312 5313/5313/5313
f 5314/5314/5314 5315/5315/5315 5316/5316/5316
f 5317/5317/5317 5318/5318/5318 5319/5319/5319
f 5320/5320/5320 5321/5321/5321 5322/5322/5322
f 5323/5323/5323 5324/5324/5324 5325/5325/5325
f 5326/5326/5326 5327/5327/5327 5328/5328/5328
f 5329/5329/5329 5330/5330/5330 5331/5331/5331
f 5332/5332/5332 5333/5333/5333 5334/5334/5334
f 5335/5335/5335 5336/5336/5336 5337/5337/5337
f 5338/5338/5338 5339/5339/5339 5340/5340/5340
f 5341/5341/5341 5342/5342/5342 5343/5343/5343
f 5344/5344/5344 5345/5345/5345 5346/5346/5346
f 5347/5347/5347 5348/5348/5348 5349/5349/5349
f 5350/5350/5350 5351/5351/5351 5352/5352/5352
f 5353/5353/5353 5354/5354/5354 5355/5355/5355
f 5356/5356/5356 5357/5357/5357 5358/5358/5358
f 5359/5359/5359 5360/5360/5360 5361/5361/5361
f 5362/5362/5362 5363/5363/5363 5364/5364/5364
f 5365/5365/5365 5366/5366/5366 5367/5367/5367
f 5368/5368/5368 5369/5369/5369 5370/5370/5370
f 5371/5371/5371 5372/5372/5372 5373/5373/5373
f 5374/5374/5374 5375/5375/5375 5376/5376/5376
f 5377/5377/5377 5378/5378/5378 5379/5379/5379
f 5380/5380/5380 5381/5381/5381 5382/5382/5382
f 5383/5383/5383 5384/5384/5384 5385/5385/5385
f 5386/5386/5386 5387/5387/5387 5388/5388/5388
f 5389/5389/5389 5390/5390/5390 5391/5391/5391
f 5392/5392/5392 5393/5393/5393 5394/5394/5394
f 5395/5395/5395 5396/5396/5396 5397/5397/5397
f 5398/5398/5398 5399/5399/5399 5400/5400/5400
f 5401/5401/5401 5402/5402/5402 5403/5403/5403
f 5404/5404/5404 5405/5405/5405 5406/5406/5406
f 5407/5407/5407 5408/5408/5408 5409/5409/5409
f 5410/5410/5410 5411/5411/5411 5412/5412/5412
f 5413/5413/5413 5414/5414/5414 5415/5415/5415
f 5416/5416/5416 5417/5417/5417 5418/5418/5418
f 5419/5419/5419 5420/5420/5420 5421/5421/5421
f 5422/5422/5422 5423/5423/5423 5424/5424/5424
f 5425/5425/5425 5426/5426/5426 5427/5427/5427
f 5428/5428/5428 5429/5429/5429 5430/5430/5430
f 5431/5431/5431 5432/5432/5432 5433/5433/5433
f 5434/5434/5434 5435/5435/5435 5436/5436/5436
f 5437/5437/5437 5438/5438/5438 5439/5439/5439
f 5440/5440/5440 5441/5441/5441 5442/5442/5442
f 5443/5443/5443 5444/5444/5444 5445/5445/5445
f 5446/5446/5446 5447/5447/5447 5448/5448/5448
f 5449/5449/5449 5450/5450/5450 5451/5451/5451
f 5452/5452/5452 5453/5453/5453 5454/5454/5454
f 5455/5455/5455 5456/5456/5456 5457/5457/5457
f 5458/5458/5458 5459/5459/5459 5460/5460/5460
f 5461/5461/5461 5462/5462/5462 5463/5463/5463
f 5464/5464/5464 5465/5465/5465 5466/5466/5466
f 5467/5467/5467 5468/5468/5468 5469/5469/5469
f 5470/5470/5470 5471/5471/5471 5472/5472/5472
f 5473/5473/5473 5474/5474/5474 5475/5475/5475
f 5476/5476/5476 5477/5477/5477 5478/5478/5478
f 5479/5479/5479 5480/5480/5480 5481/5481/5481
f 5482/5482/5482 5483/5483/5483 5484/5484/5484
f 5485/5485/5485 5486/5486/5486 5487/5487/5487
f 5488/5488/5488 5489/5489/5489 5490/5490/5490
f 5491/5491/5491 5492/5492/5492 5493/5493/5493
f 5494/5494/5494 5495/5495/5495 5496/5496/5496
f 5497/5497/5497 5498/5498/5498 5499/5499/5499
f 5500/5500/5500 5501/5501/5501 5502/5502/5502
f 5503/5503/5503 5504/5504/5504 5505/5505/5505
f 5506/5506/5506 5507/5507/5507 5508/5508/5508
f 5509/5509/5509 5510/5510/5510 5511/5511/5511
f 5512/5512/5512 5513/5513/5513 5514/5514/5514
f 5515/5515/5515 5516/5516/5516 5517/5517/5517
f 5518/5518/5518 5519/5519/5519 5520/5520/5520
f 5521/5521/5521 5522/5522/5522 5523/5523/5523
f 5524/5524/5524 5525/5525/5525 5526/5526/5526
f 5527/5527/5527 5528/5528/5528 5529/5529/5529
f 5530/5530/5530 5531/5531/5531 5532/5532/5532
f 5533/5533/5533 5534/5534/5534 5535/5535/5535
f 5536/5536/5536 5537/5537/5537 5538/5538/5538
f 5539/5539/5539 5540/5540/5540 5541/5541/5541
f 5542/5542/5542 5543/5543/5543 5544/5544/5544
f 5545/5545/5545 5546/5546/5546 5547/5547/5547
f 5548/5548/5548 5549/5549/5549 5550/5550/5550
f 5551/5551/5551 5552/5552/5552 5553/5553/5553
f 5554/5554/5554 5555/5555/5555 5556/5556/5556
f 5557/5557/5557 5558/5558/5558 5559/5559/5559
f 5560/5560/5560 5561/5561/5561 5562/5562/5562
f 5563/5563/5563 5564/5564/5564 5565/5565/5565
f 5566/5566/5566 5567/5567/5567 5568/5568/5568
f 5569/5569/5569 5570/5570/5570 5571/5571/5571
f 5572/5572/5572 5573/5573/5573 5574/5574/5574
f 5575/5575/5575 5576/5576/5576 5577/5577/5577
f 5578/5578/5578 5579/5579/5579 5580/5580/5580
f 5581/5581/5581 5582/5582/5582 5583/5583/5583
f 5584/5584/5584 5585/5585/5585 5586/5586/5586
f 5587/5587/5587 5588/5588/5588 5589/5589/5589
f 5590/5590/5590 5591/5591/5591 5592/5592/5592
f 5593/5593/5593 5594/5594/5594 5595/5595/5595
f 5596/5596/5596 5597/5597/5597 5598/5598/5598
f 5599/5599/5599 5600/5600/5600 5601/5601/5601
f 5602/5602/5602 5603/5603/5603 5604/5604/5604
f 5605/5605/5605 5606/5606/5606 5607/5607/5607
f 5608/5608/5608 5609/5609/5609 5610/5610/5610
f 5611/5611/5611 5612/5612/5612 5613/5613/5613
f 5614/5614/5614 5615/5615/5615 5616/5616/5616
f 5617/5617/5617 5618/5618/5618 5619/5619/5619
f 5620/5620/5620 5621/5621/5621 5622/5622/5622
f 5623/5623/5623 5624/5624/5624 5625/5625/5625
f 5626/5626/5626 5627/5627/5627 5628/5628/5628
f 5629/5629/5629 5630/5630/5630 5631/5631/5631
f 5632/5632/5632 5633/5633/5633 5634/5634/5634
f 5635/5635/5635 5636/5636/5636 5637/5637/5637
f 5638/5638/5638 5639/5639/5639 5640/5640/5640
f 5641/5641/5641 5642/5642/5642 5643/5643/5643
f 5644/5644/5644 5645/5645/5645 5646/5646/5646
f 5647/5647/5647 5648/5648/5648 5649/5649/5649
f 5650/5650/5650 5651/5651/5651 5652/5652/5652
f 5653/5653/5653 5654/5654/5654 5655/5655/5655
f 5656/5656/5656 5657/5657/5657 5658/5658/5658
f 5659/5659/5659 5660/5660/5660 5661/5661/5661
f 5662/5662/5662 5663/5663/5663 5664/5664/5664
f 5665/5665/5665 5666/5666/5666 5667/5667/5667
f 5668/5668/5668 5669/5669/5669 5670/5670/5670
f 5671/5671/5671 5672/5672/5672 5673/5673/5673
f 5674/5674/5674 5675/5675/5675 5676/5676/5676
f 5677/5677/5677 5678/5678/5678 5679/5679/5679
f 5680/5680/5680 5681/5681/5681 5682/5682/5682
f 5683/5683/5683 5684/5684/5684 5685/5685/5685
f 5686/5686/5686 5687/5687/5687 5688/5688/5688
f 5689/5689/5689 5690/5690/5690 5691/5691/5691
f 5692/5692/5692 5693/5693/5693 5694/5694/5694
f 5695/5695/5695 5696/5696/5696 5697/5697/5697
f 5698/5698/5698 5699/5699/5699 5700/5700/5700
f 5701/5701/5701 5702/5702/5702 5703/5703/5703
f 5704/5704/5704 5705/5705/5705 5706/5706/5706
f 5707/5707/5707 5708/5708/5708 5709/5709/5709
f 5710/5710/5710 5711/5711/5711 5712/5712/5712
f 5713/5713/5713 5714/5714/5714 5715/5715/5715
f 5716/5716/5716 5717/5717/5717 5718/5718/5718
f 5719/5719/5719 5720/5720/5720 5721/5721/5721
f 5722/5722/5722 5723/5723/5723 5724/5724/5724
f 5725/5725/5725 5726/5726/5726 5727/5727/5727
f 5728/5728/5728 5729/5729/5729 5730/5730/5730
f 5731/5731/5731 5732/5732/5732 5733/5733/5733
f 5734/5734/5734 5735/5735/5735 5736/5736/5736
f 5737/5737/5737 5738/5738/5738 5739/5739/5739
f 5740/5740/5740 5741/5741/5741 5742/5742/5742
f 5743/5743/5743 5744/5744/5744 5745/5745/5745
f 5746/5746/5746 5747/5747/5747 5748/5748/5748
f 5749/5749/5749 5750/5750/5750 5751/5751/5751
f 5752/5752/5752 5753/5753/5753 5754/5754/5754
f 5755/5755/5755 5756/5756/5756 5757/5757/5757
f 5758/5758/5758 5759/5759/5759 5760/5760/5760
f 5761/5761/5761 5762/5762/5762 5763/5763/5763
f 5764/5764/5764 5765/5765/5765 5766/5766/5766
f 5767/5767/5767 5768/5768/5768 5769/5769/5769
f 5770/5770/5770 5771/5771/5771 5772/5772/5772
f 5773/5773/5773 5774/5774/5774 5775/5775/5775
f 5776/5776/5776 5777/5777/5777 5778/5778/5778
f 5779/5779/5779 5780/5780/5780 5781/5781/5781
f 5782/5782/5782 5783/5783/5783 5784/5784/5784
f 5785/5785/5785 5786/5786/5786 5787/5787/5787
f 5788/5788/5788 5789/5789/5789 5790/5790/5790
f 5791/5791/5791 5792/5792/5792 5793/5793/5793
f 5794/5794/5794 5795/5795/5795 5796/5796/5796
f 5797/5797/5797 5798/5798/5798 5799/5799/5799
f 5800/5800/5800 5801/5801/5801 5802/5802/5802
f 5803/5803/5803 5804/5804/5804 5805/5805/5805
f 5806/5806/5806 5807/5807/5807 5808/5808/5808
f 5809/5809/5809 5810/5810/5810 5811/5811/5811
f 5812/5812/5812 5813/5813/5813 5814/5814/5814
f 5815/5815/5815 5816/5816/5816 5817/5817/5817
f 5818/5818/5818 5819/5819/5819 5820/5820/5820
f 5821/5821/5821 5822/5822/5822 5823/5823/5823
f 5824/5824/5824 5825/5825/5825 5826/5826/5826
f 5827/5827/5827 5828/5828/5828 5829/5829/5829
f 5830/5830/5830 5831/5831/5831 5832/5832/5832
f 5833/5833/5833 5834/5834/5834 5835/5835/5835
f 5836/5836/5836 5837/5837/5837 5838/5838/5838
f 5839/5839/5839 5840/5840/5840 5841/5841/5841
f 5842/5842/5842 5843/5843/5843 5844/5844/5844
f 5845/5845/5845 5846/5846/5846 5847/5847/5847
f 5848/5848/5848 5849/5849/5849 5850/5850/5850
f 5851/5851/5851 5852/5852/5852 5853/5853/5853
f 5854/5854/5854 5855/5855/5855 5856/5856/5856
f 5857/5857/5857 5858/5858/5858 5859/5859/5859
f 5860/5860/5860 5861/5861/5861 5862/5862/5862
f 5863/5863/5863 5864/5864/5864 5865/5865/5865
f 5866/5866/5866 5867/5867/5867 5868/5868/5868
f 5869/5869/5869 5870/5870/5870 5871/5871/5871
f 5872/5872/5872 5873/5873/5873 5874/5874/5874
f 5875/5875/5875 5876/5876/5876 5877/5877/5877
f 5878/5878/5878 5879/5879/5879 5880/5880/5880
f 5881/5881/5881 5882/5882/5882 5883/5883/5883
f 5884/5884/5884 5885/5885/5885 5886/5886/5886
f 5887/5887/5887 5888/5888/5888 5889/5889/5889
f 5890/5890/5890 5891/5891/5891 5892/5892/5892
f 5893/5893/5893 5894/5894/5894 5895/5895/5895
f 5896/5896/5896 5897/5897/5897 5898/5898/5898
f 5899/5899/5899 5900/5900/5900 5901/5901/5901
f 5902/5902/5902 5903/5903/5903 5904/5904/5904
f 5905/5905/5905 5906/5906/5906 5907/5907/5907
f 5908/5908/5908 5909/5909/5909 5910/5910/5910
f 5911/5911/5911 5912/5912/5912 5913/5913/5913
f 5914/5914/5914 5915/5915/5915 5916/5916/5916
f 5917/5917/5917 5918/5918/5918 5919/5919/5919
f 5920/5920/5920 5921/5921/5921 5922/5922/5922
f 5923/5923/5923 5924/5924/5924 5925/5925/5925
f 5926/5926/5926 5927/5927/5927 5928/5928/5928
f 5929/5929/5929 5930/5930/5930 5931/5931/5931
f 5932/5932/5932 5933/5933/5933 5934/5934/5934
f 5935/5935/5935 5936/5936/5936 5937/5937/5937
f 5938/5938/5938 5939/5939/5939 5940/5940/5940
f 5941/5941/5941 5942/5942/5942 5943/5943/5943
f 5944/5944/5944 5945/5945/5945 5946/5946/5946
f 5947/5947/5947 5948/5948/5948 5949/5949/5949
f 5950/5950/5950 5951/5951/5951 5952/5952/5952
f 5953/5953/5953 5954/5954/5954 5955/5955/5955
f 5956/5956/5956 5957/5957/5957 5958/5958/5958
f 5959/5959/5959 5960/5960/5960 5961/5961/5961
f 5962/5962/5962 5963/5963/5963 5964/5964/5964
f 5965/5965/5965 5966/5966/5966 5967/5967/5967
f 5968/5968/5968 5969/5969/5969 5970/5970/5970
f 5971/5971/5971 5972/5972/5972 5973/5973/5973
f 5974/5974/5974 5975/5975/5975 5976/5976/5976
f 5977/5977/5977 5978/5978/5978 5979/5979/5979
f 5980/5980/5980 5981/5981/5981 5982/5982/5982
f 5983/5983/5983 5984/5984/5984 5985/5985/5985
f 5986/5986/5986 5987/5987/5987 5988/5988/5988
f 5989/5989/5989 5990/5990/5990 5991/5991/5991
f 5992/5992/5992 5993/5993/5993 5994/5994/5994
f 5995/5995/5995 5996/5996/5996 5997/5997/5997
f 5998/5998/5998 5999/5999/5999 6000/6000/6000
f 6001/6001/6001 6002/6002/6002 6003/6003/6003
f 6004/6004/6004 6005/6005/6005 6006/6006/6006
f 6007/6007/6007 6008/6008/6008 6009/6009/6009
f 6010/6010/6010 6011/6011/6011 6012/6012/6012
f 6013/6013/6013 6014/6014/6014 6015/6015/6015
f 6016/6016/6016 6017/6017/6017 6018/6018/6018
f 6019/6019/6019 6020/6020/6020 6021/6021/6021
f 6022/6022/6022 6023/6023/6023 6024/6024/6024
f 6025/6025/6025 6026/6026/6026 6027/6027/6027
f 6028/6028/6028 6029/6029/6029 6030/6030/6030
f 6031/6031/6031 6032/6032/6032 6033/6033/6033
f 6034/6034/6034 6035/6035/6035 6036/6036/6036
f 6037/6037/6037 6038/6038/6038 6039/6039/6039
f 6040/6040/6040 6041/6041/6041 6042/6042/6042
f 6043/6043/6043 6044/6044/6044 6045/6045/6045
f 6046/6046/6046 6047/6047/6047 6048/6048/6048
f 6049/6049/6049 6050/6050/6050 6051/6051/6051
f 6052/6052/6052 6053/6053/6053 6054/6054/6054
f 6055/6055/6055 6056/6056/6056 6057/6057/6057
f 6058/6058/6058 6059/6059/6059 6060/6060/6060
f 6061/6061/6061 6062/6062/6062 6063/6063/6063
f 6064/6064/6064 6065/6065/6065 6066/6066/6066
f 6067/6067/6067 6068/6068/6068 6069/6069/6069
f 6070/6070/6070 6071/6071/6071 6072/6072/6072
f 6073/6073/6073 6074/6074/6074 6075/6075/6075
f 6076/6076/6076 6077/6077/6077 6078/6078/6078
f 6079/6079/6079 6080/6080/6080 6081/6081/6081
f 6082/6082/6082 6083/6083/6083 6084/6084/6084
f 6085/6085/6085 6086/6086/6086 6087/6087/6087
f 6088/6088/6088 6089/6089/6089 6090/6090/6090
f 6091/6091/6091 6092/6092/6092 6093/6093/6093
f 6094/6094/6094 6095/6095/6095 6096/6096/6096
f 6097/6097/6097 6098/6098/6098 6099/6099/6099
f 6100/6100/6100 6101/6101/6101 6102/6102/6102
f 6103/6103/6103 6104/6104/6104 6105/6105/6105
f 6106/6106/6106 6107/6107/6107 6108/6108/6108
f 6109/6109/6109 6110/6110/6110 6111/6111/6111
f 6112/6112/6112 6113/6113/6113 6114/6114/6114
f 6115/6115/6115 6116/6116/6116 6117/6117/6117
f 6118/6118/6118 6119/6119/6119 6120/6120/6120
f 6121/6121/6121 6122/6122/6122 6123/6123/6123
f 6124/6124/6124 6125/6125/6125 6126/6126/6126
f 6127/6127/6127 6128/6128/6128 6129/6129/6129
f 6130/6130/6130 6131/6131/6131 6132/6132/6132
f 6133/6133/6133 6134/6134/6134 6135/6135/6135
f 6136/6136/6136 6137/6137/6137 6138/6138/6138
f 6139/6139/6139 6140/6140/6140 6141/6141/6141
f 6142/6142/6142 6143/6143/6143 6144/6144/6144
f 6145/6145/6145 6146/6146/6146 6147/6147/6147
f 6148/6148/6148 6149/6149/6149 6150/6150/6150
f 6151/6151/6151 6152/6152/6152 6153/6153/6153
f 6154/6154/6154 6155/6155/6155 6156/6156/6156
f 6157/6157/6157 6158/6158/6158 6159/6159/6159
f 6160/6160/6160 6161/6161/6161 6162/6162/6162
f 6163/6163/6163 6164/6164/6164 6165/6165/6165
f 6166/6166/6166 6167/6167/6167 6168/6168/6168
f 6169/6169/6169 6170/6170/6170 6171/6171/6171
f 6172/6172/6172 6173/6173/6173 6174/6174/6174
f 6175/6175/6175 6176/6176/6176 6177/6177/6177
f 6178/6178/6178 6179/6179/6179 6180/6180/6180
f 6181/6181/6181 6182/6182/6182 6183/6183/6183
f 6184/6184/6184 6185/6185/6185 6186/6186/6186
f 6187/6187/6187 6188/6188/6188 6189/6189/6189
f 6190/6190/6190 6191/6191/6191 6192/6192/6192
f 6193/6193/6193 6194/6194/6194 6195/6195/6195
f 6196/6196/6196 6197/6197/6197 6198/6198/6198
f 6199/6199/6199 6200/6200/6200 6201/6201/6201
f 6202/6202/6202 6203/6203/6203 6204/6204/6204
