o 
v 38.61199951171875 4.263000011444092 0
v 38.61199951171875 0 0
v 4.066999912261963 0 0
v 35.132999420166016 20.285999298095703 0
v 35.132999420166016 16.023000717163086 0
v 8.918000221252441 16.023000717163086 0
v 37.534000396728516 35.77000045776367 0
v 37.534000396728516 31.506999969482422 0
v 8.918000221252441 31.506999969482422 0
v 8.918000221252441 4.263000011444092 0
v 38.61199951171875 4.263000011444092 0
v 4.066999912261963 0 0
v 8.918000221252441 20.285999298095703 0
v 35.132999420166016 20.285999298095703 0
v 8.918000221252441 16.023000717163086 0
v 4.066999912261963 35.77000045776367 0
v 37.534000396728516 35.77000045776367 0
v 8.918000221252441 31.506999969482422 0
v 8.918000221252441 4.263000011444092 0
v 4.066999912261963 0 0
v 4.066999912261963 35.77000045776367 0
v 4.066999912261963 35.77000045776367 0
v 8.918000221252441 31.506999969482422 0
v 8.918000221252441 20.285999298095703 0
v 8.918000221252441 16.023000717163086 0
v 8.918000221252441 4.263000011444092 0
v 4.066999912261963 35.77000045776367 0
v 4.066999912261963 35.77000045776367 0
v 8.918000221252441 20.285999298095703 0
v 8.918000221252441 16.023000717163086 0
v 4.066999912261963 0 10
v 38.61199951171875 0 10
v 38.61199951171875 4.263000011444092 10
v 8.918000221252441 16.023000717163086 10
v 35.132999420166016 16.023000717163086 10
v 35.132999420166016 20.285999298095703 10
v 8.918000221252441 31.506999969482422 10
v 37.534000396728516 31.506999969482422 10
v 37.534000396728516 35.77000045776367 10
v 4.066999912261963 0 10
v 38.61199951171875 4.263000011444092 10
v 8.918000221252441 4.263000011444092 10
v 8.918000221252441 16.023000717163086 10
v 35.132999420166016 20.285999298095703 10
v 8.918000221252441 20.285999298095703 10
v 8.918000221252441 31.506999969482422 10
v 37.534000396728516 35.77000045776367 10
v 4.066999912261963 35.77000045776367 10
v 4.066999912261963 35.77000045776367 10
v 4.066999912261963 0 10
v 8.918000221252441 4.263000011444092 10
v 8.918000221252441 20.285999298095703 10
v 8.918000221252441 31.506999969482422 10
v 4.066999912261963 35.77000045776367 10
v 4.066999912261963 35.77000045776367 10
v 8.918000221252441 4.263000011444092 10
v 8.918000221252441 16.023000717163086 10
v 8.918000221252441 16.023000717163086 10
v 8.918000221252441 20.285999298095703 10
v 4.066999912261963 35.77000045776367 10
v 38.61199951171875 4.263000011444092 0
v 8.918000221252441 4.263000011444092 0
v 38.61199951171875 4.263000011444092 10
v 8.918000221252441 4.263000011444092 0
v 8.918000221252441 4.263000011444092 10
v 38.61199951171875 4.263000011444092 10
v 8.918000221252441 4.263000011444092 0
v 8.918000221252441 16.023000717163086 0
v 8.918000221252441 4.263000011444092 10
v 8.918000221252441 16.023000717163086 0
v 8.918000221252441 16.023000717163086 10
v 8.918000221252441 4.263000011444092 10
v 8.918000221252441 16.023000717163086 0
v 35.132999420166016 16.023000717163086 0
v 8.918000221252441 16.023000717163086 10
v 35.132999420166016 16.023000717163086 0
v 35.132999420166016 16.023000717163086 10
v 8.918000221252441 16.023000717163086 10
v 35.132999420166016 16.023000717163086 0
v 35.132999420166016 20.285999298095703 0
v 35.132999420166016 16.023000717163086 10
v 35.132999420166016 20.285999298095703 0
v 35.132999420166016 20.285999298095703 10
v 35.132999420166016 16.023000717163086 10
v 35.132999420166016 20.285999298095703 0
v 8.918000221252441 20.285999298095703 0
v 35.132999420166016 20.285999298095703 10
v 8.918000221252441 20.285999298095703 0
v 8.918000221252441 20.285999298095703 10
v 35.132999420166016 20.285999298095703 10
v 8.918000221252441 20.285999298095703 0
v 8.918000221252441 31.506999969482422 0
v 8.918000221252441 20.285999298095703 10
v 8.918000221252441 31.506999969482422 0
v 8.918000221252441 31.506999969482422 10
v 8.918000221252441 20.285999298095703 10
v 8.918000221252441 31.506999969482422 0
v 37.534000396728516 31.506999969482422 0
v 8.918000221252441 31.506999969482422 10
v 37.534000396728516 31.506999969482422 0
v 37.534000396728516 31.506999969482422 10
v 8.918000221252441 31.506999969482422 10
v 37.534000396728516 31.506999969482422 0
v 37.534000396728516 35.77000045776367 0
v 37.534000396728516 31.506999969482422 10
v 37.534000396728516 35.77000045776367 0
v 37.534000396728516 35.77000045776367 10
v 37.534000396728516 31.506999969482422 10
v 37.534000396728516 35.77000045776367 0
v 4.066999912261963 35.77000045776367 0
v 37.534000396728516 35.77000045776367 10
v 4.066999912261963 35.77000045776367 0
v 4.066999912261963 35.77000045776367 10
v 37.534000396728516 35.77000045776367 10
v 4.066999912261963 35.77000045776367 0
v 4.066999912261963 0 0
v 4.066999912261963 35.77000045776367 10
v 4.066999912261963 0 0
v 4.066999912261963 0 10
v 4.066999912261963 35.77000045776367 10
v 4.066999912261963 0 0
v 38.61199951171875 0 0
v 4.066999912261963 0 10
v 38.61199951171875 0 0
v 38.61199951171875 0 10
v 4.066999912261963 0 10
v 38.61199951171875 0 0
v 38.61199951171875 4.263000011444092 0
v 38.61199951171875 0 10
v 38.61199951171875 4.263000011444092 0
v 38.61199951171875 4.263000011444092 10
v 38.61199951171875 0 10
v 68.3219985961914 25.969999313354492 0
v 74.79000091552734 25.969999313354492 0
v 61.65800094604492 13.279000282287598 0
v 41.617000579833984 25.969999313354492 0
v 48.0359992980957 25.969999313354492 0
v 58.17900085449219 15.87600040435791 0
v 47.448001861572266 0 0
v 40.88199996948242 0 0
v 54.6510009765625 13.229999542236328 0
v 75.427001953125 0 0
v 68.86100006103516 0 0
v 58.17900085449219 10.583999633789062 0
v 58.17900085449219 15.87600040435791 0
v 68.3219985961914 25.969999313354492 0
v 61.65800094604492 13.279000282287598 0
v 54.6510009765625 13.229999542236328 0
v 41.617000579833984 25.969999313354492 0
v 58.17900085449219 15.87600040435791 0
v 58.17900085449219 10.583999633789062 0
v 47.448001861572266 0 0
v 54.6510009765625 13.229999542236328 0
v 61.65800094604492 13.279000282287598 0
v 75.427001953125 0 0
v 58.17900085449219 10.583999633789062 0
v 54.6510009765625 13.229999542236328 0
v 58.17900085449219 15.87600040435791 0
v 61.65800094604492 13.279000282287598 0
v 61.65800094604492 13.279000282287598 0
v 58.17900085449219 10.583999633789062 0
v 54.6510009765625 13.229999542236328 0
v 61.65800094604492 13.279000282287598 10
v 74.79000091552734 25.969999313354492 10
v 68.3219985961914 25.969999313354492 10
v 58.17900085449219 15.87600040435791 10
v 48.0359992980957 25.969999313354492 10
v 41.617000579833984 25.969999313354492 10
v 54.6510009765625 13.229999542236328 10
v 40.88199996948242 0 10
v 47.448001861572266 0 10
v 58.17900085449219 10.583999633789062 10
v 68.86100006103516 0 10
v 75.427001953125 0 10
v 61.65800094604492 13.279000282287598 10
v 68.3219985961914 25.969999313354492 10
v 58.17900085449219 15.87600040435791 10
v 58.17900085449219 15.87600040435791 10
v 41.617000579833984 25.969999313354492 10
v 54.6510009765625 13.229999542236328 10
v 54.6510009765625 13.229999542236328 10
v 47.448001861572266 0 10
v 58.17900085449219 10.583999633789062 10
v 58.17900085449219 10.583999633789062 10
v 75.427001953125 0 10
v 61.65800094604492 13.279000282287598 10
v 61.65800094604492 13.279000282287598 10
v 58.17900085449219 15.87600040435791 10
v 54.6510009765625 13.229999542236328 10
v 54.6510009765625 13.229999542236328 10
v 58.17900085449219 10.583999633789062 10
v 61.65800094604492 13.279000282287598 10
v 74.79000091552734 25.969999313354492 0
v 68.3219985961914 25.969999313354492 0
v 74.79000091552734 25.969999313354492 10
v 68.3219985961914 25.969999313354492 0
v 68.3219985961914 25.969999313354492 10
v 74.79000091552734 25.969999313354492 10
v 68.3219985961914 25.969999313354492 0
v 58.17900085449219 15.87600040435791 0
v 68.3219985961914 25.969999313354492 10
v 58.17900085449219 15.87600040435791 0
v 58.17900085449219 15.87600040435791 10
v 68.3219985961914 25.969999313354492 10
v 58.17900085449219 15.87600040435791 0
v 48.0359992980957 25.969999313354492 0
v 58.17900085449219 15.87600040435791 10
v 48.0359992980957 25.969999313354492 0
v 48.0359992980957 25.969999313354492 10
v 58.17900085449219 15.87600040435791 10
v 48.0359992980957 25.969999313354492 0
v 41.617000579833984 25.969999313354492 0
v 48.0359992980957 25.969999313354492 10
v 41.617000579833984 25.969999313354492 0
v 41.617000579833984 25.969999313354492 10
v 48.0359992980957 25.969999313354492 10
v 41.617000579833984 25.969999313354492 0
v 54.6510009765625 13.229999542236328 0
v 41.617000579833984 25.969999313354492 10
v 54.6510009765625 13.229999542236328 0
v 54.6510009765625 13.229999542236328 10
v 41.617000579833984 25.969999313354492 10
v 54.6510009765625 13.229999542236328 0
v 40.88199996948242 0 0
v 54.6510009765625 13.229999542236328 10
v 40.88199996948242 0 0
v 40.88199996948242 0 10
v 54.6510009765625 13.229999542236328 10
v 40.88199996948242 0 0
v 47.448001861572266 0 0
v 40.88199996948242 0 10
v 47.448001861572266 0 0
v 47.448001861572266 0 10
v 40.88199996948242 0 10
v 47.448001861572266 0 0
v 58.17900085449219 10.583999633789062 0
v 47.448001861572266 0 10
v 58.17900085449219 10.583999633789062 0
v 58.17900085449219 10.583999633789062 10
v 47.448001861572266 0 10
v 58.17900085449219 10.583999633789062 0
v 68.86100006103516 0 0
v 58.17900085449219 10.583999633789062 10
v 68.86100006103516 0 0
v 68.86100006103516 0 10
v 58.17900085449219 10.583999633789062 10
v 68.86100006103516 0 0
v 75.427001953125 0 0
v 68.86100006103516 0 10
v 75.427001953125 0 0
v 75.427001953125 0 10
v 68.86100006103516 0 10
v 75.427001953125 0 0
v 61.65800094604492 13.279000282287598 0
v 75.427001953125 0 10
v 61.65800094604492 13.279000282287598 0
v 61.65800094604492 13.279000282287598 10
v 75.427001953125 0 10
v 61.65800094604492 13.279000282287598 0
v 74.79000091552734 25.969999313354492 0
v 61.65800094604492 13.279000282287598 10
v 74.79000091552734 25.969999313354492 0
v 74.79000091552734 25.969999313354492 10
v 61.65800094604492 13.279000282287598 10
v 85.57777404785156 33.65233612060547 0
v 85.60399627685547 33.22200012207031 0
v 85.57777404785156 32.78040313720703 0
v 85.37355041503906 34.44087600708008 0
v 85.50032806396484 34.05953598022461 0
v 85.57777404785156 33.65233612060547 0
v 84.97944641113281 35.11507797241211 0
v 85.19929504394531 34.79362869262695 0
v 85.37355041503906 34.44087600708008 0
v 84.41044616699219 35.65317153930664 0
v 84.71587371826172 35.40250015258789 0
v 84.97944641113281 35.11507797241211 0
v 83.6815185546875 36.03337478637695 0
v 84.0650405883789 35.86437225341797 0
v 84.41044616699219 35.65317153930664 0
v 82.80762481689453 36.23391342163086 0
v 83.26175689697266 36.15746307373047 0
v 83.6815185546875 36.03337478637695 0
v 81.8231201171875 36.23391342163086 0
v 82.32099914550781 36.2599983215332 0
v 82.80762481689453 36.23391342163086 0
v 80.93215942382812 36.03337478637695 0
v 81.35960388183594 36.15746307373047 0
v 81.8231201171875 36.23391342163086 0
v 80.19227600097656 35.65317153930664 0
v 80.54248046875 35.86437225341797 0
v 80.93215942382812 36.03337478637695 0
v 79.61709594726562 35.11507797241211 0
v 79.88324737548828 35.40250015258789 0
v 80.19227600097656 35.65317153930664 0
v 79.22022247314453 34.44087600708008 0
v 79.39551544189453 34.79362869262695 0
v 79.61709594726562 35.11507797241211 0
v 79.0152587890625 33.65233612060547 0
v 79.0928955078125 34.05953598022461 0
v 79.22022247314453 34.44087600708008 0
v 79.0152587890625 32.78040313720703 0
v 78.98899841308594 33.22200012207031 0
v 79.0152587890625 33.65233612060547 0
v 79.22022247314453 31.974796295166016 0
v 79.0928955078125 32.36381912231445 0
v 79.0152587890625 32.78040313720703 0
v 79.61709594726562 31.289648056030273 0
v 79.39551544189453 31.615888595581055 0
v 79.22022247314453 31.974796295166016 0
v 80.19227600097656 30.745372772216797 0
v 79.88324737548828 30.998624801635742 0
v 79.61709594726562 31.289648056030273 0
v 80.93215942382812 30.362390518188477 0
v 80.54248046875 30.53244400024414 0
v 80.19227600097656 30.745372772216797 0
v 81.8231201171875 30.161115646362305 0
v 81.35960388183594 30.237764358520508 0
v 80.93215942382812 30.362390518188477 0
v 82.80762481689453 30.161115646362305 0
v 82.32099914550781 30.135000228881836 0
v 81.8231201171875 30.161115646362305 0
v 83.6815185546875 30.362390518188477 0
v 83.26175689697266 30.237764358520508 0
v 82.80762481689453 30.161115646362305 0
v 84.41044616699219 30.745372772216797 0
v 84.0650405883789 30.53244400024414 0
v 83.6815185546875 30.362390518188477 0
v 84.97944641113281 31.289648056030273 0
v 84.71587371826172 30.998624801635742 0
v 84.41044616699219 30.745372772216797 0
v 85.37355041503906 31.974796295166016 0
v 85.19929504394531 31.615888595581055 0
v 84.97944641113281 31.289648056030273 0
v 85.57777404785156 32.78040313720703 0
v 85.50032806396484 32.36381912231445 0
v 85.37355041503906 31.974796295166016 0
v 85.37355041503906 34.44087600708008 0
v 85.57777404785156 33.65233612060547 0
v 85.57777404785156 32.78040313720703 0
v 84.41044616699219 35.65317153930664 0
v 84.97944641113281 35.11507797241211 0
v 85.37355041503906 34.44087600708008 0
v 82.80762481689453 36.23391342163086 0
v 83.6815185546875 36.03337478637695 0
v 84.41044616699219 35.65317153930664 0
v 80.93215942382812 36.03337478637695 0
v 81.8231201171875 36.23391342163086 0
v 82.80762481689453 36.23391342163086 0
v 79.61709594726562 35.11507797241211 0
v 80.19227600097656 35.65317153930664 0
v 80.93215942382812 36.03337478637695 0
v 79.0152587890625 33.65233612060547 0
v 79.22022247314453 34.44087600708008 0
v 79.61709594726562 35.11507797241211 0
v 79.22022247314453 31.974796295166016 0
v 79.0152587890625 32.78040313720703 0
v 79.0152587890625 33.65233612060547 0
v 80.19227600097656 30.745372772216797 0
v 79.61709594726562 31.289648056030273 0
v 79.22022247314453 31.974796295166016 0
v 81.8231201171875 30.161115646362305 0
v 80.93215942382812 30.362390518188477 0
v 80.19227600097656 30.745372772216797 0
v 83.6815185546875 30.362390518188477 0
v 82.80762481689453 30.161115646362305 0
v 81.8231201171875 30.161115646362305 0
v 84.97944641113281 31.289648056030273 0
v 84.41044616699219 30.745372772216797 0
v 83.6815185546875 30.362390518188477 0
v 85.57777404785156 32.78040313720703 0
v 85.37355041503906 31.974796295166016 0
v 84.97944641113281 31.289648056030273 0
v 84.41044616699219 35.65317153930664 0
v 85.37355041503906 34.44087600708008 0
v 85.57777404785156 32.78040313720703 0
v 80.93215942382812 36.03337478637695 0
v 82.80762481689453 36.23391342163086 0
v 84.41044616699219 35.65317153930664 0
v 79.0152587890625 33.65233612060547 0
v 79.61709594726562 35.11507797241211 0
v 80.93215942382812 36.03337478637695 0
v 80.19227600097656 30.745372772216797 0
v 79.22022247314453 31.974796295166016 0
v 79.0152587890625 33.65233612060547 0
v 83.6815185546875 30.362390518188477 0
v 81.8231201171875 30.161115646362305 0
v 80.19227600097656 30.745372772216797 0
v 85.57777404785156 32.78040313720703 0
v 84.97944641113281 31.289648056030273 0
v 83.6815185546875 30.362390518188477 0
v 80.93215942382812 36.03337478637695 0
v 84.41044616699219 35.65317153930664 0
v 85.57777404785156 32.78040313720703 0
v 80.19227600097656 30.745372772216797 0
v 79.0152587890625 33.65233612060547 0
v 80.93215942382812 36.03337478637695 0
v 85.57777404785156 32.78040313720703 0
v 83.6815185546875 30.362390518188477 0
v 80.19227600097656 30.745372772216797 0
v 80.19227600097656 30.745372772216797 0
v 80.93215942382812 36.03337478637695 0
v 85.57777404785156 32.78040313720703 0
v 85.57777404785156 32.78040313720703 10
v 85.60399627685547 33.22200012207031 10
v 85.57777404785156 33.65233612060547 10
v 85.57777404785156 33.65233612060547 10
v 85.50032806396484 34.05953598022461 10
v 85.37355041503906 34.44087600708008 10
v 85.37355041503906 34.44087600708008 10
v 85.19929504394531 34.79362869262695 10
v 84.97944641113281 35.11507797241211 10
v 84.97944641113281 35.11507797241211 10
v 84.71587371826172 35.40250015258789 10
v 84.41044616699219 35.65317153930664 10
v 84.41044616699219 35.65317153930664 10
v 84.0650405883789 35.86437225341797 10
v 83.6815185546875 36.03337478637695 10
v 83.6815185546875 36.03337478637695 10
v 83.26175689697266 36.15746307373047 10
v 82.80762481689453 36.23391342163086 10
v 82.80762481689453 36.23391342163086 10
v 82.32099914550781 36.2599983215332 10
v 81.8231201171875 36.23391342163086 10
v 81.8231201171875 36.23391342163086 10
v 81.35960388183594 36.15746307373047 10
v 80.93215942382812 36.03337478637695 10
v 80.93215942382812 36.03337478637695 10
v 80.54248046875 35.86437225341797 10
v 80.19227600097656 35.65317153930664 10
v 80.19227600097656 35.65317153930664 10
v 79.88324737548828 35.40250015258789 10
v 79.61709594726562 35.11507797241211 10
v 79.61709594726562 35.11507797241211 10
v 79.39551544189453 34.79362869262695 10
v 79.22022247314453 34.44087600708008 10
v 79.22022247314453 34.44087600708008 10
v 79.0928955078125 34.05953598022461 10
v 79.0152587890625 33.65233612060547 10
v 79.0152587890625 33.65233612060547 10
v 78.98899841308594 33.22200012207031 10
v 79.0152587890625 32.78040313720703 10
v 79.0152587890625 32.78040313720703 10
v 79.0928955078125 32.36381912231445 10
v 79.22022247314453 31.974796295166016 10
v 79.22022247314453 31.974796295166016 10
v 79.39551544189453 31.615888595581055 10
v 79.61709594726562 31.289648056030273 10
v 79.61709594726562 31.289648056030273 10
v 79.88324737548828 30.998624801635742 10
v 80.19227600097656 30.745372772216797 10
v 80.19227600097656 30.745372772216797 10
v 80.54248046875 30.53244400024414 10
v 80.93215942382812 30.362390518188477 10
v 80.93215942382812 30.362390518188477 10
v 81.35960388183594 30.237764358520508 10
v 81.8231201171875 30.161115646362305 10
v 81.8231201171875 30.161115646362305 10
v 82.32099914550781 30.135000228881836 10
v 82.80762481689453 30.161115646362305 10
v 82.80762481689453 30.161115646362305 10
v 83.26175689697266 30.237764358520508 10
v 83.6815185546875 30.362390518188477 10
v 83.6815185546875 30.362390518188477 10
v 84.0650405883789 30.53244400024414 10
v 84.41044616699219 30.745372772216797 10
v 84.41044616699219 30.745372772216797 10
v 84.71587371826172 30.998624801635742 10
v 84.97944641113281 31.289648056030273 10
v 84.97944641113281 31.289648056030273 10
v 85.19929504394531 31.615888595581055 10
v 85.37355041503906 31.974796295166016 10
v 85.37355041503906 31.974796295166016 10
v 85.50032806396484 32.36381912231445 10
v 85.57777404785156 32.78040313720703 10
v 85.57777404785156 32.78040313720703 10
v 85.57777404785156 33.65233612060547 10
v 85.37355041503906 34.44087600708008 10
v 85.37355041503906 34.44087600708008 10
v 84.97944641113281 35.11507797241211 10
v 84.41044616699219 35.65317153930664 10
v 84.41044616699219 35.65317153930664 10
v 83.6815185546875 36.03337478637695 10
v 82.80762481689453 36.23391342163086 10
v 82.80762481689453 36.23391342163086 10
v 81.8231201171875 36.23391342163086 10
v 80.93215942382812 36.03337478637695 10
v 80.93215942382812 36.03337478637695 10
v 80.19227600097656 35.65317153930664 10
v 79.61709594726562 35.11507797241211 10
v 79.61709594726562 35.11507797241211 10
v 79.22022247314453 34.44087600708008 10
v 79.0152587890625 33.65233612060547 10
v 79.0152587890625 33.65233612060547 10
v 79.0152587890625 32.78040313720703 10
v 79.22022247314453 31.974796295166016 10
v 79.22022247314453 31.974796295166016 10
v 79.61709594726562 31.289648056030273 10
v 80.19227600097656 30.745372772216797 10
v 80.19227600097656 30.745372772216797 10
v 80.93215942382812 30.362390518188477 10
v 81.8231201171875 30.161115646362305 10
v 81.8231201171875 30.161115646362305 10
v 82.80762481689453 30.161115646362305 10
v 83.6815185546875 30.362390518188477 10
v 83.6815185546875 30.362390518188477 10
v 84.41044616699219 30.745372772216797 10
v 84.97944641113281 31.289648056030273 10
v 84.97944641113281 31.289648056030273 10
v 85.37355041503906 31.974796295166016 10
v 85.57777404785156 32.78040313720703 10
v 85.57777404785156 32.78040313720703 10
v 85.37355041503906 34.44087600708008 10
v 84.41044616699219 35.65317153930664 10
v 84.41044616699219 35.65317153930664 10
v 82.80762481689453 36.23391342163086 10
v 80.93215942382812 36.03337478637695 10
v 80.93215942382812 36.03337478637695 10
v 79.61709594726562 35.11507797241211 10
v 79.0152587890625 33.65233612060547 10
v 79.0152587890625 33.65233612060547 10
v 79.22022247314453 31.974796295166016 10
v 80.19227600097656 30.745372772216797 10
v 80.19227600097656 30.745372772216797 10
v 81.8231201171875 30.161115646362305 10
v 83.6815185546875 30.362390518188477 10
v 83.6815185546875 30.362390518188477 10
v 84.97944641113281 31.289648056030273 10
v 85.57777404785156 32.78040313720703 10
v 85.57777404785156 32.78040313720703 10
v 84.41044616699219 35.65317153930664 10
v 80.93215942382812 36.03337478637695 10
v 80.93215942382812 36.03337478637695 10
v 79.0152587890625 33.65233612060547 10
v 80.19227600097656 30.745372772216797 10
v 80.19227600097656 30.745372772216797 10
v 83.6815185546875 30.362390518188477 10
v 85.57777404785156 32.78040313720703 10
v 85.57777404785156 32.78040313720703 10
v 80.93215942382812 36.03337478637695 10
v 80.19227600097656 30.745372772216797 10
v 85.57777404785156 33.65233612060547 0
v 85.50032806396484 34.05953598022461 0
v 85.57777404785156 33.65233612060547 10
v 85.50032806396484 34.05953598022461 0
v 85.50032806396484 34.05953598022461 10
v 85.57777404785156 33.65233612060547 10
v 85.50032806396484 34.05953598022461 0
v 85.37355041503906 34.44087600708008 0
v 85.50032806396484 34.05953598022461 10
v 85.37355041503906 34.44087600708008 0
v 85.37355041503906 34.44087600708008 10
v 85.50032806396484 34.05953598022461 10
v 85.37355041503906 34.44087600708008 0
v 85.19929504394531 34.79362869262695 0
v 85.37355041503906 34.44087600708008 10
v 85.19929504394531 34.79362869262695 0
v 85.19929504394531 34.79362869262695 10
v 85.37355041503906 34.44087600708008 10
v 85.19929504394531 34.79362869262695 0
v 84.97944641113281 35.11507797241211 0
v 85.19929504394531 34.79362869262695 10
v 84.97944641113281 35.11507797241211 0
v 84.97944641113281 35.11507797241211 10
v 85.19929504394531 34.79362869262695 10
v 84.97944641113281 35.11507797241211 0
v 84.71587371826172 35.40250015258789 0
v 84.97944641113281 35.11507797241211 10
v 84.71587371826172 35.40250015258789 0
v 84.71587371826172 35.40250015258789 10
v 84.97944641113281 35.11507797241211 10
v 84.71587371826172 35.40250015258789 0
v 84.41044616699219 35.65317153930664 0
v 84.71587371826172 35.40250015258789 10
v 84.41044616699219 35.65317153930664 0
v 84.41044616699219 35.65317153930664 10
v 84.71587371826172 35.40250015258789 10
v 84.41044616699219 35.65317153930664 0
v 84.0650405883789 35.86437225341797 0
v 84.41044616699219 35.65317153930664 10
v 84.0650405883789 35.86437225341797 0
v 84.0650405883789 35.86437225341797 10
v 84.41044616699219 35.65317153930664 10
v 84.0650405883789 35.86437225341797 0
v 83.6815185546875 36.03337478637695 0
v 84.0650405883789 35.86437225341797 10
v 83.6815185546875 36.03337478637695 0
v 83.6815185546875 36.03337478637695 10
v 84.0650405883789 35.86437225341797 10
v 83.6815185546875 36.03337478637695 0
v 83.26175689697266 36.15746307373047 0
v 83.6815185546875 36.03337478637695 10
v 83.26175689697266 36.15746307373047 0
v 83.26175689697266 36.15746307373047 10
v 83.6815185546875 36.03337478637695 10
v 83.26175689697266 36.15746307373047 0
v 82.80762481689453 36.23391342163086 0
v 83.26175689697266 36.15746307373047 10
v 82.80762481689453 36.23391342163086 0
v 82.80762481689453 36.23391342163086 10
v 83.26175689697266 36.15746307373047 10
v 82.80762481689453 36.23391342163086 0
v 82.32099914550781 36.2599983215332 0
v 82.80762481689453 36.23391342163086 10
v 82.32099914550781 36.2599983215332 0
v 82.32099914550781 36.2599983215332 10
v 82.80762481689453 36.23391342163086 10
v 82.32099914550781 36.2599983215332 0
v 81.8231201171875 36.23391342163086 0
v 82.32099914550781 36.2599983215332 10
v 81.8231201171875 36.23391342163086 0
v 81.8231201171875 36.23391342163086 10
v 82.32099914550781 36.2599983215332 10
v 81.8231201171875 36.23391342163086 0
v 81.35960388183594 36.15746307373047 0
v 81.8231201171875 36.23391342163086 10
v 81.35960388183594 36.15746307373047 0
v 81.35960388183594 36.15746307373047 10
v 81.8231201171875 36.23391342163086 10
v 81.35960388183594 36.15746307373047 0
v 80.93215942382812 36.03337478637695 0
v 81.35960388183594 36.15746307373047 10
v 80.93215942382812 36.03337478637695 0
v 80.93215942382812 36.03337478637695 10
v 81.35960388183594 36.15746307373047 10
v 80.93215942382812 36.03337478637695 0
v 80.54248046875 35.86437225341797 0
v 80.93215942382812 36.03337478637695 10
v 80.54248046875 35.86437225341797 0
v 80.54248046875 35.86437225341797 10
v 80.93215942382812 36.03337478637695 10
v 80.54248046875 35.86437225341797 0
v 80.19227600097656 35.65317153930664 0
v 80.54248046875 35.86437225341797 10
v 80.19227600097656 35.65317153930664 0
v 80.19227600097656 35.65317153930664 10
v 80.54248046875 35.86437225341797 10
v 80.19227600097656 35.65317153930664 0
v 79.88324737548828 35.40250015258789 0
v 80.19227600097656 35.65317153930664 10
v 79.88324737548828 35.40250015258789 0
v 79.88324737548828 35.40250015258789 10
v 80.19227600097656 35.65317153930664 10
v 79.88324737548828 35.40250015258789 0
v 79.61709594726562 35.11507797241211 0
v 79.88324737548828 35.40250015258789 10
v 79.61709594726562 35.11507797241211 0
v 79.61709594726562 35.11507797241211 10
v 79.88324737548828 35.40250015258789 10
v 79.61709594726562 35.11507797241211 0
v 79.39551544189453 34.79362869262695 0
v 79.61709594726562 35.11507797241211 10
v 79.39551544189453 34.79362869262695 0
v 79.39551544189453 34.79362869262695 10
v 79.61709594726562 35.11507797241211 10
v 79.39551544189453 34.79362869262695 0
v 79.22022247314453 34.44087600708008 0
v 79.39551544189453 34.79362869262695 10
v 79.22022247314453 34.44087600708008 0
v 79.22022247314453 34.44087600708008 10
v 79.39551544189453 34.79362869262695 10
v 79.22022247314453 34.44087600708008 0
v 79.0928955078125 34.05953598022461 0
v 79.22022247314453 34.44087600708008 10
v 79.0928955078125 34.05953598022461 0
v 79.0928955078125 34.05953598022461 10
v 79.22022247314453 34.44087600708008 10
v 79.0928955078125 34.05953598022461 0
v 79.0152587890625 33.65233612060547 0
v 79.0928955078125 34.05953598022461 10
v 79.0152587890625 33.65233612060547 0
v 79.0152587890625 33.65233612060547 10
v 79.0928955078125 34.05953598022461 10
v 79.0152587890625 33.65233612060547 0
v 78.98899841308594 33.22200012207031 0
v 79.0152587890625 33.65233612060547 10
v 78.98899841308594 33.22200012207031 0
v 78.98899841308594 33.22200012207031 10
v 79.0152587890625 33.65233612060547 10
v 78.98899841308594 33.22200012207031 0
v 79.0152587890625 32.78040313720703 0
v 78.98899841308594 33.22200012207031 10
v 79.0152587890625 32.78040313720703 0
v 79.0152587890625 32.78040313720703 10
v 78.98899841308594 33.22200012207031 10
v 79.0152587890625 32.78040313720703 0
v 79.0928955078125 32.36381912231445 0
v 79.0152587890625 32.78040313720703 10
v 79.0928955078125 32.36381912231445 0
v 79.0928955078125 32.36381912231445 10
v 79.0152587890625 32.78040313720703 10
v 79.0928955078125 32.36381912231445 0
v 79.22022247314453 31.974796295166016 0
v 79.0928955078125 32.36381912231445 10
v 79.22022247314453 31.974796295166016 0
v 79.22022247314453 31.974796295166016 10
v 79.0928955078125 32.36381912231445 10
v 79.22022247314453 31.974796295166016 0
v 79.39551544189453 31.615888595581055 0
v 79.22022247314453 31.974796295166016 10
v 79.39551544189453 31.615888595581055 0
v 79.39551544189453 31.615888595581055 10
v 79.22022247314453 31.974796295166016 10
v 79.39551544189453 31.615888595581055 0
v 79.61709594726562 31.289648056030273 0
v 79.39551544189453 31.615888595581055 10
v 79.61709594726562 31.289648056030273 0
v 79.61709594726562 31.289648056030273 10
v 79.39551544189453 31.615888595581055 10
v 79.61709594726562 31.289648056030273 0
v 79.88324737548828 30.998624801635742 0
v 79.61709594726562 31.289648056030273 10
v 79.88324737548828 30.998624801635742 0
v 79.88324737548828 30.998624801635742 10
v 79.61709594726562 31.289648056030273 10
v 79.88324737548828 30.998624801635742 0
v 80.19227600097656 30.745372772216797 0
v 79.88324737548828 30.998624801635742 10
v 80.19227600097656 30.745372772216797 0
v 80.19227600097656 30.745372772216797 10
v 79.88324737548828 30.998624801635742 10
v 80.19227600097656 30.745372772216797 0
v 80.54248046875 30.53244400024414 0
v 80.19227600097656 30.745372772216797 10
v 80.54248046875 30.53244400024414 0
v 80.54248046875 30.53244400024414 10
v 80.19227600097656 30.745372772216797 10
v 80.54248046875 30.53244400024414 0
v 80.93215942382812 30.362390518188477 0
v 80.54248046875 30.53244400024414 10
v 80.93215942382812 30.362390518188477 0
v 80.93215942382812 30.362390518188477 10
v 80.54248046875 30.53244400024414 10
v 80.93215942382812 30.362390518188477 0
v 81.35960388183594 30.237764358520508 0
v 80.93215942382812 30.362390518188477 10
v 81.35960388183594 30.237764358520508 0
v 81.35960388183594 30.237764358520508 10
v 80.93215942382812 30.362390518188477 10
v 81.35960388183594 30.237764358520508 0
v 81.8231201171875 30.161115646362305 0
v 81.35960388183594 30.237764358520508 10
v 81.8231201171875 30.161115646362305 0
v 81.8231201171875 30.161115646362305 10
v 81.35960388183594 30.237764358520508 10
v 81.8231201171875 30.161115646362305 0
v 82.32099914550781 30.135000228881836 0
v 81.8231201171875 30.161115646362305 10
v 82.32099914550781 30.135000228881836 0
v 82.32099914550781 30.135000228881836 10
v 81.8231201171875 30.161115646362305 10
v 82.32099914550781 30.135000228881836 0
v 82.80762481689453 30.161115646362305 0
v 82.32099914550781 30.135000228881836 10
v 82.80762481689453 30.161115646362305 0
v 82.80762481689453 30.161115646362305 10
v 82.32099914550781 30.135000228881836 10
v 82.80762481689453 30.161115646362305 0
v 83.26175689697266 30.237764358520508 0
v 82.80762481689453 30.161115646362305 10
v 83.26175689697266 30.237764358520508 0
v 83.26175689697266 30.237764358520508 10
v 82.80762481689453 30.161115646362305 10
v 83.26175689697266 30.237764358520508 0
v 83.6815185546875 30.362390518188477 0
v 83.26175689697266 30.237764358520508 10
v 83.6815185546875 30.362390518188477 0
v 83.6815185546875 30.362390518188477 10
v 83.26175689697266 30.237764358520508 10
v 83.6815185546875 30.362390518188477 0
v 84.0650405883789 30.53244400024414 0
v 83.6815185546875 30.362390518188477 10
v 84.0650405883789 30.53244400024414 0
v 84.0650405883789 30.53244400024414 10
v 83.6815185546875 30.362390518188477 10
v 84.0650405883789 30.53244400024414 0
v 84.41044616699219 30.745372772216797 0
v 84.0650405883789 30.53244400024414 10
v 84.41044616699219 30.745372772216797 0
v 84.41044616699219 30.745372772216797 10
v 84.0650405883789 30.53244400024414 10
v 84.41044616699219 30.745372772216797 0
v 84.71587371826172 30.998624801635742 0
v 84.41044616699219 30.745372772216797 10
v 84.71587371826172 30.998624801635742 0
v 84.71587371826172 30.998624801635742 10
v 84.41044616699219 30.745372772216797 10
v 84.71587371826172 30.998624801635742 0
v 84.97944641113281 31.289648056030273 0
v 84.71587371826172 30.998624801635742 10
v 84.97944641113281 31.289648056030273 0
v 84.97944641113281 31.289648056030273 10
v 84.71587371826172 30.998624801635742 10
v 84.97944641113281 31.289648056030273 0
v 85.19929504394531 31.615888595581055 0
v 84.97944641113281 31.289648056030273 10
v 85.19929504394531 31.615888595581055 0
v 85.19929504394531 31.615888595581055 10
v 84.97944641113281 31.289648056030273 10
v 85.19929504394531 31.615888595581055 0
v 85.37355041503906 31.974796295166016 0
v 85.19929504394531 31.615888595581055 10
v 85.37355041503906 31.974796295166016 0
v 85.37355041503906 31.974796295166016 10
v 85.19929504394531 31.615888595581055 10
v 85.37355041503906 31.974796295166016 0
v 85.50032806396484 32.36381912231445 0
v 85.37355041503906 31.974796295166016 10
v 85.50032806396484 32.36381912231445 0
v 85.50032806396484 32.36381912231445 10
v 85.37355041503906 31.974796295166016 10
v 85.50032806396484 32.36381912231445 0
v 85.57777404785156 32.78040313720703 0
v 85.50032806396484 32.36381912231445 10
v 85.57777404785156 32.78040313720703 0
v 85.57777404785156 32.78040313720703 10
v 85.50032806396484 32.36381912231445 10
v 85.57777404785156 32.78040313720703 0
v 85.60399627685547 33.22200012207031 0
v 85.57777404785156 32.78040313720703 10
v 85.60399627685547 33.22200012207031 0
v 85.60399627685547 33.22200012207031 10
v 85.57777404785156 32.78040313720703 10
v 85.60399627685547 33.22200012207031 0
v 85.57777404785156 33.65233612060547 0
v 85.60399627685547 33.22200012207031 10
v 85.57777404785156 33.65233612060547 0
v 85.57777404785156 33.65233612060547 10
v 85.60399627685547 33.22200012207031 10
v 84.6240005493164 25.969999313354492 0
v 84.6240005493164 0 0
v 79.96900177001953 0 0
v 79.96900177001953 0 0
v 79.96900177001953 25.969999313354492 0
v 84.6240005493164 25.969999313354492 0
v 79.96900177001953 0 10
v 84.6240005493164 0 10
v 84.6240005493164 25.969999313354492 10
v 84.6240005493164 25.969999313354492 10
v 79.96900177001953 25.969999313354492 10
v 79.96900177001953 0 10
v 84.6240005493164 25.969999313354492 0
v 79.96900177001953 25.969999313354492 0
v 84.6240005493164 25.969999313354492 10
v 79.96900177001953 25.969999313354492 0
v 79.96900177001953 25.969999313354492 10
v 84.6240005493164 25.969999313354492 10
v 79.96900177001953 25.969999313354492 0
v 79.96900177001953 0 0
v 79.96900177001953 25.969999313354492 10
v 79.96900177001953 0 0
v 79.96900177001953 0 10
v 79.96900177001953 25.969999313354492 10
v 79.96900177001953 0 0
v 84.6240005493164 0 0
v 79.96900177001953 0 10
v 84.6240005493164 0 0
v 84.6240005493164 0 10
v 79.96900177001953 0 10
v 84.6240005493164 0 0
v 84.6240005493164 25.969999313354492 0
v 84.6240005493164 0 10
v 84.6240005493164 25.969999313354492 0
v 84.6240005493164 25.969999313354492 10
v 84.6240005493164 0 10
v 102.62200164794922 25.969999313354492 0
v 115.06800079345703 25.969999313354492 0
v 115.06800079345703 22.049999237060547 0
v 99.38800048828125 34.05500030517578 0
v 102.62200164794922 34.05500030517578 0
v 102.62200164794922 25.969999313354492 0
v 90.71499633789062 22.049999237060547 0
v 90.71499633789062 25.969999313354492 0
v 98.11399841308594 25.969999313354492 0
v 98.0370101928711 7.909416675567627 0
v 97.96700286865234 9.505999565124512 0
v 97.96700286865234 22.049999237060547 0
v 98.60782623291016 5.132750034332275 0
v 98.24942779541016 6.451666831970215 0
v 98.0370101928711 7.909416675567627 0
v 99.77685546875 2.91141676902771 0
v 99.11577606201172 3.952666759490967 0
v 98.60782623291016 5.132750034332275 0
v 101.57266998291016 1.2454166412353516 0
v 100.5946273803711 2.009000062942505 0
v 99.77685546875 2.91141676902771 0
v 104.02385711669922 0.13474999368190765 0
v 102.71455383300781 0.6206666827201843 0
v 101.57266998291016 1.2454166412353516 0
v 107.15901184082031 -0.4205833375453949 0
v 105.504150390625 -0.2123333364725113 0
v 104.02385711669922 0.13474999368190765 0
v 109.65902709960938 -0.48597338795661926 0
v 108.99199676513672 -0.49000000953674316 0
v 107.15901184082031 -0.4205833375453949 0
v 110.88692474365234 -0.45478126406669617 0
v 110.2898178100586 -0.4741203784942627 0
v 109.65902709960938 -0.48597338795661926 0
v 111.99027252197266 -0.3950057923793793 0
v 111.45288848876953 -0.42829629778862 0
v 110.88692474365234 -0.45478126406669617 0
v 112.989501953125 -0.30936920642852783 0
v 112.50162506103516 -0.3552500009536743 0
v 111.99027252197266 -0.3950057923793793 0
v 113.90501403808594 -0.2005937546491623 0
v 113.4564437866211 -0.2577036917209625 0
v 112.989501953125 -0.30936920642852783 0
v 114.75724029541016 -0.07140161842107773 0
v 114.33776092529297 -0.13837963342666626 0
v 113.90501403808594 -0.2005937546491623 0
v 115.16600036621094 4.066999912261963 0
v 115.16600036621094 0 0
v 114.75724029541016 -0.07140161842107773 0
v 102.62200164794922 25.969999313354492 0
v 115.06800079345703 22.049999237060547 0
v 102.62200164794922 22.049999237060547 0
v 98.11399841308594 25.969999313354492 0
v 99.38800048828125 34.05500030517578 0
v 102.62200164794922 25.969999313354492 0
v 97.96700286865234 22.049999237060547 0
v 90.71499633789062 22.049999237060547 0
v 98.11399841308594 25.969999313354492 0
v 98.60782623291016 5.132750034332275 0
v 98.0370101928711 7.909416675567627 0
v 97.96700286865234 22.049999237060547 0
v 101.57266998291016 1.2454166412353516 0
v 99.77685546875 2.91141676902771 0
v 98.60782623291016 5.132750034332275 0
v 107.15901184082031 -0.4205833375453949 0
v 104.02385711669922 0.13474999368190765 0
v 101.57266998291016 1.2454166412353516 0
v 110.88692474365234 -0.45478126406669617 0
v 109.65902709960938 -0.48597338795661926 0
v 107.15901184082031 -0.4205833375453949 0
v 112.989501953125 -0.30936920642852783 0
v 111.99027252197266 -0.3950057923793793 0
v 110.88692474365234 -0.45478126406669617 0
v 114.75724029541016 -0.07140161842107773 0
v 113.90501403808594 -0.2005937546491623 0
v 112.989501953125 -0.30936920642852783 0
v 114.69454193115234 4.0068559646606445 0
v 115.16600036621094 4.066999912261963 0
v 114.75724029541016 -0.07140161842107773 0
v 98.11399841308594 25.969999313354492 0
v 102.62200164794922 25.969999313354492 0
v 102.62200164794922 22.049999237060547 0
v 98.60782623291016 5.132750034332275 0
v 97.96700286865234 22.049999237060547 0
v 98.11399841308594 25.969999313354492 0
v 107.15901184082031 -0.4205833375453949 0
v 101.57266998291016 1.2454166412353516 0
v 98.60782623291016 5.132750034332275 0
v 112.989501953125 -0.30936920642852783 0
v 110.88692474365234 -0.45478126406669617 0
v 107.15901184082031 -0.4205833375453949 0
v 114.69454193115234 4.0068559646606445 0
v 114.75724029541016 -0.07140161842107773 0
v 112.989501953125 -0.30936920642852783 0
v 98.11399841308594 25.969999313354492 0
v 102.62200164794922 22.049999237060547 0
v 102.62200164794922 9.996000289916992 0
v 112.989501953125 -0.30936920642852783 0
v 107.15901184082031 -0.4205833375453949 0
v 98.60782623291016 5.132750034332275 0
v 114.2322769165039 3.94926381111145 0
v 114.69454193115234 4.0068559646606445 0
v 112.989501953125 -0.30936920642852783 0
v 98.11399841308594 25.969999313354492 0
v 102.62200164794922 9.996000289916992 0
v 102.65656280517578 8.872203826904297 0
v 113.77409362792969 3.8947343826293945 0
v 114.2322769165039 3.94926381111145 0
v 112.989501953125 -0.30936920642852783 0
v 98.11399841308594 25.969999313354492 0
v 102.65656280517578 8.872203826904297 0
v 102.76377868652344 7.873800754547119 0
v 113.31488800048828 3.843777894973755 0
v 113.77409362792969 3.8947343826293945 0
v 112.989501953125 -0.30936920642852783 0
v 98.11399841308594 25.969999313354492 0
v 102.76377868652344 7.873800754547119 0
v 102.94892120361328 6.995515823364258 0
v 112.84955596923828 3.7969045639038086 0
v 113.31488800048828 3.843777894973755 0
v 112.989501953125 -0.30936920642852783 0
v 98.60782623291016 5.132750034332275 0
v 98.11399841308594 25.969999313354492 0
v 102.94892120361328 6.995515823364258 0
v 112.37300109863281 3.754625082015991 0
v 112.84955596923828 3.7969045639038086 0
v 112.989501953125 -0.30936920642852783 0
v 98.60782623291016 5.132750034332275 0
v 102.94892120361328 6.995515823364258 0
v 103.2172622680664 6.23207426071167 0
v 111.8801040649414 3.71744966506958 0
v 112.37300109863281 3.754625082015991 0
v 112.989501953125 -0.30936920642852783 0
v 98.60782623291016 5.132750034332275 0
v 103.2172622680664 6.23207426071167 0
v 103.57406616210938 5.578201770782471 0
v 111.36577606201172 3.6858890056610107 0
v 111.8801040649414 3.71744966506958 0
v 112.989501953125 -0.30936920642852783 0
v 98.60782623291016 5.132750034332275 0
v 103.57406616210938 5.578201770782471 0
v 104.02462768554688 5.028625011444092 0
v 110.82490539550781 3.6604530811309814 0
v 111.36577606201172 3.6858890056610107 0
v 112.989501953125 -0.30936920642852783 0
v 98.60782623291016 5.132750034332275 0
v 104.02462768554688 5.028625011444092 0
v 104.57420349121094 4.578068733215332 0
v 110.25238800048828 3.641652822494507 0
v 110.82490539550781 3.6604530811309814 0
v 112.989501953125 -0.30936920642852783 0
v 98.60782623291016 5.132750034332275 0
v 104.57420349121094 4.578068733215332 0
v 105.22807312011719 4.221259117126465 0
v 109.64311981201172 3.629998207092285 0
v 110.25238800048828 3.641652822494507 0
v 112.989501953125 -0.30936920642852783 0
v 98.60782623291016 5.132750034332275 0
v 105.22807312011719 4.221259117126465 0
v 105.99151611328125 3.9529218673706055 0
v 108.99199676513672 3.625999927520752 0
v 109.64311981201172 3.629998207092285 0
v 112.989501953125 -0.30936920642852783 0
v 98.60782623291016 5.132750034332275 0
v 105.99151611328125 3.9529218673706055 0
v 106.86980438232422 3.76778244972229 0
v 107.86820220947266 3.660566568374634 0
v 108.99199676513672 3.625999927520752 0
v 112.989501953125 -0.30936920642852783 0
v 112.989501953125 -0.30936920642852783 0
v 98.60782623291016 5.132750034332275 0
v 106.86980438232422 3.76778244972229 0
v 106.86980438232422 3.76778244972229 0
v 107.86820220947266 3.660566568374634 0
v 112.989501953125 -0.30936920642852783 0
v 115.06800079345703 22.049999237060547 10
v 115.06800079345703 25.969999313354492 10
v 102.62200164794922 25.969999313354492 10
v 102.62200164794922 25.969999313354492 10
v 102.62200164794922 34.05500030517578 10
v 99.38800048828125 34.05500030517578 10
v 98.11399841308594 25.969999313354492 10
v 90.71499633789062 25.969999313354492 10
v 90.71499633789062 22.049999237060547 10
v 97.96700286865234 22.049999237060547 10
v 97.96700286865234 9.505999565124512 10
v 98.0370101928711 7.909416675567627 10
v 98.0370101928711 7.909416675567627 10
v 98.24942779541016 6.451666831970215 10
v 98.60782623291016 5.132750034332275 10
v 98.60782623291016 5.132750034332275 10
v 99.11577606201172 3.952666759490967 10
v 99.77685546875 2.91141676902771 10
v 99.77685546875 2.91141676902771 10
v 100.5946273803711 2.009000062942505 10
v 101.57266998291016 1.2454166412353516 10
v 101.57266998291016 1.2454166412353516 10
v 102.71455383300781 0.6206666827201843 10
v 104.02385711669922 0.13474999368190765 10
v 104.02385711669922 0.13474999368190765 10
v 105.504150390625 -0.2123333364725113 10
v 107.15901184082031 -0.4205833375453949 10
v 107.15901184082031 -0.4205833375453949 10
v 108.99199676513672 -0.49000000953674316 10
v 109.65902709960938 -0.48597338795661926 10
v 109.65902709960938 -0.48597338795661926 10
v 110.2898178100586 -0.4741203784942627 10
v 110.88692474365234 -0.45478126406669617 10
v 110.88692474365234 -0.45478126406669617 10
v 111.45288848876953 -0.42829629778862 10
v 111.99027252197266 -0.3950057923793793 10
v 111.99027252197266 -0.3950057923793793 10
v 112.50162506103516 -0.3552500009536743 10
v 112.989501953125 -0.30936920642852783 10
v 112.989501953125 -0.30936920642852783 10
v 113.4564437866211 -0.2577036917209625 10
v 113.90501403808594 -0.2005937546491623 10
v 113.90501403808594 -0.2005937546491623 10
v 114.33776092529297 -0.13837963342666626 10
v 114.75724029541016 -0.07140161842107773 10
v 114.75724029541016 -0.07140161842107773 10
v 115.16600036621094 0 10
v 115.16600036621094 4.066999912261963 10
v 102.62200164794922 22.049999237060547 10
v 115.06800079345703 22.049999237060547 10
v 102.62200164794922 25.969999313354492 10
v 102.62200164794922 25.969999313354492 10
v 99.38800048828125 34.05500030517578 10
v 98.11399841308594 25.969999313354492 10
v 98.11399841308594 25.969999313354492 10
v 90.71499633789062 22.049999237060547 10
v 97.96700286865234 22.049999237060547 10
v 97.96700286865234 22.049999237060547 10
v 98.0370101928711 7.909416675567627 10
v 98.60782623291016 5.132750034332275 10
v 98.60782623291016 5.132750034332275 10
v 99.77685546875 2.91141676902771 10
v 101.57266998291016 1.2454166412353516 10
v 101.57266998291016 1.2454166412353516 10
v 104.02385711669922 0.13474999368190765 10
v 107.15901184082031 -0.4205833375453949 10
v 107.15901184082031 -0.4205833375453949 10
v 109.65902709960938 -0.48597338795661926 10
v 110.88692474365234 -0.45478126406669617 10
v 110.88692474365234 -0.45478126406669617 10
v 111.99027252197266 -0.3950057923793793 10
v 112.989501953125 -0.30936920642852783 10
v 112.989501953125 -0.30936920642852783 10
v 113.90501403808594 -0.2005937546491623 10
v 114.75724029541016 -0.07140161842107773 10
v 114.75724029541016 -0.07140161842107773 10
v 115.16600036621094 4.066999912261963 10
v 114.69454193115234 4.0068559646606445 10
v 102.62200164794922 22.049999237060547 10
v 102.62200164794922 25.969999313354492 10
v 98.11399841308594 25.969999313354492 10
v 98.11399841308594 25.969999313354492 10
v 97.96700286865234 22.049999237060547 10
v 98.60782623291016 5.132750034332275 10
v 98.60782623291016 5.132750034332275 10
v 101.57266998291016 1.2454166412353516 10
v 107.15901184082031 -0.4205833375453949 10
v 107.15901184082031 -0.4205833375453949 10
v 110.88692474365234 -0.45478126406669617 10
v 112.989501953125 -0.30936920642852783 10
v 112.989501953125 -0.30936920642852783 10
v 114.75724029541016 -0.07140161842107773 10
v 114.69454193115234 4.0068559646606445 10
v 102.62200164794922 9.996000289916992 10
v 102.62200164794922 22.049999237060547 10
v 98.11399841308594 25.969999313354492 10
v 98.60782623291016 5.132750034332275 10
v 107.15901184082031 -0.4205833375453949 10
v 112.989501953125 -0.30936920642852783 10
v 112.989501953125 -0.30936920642852783 10
v 114.69454193115234 4.0068559646606445 10
v 114.2322769165039 3.94926381111145 10
v 102.65656280517578 8.872203826904297 10
v 102.62200164794922 9.996000289916992 10
v 98.11399841308594 25.969999313354492 10
v 112.989501953125 -0.30936920642852783 10
v 114.2322769165039 3.94926381111145 10
v 113.77409362792969 3.8947343826293945 10
v 102.76377868652344 7.873800754547119 10
v 102.65656280517578 8.872203826904297 10
v 98.11399841308594 25.969999313354492 10
v 112.989501953125 -0.30936920642852783 10
v 113.77409362792969 3.8947343826293945 10
v 113.31488800048828 3.843777894973755 10
v 102.94892120361328 6.995515823364258 10
v 102.76377868652344 7.873800754547119 10
v 98.11399841308594 25.969999313354492 10
v 112.989501953125 -0.30936920642852783 10
v 113.31488800048828 3.843777894973755 10
v 112.84955596923828 3.7969045639038086 10
v 102.94892120361328 6.995515823364258 10
v 98.11399841308594 25.969999313354492 10
v 98.60782623291016 5.132750034332275 10
v 112.989501953125 -0.30936920642852783 10
v 112.84955596923828 3.7969045639038086 10
v 112.37300109863281 3.754625082015991 10
v 103.2172622680664 6.23207426071167 10
v 102.94892120361328 6.995515823364258 10
v 98.60782623291016 5.132750034332275 10
v 112.989501953125 -0.30936920642852783 10
v 112.37300109863281 3.754625082015991 10
v 111.8801040649414 3.71744966506958 10
v 103.57406616210938 5.578201770782471 10
v 103.2172622680664 6.23207426071167 10
v 98.60782623291016 5.132750034332275 10
v 112.989501953125 -0.30936920642852783 10
v 111.8801040649414 3.71744966506958 10
v 111.36577606201172 3.6858890056610107 10
v 104.02462768554688 5.028625011444092 10
v 103.57406616210938 5.578201770782471 10
v 98.60782623291016 5.132750034332275 10
v 112.989501953125 -0.30936920642852783 10
v 111.36577606201172 3.6858890056610107 10
v 110.82490539550781 3.6604530811309814 10
v 104.57420349121094 4.578068733215332 10
v 104.02462768554688 5.028625011444092 10
v 98.60782623291016 5.132750034332275 10
v 112.989501953125 -0.30936920642852783 10
v 110.82490539550781 3.6604530811309814 10
v 110.25238800048828 3.641652822494507 10
v 105.22807312011719 4.221259117126465 10
v 104.57420349121094 4.578068733215332 10
v 98.60782623291016 5.132750034332275 10
v 112.989501953125 -0.30936920642852783 10
v 110.25238800048828 3.641652822494507 10
v 109.64311981201172 3.629998207092285 10
v 105.99151611328125 3.9529218673706055 10
v 105.22807312011719 4.221259117126465 10
v 98.60782623291016 5.132750034332275 10
v 112.989501953125 -0.30936920642852783 10
v 109.64311981201172 3.629998207092285 10
v 108.99199676513672 3.625999927520752 10
v 106.86980438232422 3.76778244972229 10
v 105.99151611328125 3.9529218673706055 10
v 98.60782623291016 5.132750034332275 10
v 112.989501953125 -0.30936920642852783 10
v 108.99199676513672 3.625999927520752 10
v 107.86820220947266 3.660566568374634 10
v 106.86980438232422 3.76778244972229 10
v 98.60782623291016 5.132750034332275 10
v 112.989501953125 -0.30936920642852783 10
v 112.989501953125 -0.30936920642852783 10
v 107.86820220947266 3.660566568374634 10
v 106.86980438232422 3.76778244972229 10
v 102.62200164794922 25.969999313354492 0
v 102.62200164794922 34.05500030517578 0
v 102.62200164794922 25.969999313354492 10
v 102.62200164794922 34.05500030517578 0
v 102.62200164794922 34.05500030517578 10
v 102.62200164794922 25.969999313354492 10
v 102.62200164794922 34.05500030517578 0
v 99.38800048828125 34.05500030517578 0
v 102.62200164794922 34.05500030517578 10
v 99.38800048828125 34.05500030517578 0
v 99.38800048828125 34.05500030517578 10
v 102.62200164794922 34.05500030517578 10
v 99.38800048828125 34.05500030517578 0
v 98.11399841308594 25.969999313354492 0
v 99.38800048828125 34.05500030517578 10
v 98.11399841308594 25.969999313354492 0
v 98.11399841308594 25.969999313354492 10
v 99.38800048828125 34.05500030517578 10
v 98.11399841308594 25.969999313354492 0
v 90.71499633789062 25.969999313354492 0
v 98.11399841308594 25.969999313354492 10
v 90.71499633789062 25.969999313354492 0
v 90.71499633789062 25.969999313354492 10
v 98.11399841308594 25.969999313354492 10
v 90.71499633789062 25.969999313354492 0
v 90.71499633789062 22.049999237060547 0
v 90.71499633789062 25.969999313354492 10
v 90.71499633789062 22.049999237060547 0
v 90.71499633789062 22.049999237060547 10
v 90.71499633789062 25.969999313354492 10
v 90.71499633789062 22.049999237060547 0
v 97.96700286865234 22.049999237060547 0
v 90.71499633789062 22.049999237060547 10
v 97.96700286865234 22.049999237060547 0
v 97.96700286865234 22.049999237060547 10
v 90.71499633789062 22.049999237060547 10
v 97.96700286865234 22.049999237060547 0
v 97.96700286865234 9.505999565124512 0
v 97.96700286865234 22.049999237060547 10
v 97.96700286865234 9.505999565124512 0
v 97.96700286865234 9.505999565124512 10
v 97.96700286865234 22.049999237060547 10
v 97.96700286865234 9.505999565124512 0
v 98.0370101928711 7.909416675567627 0
v 97.96700286865234 9.505999565124512 10
v 98.0370101928711 7.909416675567627 0
v 98.0370101928711 7.909416675567627 10
v 97.96700286865234 9.505999565124512 10
v 98.0370101928711 7.909416675567627 0
v 98.24942779541016 6.451666831970215 0
v 98.0370101928711 7.909416675567627 10
v 98.24942779541016 6.451666831970215 0
v 98.24942779541016 6.451666831970215 10
v 98.0370101928711 7.909416675567627 10
v 98.24942779541016 6.451666831970215 0
v 98.60782623291016 5.132750034332275 0
v 98.24942779541016 6.451666831970215 10
v 98.60782623291016 5.132750034332275 0
v 98.60782623291016 5.132750034332275 10
v 98.24942779541016 6.451666831970215 10
v 98.60782623291016 5.132750034332275 0
v 99.11577606201172 3.952666759490967 0
v 98.60782623291016 5.132750034332275 10
v 99.11577606201172 3.952666759490967 0
v 99.11577606201172 3.952666759490967 10
v 98.60782623291016 5.132750034332275 10
v 99.11577606201172 3.952666759490967 0
v 99.77685546875 2.91141676902771 0
v 99.11577606201172 3.952666759490967 10
v 99.77685546875 2.91141676902771 0
v 99.77685546875 2.91141676902771 10
v 99.11577606201172 3.952666759490967 10
v 99.77685546875 2.91141676902771 0
v 100.5946273803711 2.009000062942505 0
v 99.77685546875 2.91141676902771 10
v 100.5946273803711 2.009000062942505 0
v 100.5946273803711 2.009000062942505 10
v 99.77685546875 2.91141676902771 10
v 100.5946273803711 2.009000062942505 0
v 101.57266998291016 1.2454166412353516 0
v 100.5946273803711 2.009000062942505 10
v 101.57266998291016 1.2454166412353516 0
v 101.57266998291016 1.2454166412353516 10
v 100.5946273803711 2.009000062942505 10
v 101.57266998291016 1.2454166412353516 0
v 102.71455383300781 0.6206666827201843 0
v 101.57266998291016 1.2454166412353516 10
v 102.71455383300781 0.6206666827201843 0
v 102.71455383300781 0.6206666827201843 10
v 101.57266998291016 1.2454166412353516 10
v 102.71455383300781 0.6206666827201843 0
v 104.02385711669922 0.13474999368190765 0
v 102.71455383300781 0.6206666827201843 10
v 104.02385711669922 0.13474999368190765 0
v 104.02385711669922 0.13474999368190765 10
v 102.71455383300781 0.6206666827201843 10
v 104.02385711669922 0.13474999368190765 0
v 105.504150390625 -0.2123333364725113 0
v 104.02385711669922 0.13474999368190765 10
v 105.504150390625 -0.2123333364725113 0
v 105.504150390625 -0.2123333364725113 10
v 104.02385711669922 0.13474999368190765 10
v 105.504150390625 -0.2123333364725113 0
v 107.15901184082031 -0.4205833375453949 0
v 105.504150390625 -0.2123333364725113 10
v 107.15901184082031 -0.4205833375453949 0
v 107.15901184082031 -0.4205833375453949 10
v 105.504150390625 -0.2123333364725113 10
v 107.15901184082031 -0.4205833375453949 0
v 108.99199676513672 -0.49000000953674316 0
v 107.15901184082031 -0.4205833375453949 10
v 108.99199676513672 -0.49000000953674316 0
v 108.99199676513672 -0.49000000953674316 10
v 107.15901184082031 -0.4205833375453949 10
v 108.99199676513672 -0.49000000953674316 0
v 109.65902709960938 -0.48597338795661926 0
v 108.99199676513672 -0.49000000953674316 10
v 109.65902709960938 -0.48597338795661926 0
v 109.65902709960938 -0.48597338795661926 10
v 108.99199676513672 -0.49000000953674316 10
v 109.65902709960938 -0.48597338795661926 0
v 110.2898178100586 -0.4741203784942627 0
v 109.65902709960938 -0.48597338795661926 10
v 110.2898178100586 -0.4741203784942627 0
v 110.2898178100586 -0.4741203784942627 10
v 109.65902709960938 -0.48597338795661926 10
v 110.2898178100586 -0.4741203784942627 0
v 110.88692474365234 -0.45478126406669617 0
v 110.2898178100586 -0.4741203784942627 10
v 110.88692474365234 -0.45478126406669617 0
v 110.88692474365234 -0.45478126406669617 10
v 110.2898178100586 -0.4741203784942627 10
v 110.88692474365234 -0.45478126406669617 0
v 111.45288848876953 -0.42829629778862 0
v 110.88692474365234 -0.45478126406669617 10
v 111.45288848876953 -0.42829629778862 0
v 111.45288848876953 -0.42829629778862 10
v 110.88692474365234 -0.45478126406669617 10
v 111.45288848876953 -0.42829629778862 0
v 111.99027252197266 -0.3950057923793793 0
v 111.45288848876953 -0.42829629778862 10
v 111.99027252197266 -0.3950057923793793 0
v 111.99027252197266 -0.3950057923793793 10
v 111.45288848876953 -0.42829629778862 10
v 111.99027252197266 -0.3950057923793793 0
v 112.50162506103516 -0.3552500009536743 0
v 111.99027252197266 -0.3950057923793793 10
v 112.50162506103516 -0.3552500009536743 0
v 112.50162506103516 -0.3552500009536743 10
v 111.99027252197266 -0.3950057923793793 10
v 112.50162506103516 -0.3552500009536743 0
v 112.989501953125 -0.30936920642852783 0
v 112.50162506103516 -0.3552500009536743 10
v 112.989501953125 -0.30936920642852783 0
v 112.989501953125 -0.30936920642852783 10
v 112.50162506103516 -0.3552500009536743 10
v 112.989501953125 -0.30936920642852783 0
v 113.4564437866211 -0.2577036917209625 0
v 112.989501953125 -0.30936920642852783 10
v 113.4564437866211 -0.2577036917209625 0
v 113.4564437866211 -0.2577036917209625 10
v 112.989501953125 -0.30936920642852783 10
v 113.4564437866211 -0.2577036917209625 0
v 113.90501403808594 -0.2005937546491623 0
v 113.4564437866211 -0.2577036917209625 10
v 113.90501403808594 -0.2005937546491623 0
v 113.90501403808594 -0.2005937546491623 10
v 113.4564437866211 -0.2577036917209625 10
v 113.90501403808594 -0.2005937546491623 0
v 114.33776092529297 -0.13837963342666626 0
v 113.90501403808594 -0.2005937546491623 10
v 114.33776092529297 -0.13837963342666626 0
v 114.33776092529297 -0.13837963342666626 10
v 113.90501403808594 -0.2005937546491623 10
v 114.33776092529297 -0.13837963342666626 0
v 114.75724029541016 -0.07140161842107773 0
v 114.33776092529297 -0.13837963342666626 10
v 114.75724029541016 -0.07140161842107773 0
v 114.75724029541016 -0.07140161842107773 10
v 114.33776092529297 -0.13837963342666626 10
v 114.75724029541016 -0.07140161842107773 0
v 115.16600036621094 0 0
v 114.75724029541016 -0.07140161842107773 10
v 115.16600036621094 0 0
v 115.16600036621094 0 10
v 114.75724029541016 -0.07140161842107773 10
v 115.16600036621094 0 0
v 115.16600036621094 4.066999912261963 0
v 115.16600036621094 0 10
v 115.16600036621094 4.066999912261963 0
v 115.16600036621094 4.066999912261963 10
v 115.16600036621094 0 10
v 115.16600036621094 4.066999912261963 0
v 114.69454193115234 4.0068559646606445 0
v 115.16600036621094 4.066999912261963 10
v 114.69454193115234 4.0068559646606445 0
v 114.69454193115234 4.0068559646606445 10
v 115.16600036621094 4.066999912261963 10
v 114.69454193115234 4.0068559646606445 0
v 114.2322769165039 3.94926381111145 0
v 114.69454193115234 4.0068559646606445 10
v 114.2322769165039 3.94926381111145 0
v 114.2322769165039 3.94926381111145 10
v 114.69454193115234 4.0068559646606445 10
v 114.2322769165039 3.94926381111145 0
v 113.77409362792969 3.8947343826293945 0
v 114.2322769165039 3.94926381111145 10
v 113.77409362792969 3.8947343826293945 0
v 113.77409362792969 3.8947343826293945 10
v 114.2322769165039 3.94926381111145 10
v 113.77409362792969 3.8947343826293945 0
v 113.31488800048828 3.843777894973755 0
v 113.77409362792969 3.8947343826293945 10
v 113.31488800048828 3.843777894973755 0
v 113.31488800048828 3.843777894973755 10
v 113.77409362792969 3.8947343826293945 10
v 113.31488800048828 3.843777894973755 0
v 112.84955596923828 3.7969045639038086 0
v 113.31488800048828 3.843777894973755 10
v 112.84955596923828 3.7969045639038086 0
v 112.84955596923828 3.7969045639038086 10
v 113.31488800048828 3.843777894973755 10
v 112.84955596923828 3.7969045639038086 0
v 112.37300109863281 3.754625082015991 0
v 112.84955596923828 3.7969045639038086 10
v 112.37300109863281 3.754625082015991 0
v 112.37300109863281 3.754625082015991 10
v 112.84955596923828 3.7969045639038086 10
v 112.37300109863281 3.754625082015991 0
v 111.8801040649414 3.71744966506958 0
v 112.37300109863281 3.754625082015991 10
v 111.8801040649414 3.71744966506958 0
v 111.8801040649414 3.71744966506958 10
v 112.37300109863281 3.754625082015991 10
v 111.8801040649414 3.71744966506958 0
v 111.36577606201172 3.6858890056610107 0
v 111.8801040649414 3.71744966506958 10
v 111.36577606201172 3.6858890056610107 0
v 111.36577606201172 3.6858890056610107 10
v 111.8801040649414 3.71744966506958 10
v 111.36577606201172 3.6858890056610107 0
v 110.82490539550781 3.6604530811309814 0
v 111.36577606201172 3.6858890056610107 10
v 110.82490539550781 3.6604530811309814 0
v 110.82490539550781 3.6604530811309814 10
v 111.36577606201172 3.6858890056610107 10
v 110.82490539550781 3.6604530811309814 0
v 110.25238800048828 3.641652822494507 0
v 110.82490539550781 3.6604530811309814 10
v 110.25238800048828 3.641652822494507 0
v 110.25238800048828 3.641652822494507 10
v 110.82490539550781 3.6604530811309814 10
v 110.25238800048828 3.641652822494507 0
v 109.64311981201172 3.629998207092285 0
v 110.25238800048828 3.641652822494507 10
v 109.64311981201172 3.629998207092285 0
v 109.64311981201172 3.629998207092285 10
v 110.25238800048828 3.641652822494507 10
v 109.64311981201172 3.629998207092285 0
v 108.99199676513672 3.625999927520752 0
v 109.64311981201172 3.629998207092285 10
v 108.99199676513672 3.625999927520752 0
v 108.99199676513672 3.625999927520752 10
v 109.64311981201172 3.629998207092285 10
v 108.99199676513672 3.625999927520752 0
v 107.86820220947266 3.660566568374634 0
v 108.99199676513672 3.625999927520752 10
v 107.86820220947266 3.660566568374634 0
v 107.86820220947266 3.660566568374634 10
v 108.99199676513672 3.625999927520752 10
v 107.86820220947266 3.660566568374634 0
v 106.86980438232422 3.76778244972229 0
v 107.86820220947266 3.660566568374634 10
v 106.86980438232422 3.76778244972229 0
v 106.86980438232422 3.76778244972229 10
v 107.86820220947266 3.660566568374634 10
v 106.86980438232422 3.76778244972229 0
v 105.99151611328125 3.9529218673706055 0
v 106.86980438232422 3.76778244972229 10
v 105.99151611328125 3.9529218673706055 0
v 105.99151611328125 3.9529218673706055 10
v 106.86980438232422 3.76778244972229 10
v 105.99151611328125 3.9529218673706055 0
v 105.22807312011719 4.221259117126465 0
v 105.99151611328125 3.9529218673706055 10
v 105.22807312011719 4.221259117126465 0
v 105.22807312011719 4.221259117126465 10
v 105.99151611328125 3.9529218673706055 10
v 105.22807312011719 4.221259117126465 0
v 104.57420349121094 4.578068733215332 0
v 105.22807312011719 4.221259117126465 10
v 104.57420349121094 4.578068733215332 0
v 104.57420349121094 4.578068733215332 10
v 105.22807312011719 4.221259117126465 10
v 104.57420349121094 4.578068733215332 0
v 104.02462768554688 5.028625011444092 0
v 104.57420349121094 4.578068733215332 10
v 104.02462768554688 5.028625011444092 0
v 104.02462768554688 5.028625011444092 10
v 104.57420349121094 4.578068733215332 10
v 104.02462768554688 5.028625011444092 0
v 103.57406616210938 5.578201770782471 0
v 104.02462768554688 5.028625011444092 10
v 103.57406616210938 5.578201770782471 0
v 103.57406616210938 5.578201770782471 10
v 104.02462768554688 5.028625011444092 10
v 103.57406616210938 5.578201770782471 0
v 103.2172622680664 6.23207426071167 0
v 103.57406616210938 5.578201770782471 10
v 103.2172622680664 6.23207426071167 0
v 103.2172622680664 6.23207426071167 10
v 103.57406616210938 5.578201770782471 10
v 103.2172622680664 6.23207426071167 0
v 102.94892120361328 6.995515823364258 0
v 103.2172622680664 6.23207426071167 10
v 102.94892120361328 6.995515823364258 0
v 102.94892120361328 6.995515823364258 10
v 103.2172622680664 6.23207426071167 10
v 102.94892120361328 6.995515823364258 0
v 102.76377868652344 7.873800754547119 0
v 102.94892120361328 6.995515823364258 10
v 102.76377868652344 7.873800754547119 0
v 102.76377868652344 7.873800754547119 10
v 102.94892120361328 6.995515823364258 10
v 102.76377868652344 7.873800754547119 0
v 102.65656280517578 8.872203826904297 0
v 102.76377868652344 7.873800754547119 10
v 102.65656280517578 8.872203826904297 0
v 102.65656280517578 8.872203826904297 10
v 102.76377868652344 7.873800754547119 10
v 102.65656280517578 8.872203826904297 0
v 102.62200164794922 9.996000289916992 0
v 102.65656280517578 8.872203826904297 10
v 102.62200164794922 9.996000289916992 0
v 102.62200164794922 9.996000289916992 10
v 102.65656280517578 8.872203826904297 10
v 102.62200164794922 9.996000289916992 0
v 102.62200164794922 22.049999237060547 0
v 102.62200164794922 9.996000289916992 10
v 102.62200164794922 22.049999237060547 0
v 102.62200164794922 22.049999237060547 10
v 102.62200164794922 9.996000289916992 10
v 102.62200164794922 22.049999237060547 0
v 115.06800079345703 22.049999237060547 0
v 102.62200164794922 22.049999237060547 10
v 115.06800079345703 22.049999237060547 0
v 115.06800079345703 22.049999237060547 10
v 102.62200164794922 22.049999237060547 10
v 115.06800079345703 22.049999237060547 0
v 115.06800079345703 25.969999313354492 0
v 115.06800079345703 22.049999237060547 10
v 115.06800079345703 25.969999313354492 0
v 115.06800079345703 25.969999313354492 10
v 115.06800079345703 22.049999237060547 10
v 115.06800079345703 25.969999313354492 0
v 102.62200164794922 25.969999313354492 0
v 115.06800079345703 25.969999313354492 10
v 102.62200164794922 25.969999313354492 0
v 102.62200164794922 25.969999313354492 10
v 115.06800079345703 25.969999313354492 10
vt 38.61199951171875 4.263000011444092
vt 38.61199951171875 0
vt 4.066999912261963 0
vt 35.132999420166016 20.285999298095703
vt 35.132999420166016 16.023000717163086
vt 8.918000221252441 16.023000717163086
vt 37.534000396728516 35.77000045776367
vt 37.534000396728516 31.506999969482422
vt 8.918000221252441 31.506999969482422
vt 8.918000221252441 4.263000011444092
vt 38.61199951171875 4.263000011444092
vt 4.066999912261963 0
vt 8.918000221252441 20.285999298095703
vt 35.132999420166016 20.285999298095703
vt 8.918000221252441 16.023000717163086
vt 4.066999912261963 35.77000045776367
vt 37.534000396728516 35.77000045776367
vt 8.918000221252441 31.506999969482422
vt 8.918000221252441 4.263000011444092
vt 4.066999912261963 0
vt 4.066999912261963 35.77000045776367
vt 4.066999912261963 35.77000045776367
vt 8.918000221252441 31.506999969482422
vt 8.918000221252441 20.285999298095703
vt 8.918000221252441 16.023000717163086
vt 8.918000221252441 4.263000011444092
vt 4.066999912261963 35.77000045776367
vt 4.066999912261963 35.77000045776367
vt 8.918000221252441 20.285999298095703
vt 8.918000221252441 16.023000717163086
vt 4.066999912261963 0
vt 38.61199951171875 0
vt 38.61199951171875 4.263000011444092
vt 8.918000221252441 16.023000717163086
vt 35.132999420166016 16.023000717163086
vt 35.132999420166016 20.285999298095703
vt 8.918000221252441 31.506999969482422
vt 37.534000396728516 31.506999969482422
vt 37.534000396728516 35.77000045776367
vt 4.066999912261963 0
vt 38.61199951171875 4.263000011444092
vt 8.918000221252441 4.263000011444092
vt 8.918000221252441 16.023000717163086
vt 35.132999420166016 20.285999298095703
vt 8.918000221252441 20.285999298095703
vt 8.918000221252441 31.506999969482422
vt 37.534000396728516 35.77000045776367
vt 4.066999912261963 35.77000045776367
vt 4.066999912261963 35.77000045776367
vt 4.066999912261963 0
vt 8.918000221252441 4.263000011444092
vt 8.918000221252441 20.285999298095703
vt 8.918000221252441 31.506999969482422
vt 4.066999912261963 35.77000045776367
vt 4.066999912261963 35.77000045776367
vt 8.918000221252441 4.263000011444092
vt 8.918000221252441 16.023000717163086
vt 8.918000221252441 16.023000717163086
vt 8.918000221252441 20.285999298095703
vt 4.066999912261963 35.77000045776367
vt 38.61199951171875 1
vt 8.918000221252441 1
vt 38.61199951171875 -9
vt 8.918000221252441 1
vt 8.918000221252441 -9
vt 38.61199951171875 -9
vt 4.263000011444092 1
vt 16.023000717163086 1
vt 4.263000011444092 -9
vt 16.023000717163086 1
vt 16.023000717163086 -9
vt 4.263000011444092 -9
vt 8.918000221252441 1
vt 35.132999420166016 1
vt 8.918000221252441 -9
vt 35.132999420166016 1
vt 35.132999420166016 -9
vt 8.918000221252441 -9
vt 16.023000717163086 1
vt 20.285999298095703 1
vt 16.023000717163086 -9
vt 20.285999298095703 1
vt 20.285999298095703 -9
vt 16.023000717163086 -9
vt 35.132999420166016 1
vt 8.918000221252441 1
vt 35.132999420166016 -9
vt 8.918000221252441 1
vt 8.918000221252441 -9
vt 35.132999420166016 -9
vt 20.285999298095703 1
vt 31.506999969482422 1
vt 20.285999298095703 -9
vt 31.506999969482422 1
vt 31.506999969482422 -9
vt 20.285999298095703 -9
vt 8.918000221252441 1
vt 37.534000396728516 1
vt 8.918000221252441 -9
vt 37.534000396728516 1
vt 37.534000396728516 -9
vt 8.918000221252441 -9
vt 31.506999969482422 1
vt 35.77000045776367 1
vt 31.506999969482422 -9
vt 35.77000045776367 1
vt 35.77000045776367 -9
vt 31.506999969482422 -9
vt 37.534000396728516 1
vt 4.066999912261963 1
vt 37.534000396728516 -9
vt 4.066999912261963 1
vt 4.066999912261963 -9
vt 37.534000396728516 -9
vt 35.77000045776367 1
vt 0 1
vt 35.77000045776367 -9
vt 0 1
vt 0 -9
vt 35.77000045776367 -9
vt 4.066999912261963 1
vt 38.61199951171875 1
vt 4.066999912261963 -9
vt 38.61199951171875 1
vt 38.61199951171875 -9
vt 4.066999912261963 -9
vt 0 1
vt 4.263000011444092 1
vt 0 -9
vt 4.263000011444092 1
vt 4.263000011444092 -9
vt 0 -9
vt 68.3219985961914 25.969999313354492
vt 74.79000091552734 25.969999313354492
vt 61.65800094604492 13.279000282287598
vt 41.617000579833984 25.969999313354492
vt 48.0359992980957 25.969999313354492
vt 58.17900085449219 15.87600040435791
vt 47.448001861572266 0
vt 40.88199996948242 0
vt 54.6510009765625 13.229999542236328
vt 75.427001953125 0
vt 68.86100006103516 0
vt 58.17900085449219 10.583999633789062
vt 58.17900085449219 15.87600040435791
vt 68.3219985961914 25.969999313354492
vt 61.65800094604492 13.279000282287598
vt 54.6510009765625 13.229999542236328
vt 41.617000579833984 25.969999313354492
vt 58.17900085449219 15.87600040435791
vt 58.17900085449219 10.583999633789062
vt 47.448001861572266 0
vt 54.6510009765625 13.229999542236328
vt 61.65800094604492 13.279000282287598
vt 75.427001953125 0
vt 58.17900085449219 10.583999633789062
vt 54.6510009765625 13.229999542236328
vt 58.17900085449219 15.87600040435791
vt 61.65800094604492 13.279000282287598
vt 61.65800094604492 13.279000282287598
vt 58.17900085449219 10.583999633789062
vt 54.6510009765625 13.229999542236328
vt 61.65800094604492 13.279000282287598
vt 74.79000091552734 25.969999313354492
vt 68.3219985961914 25.969999313354492
vt 58.17900085449219 15.87600040435791
vt 48.0359992980957 25.969999313354492
vt 41.617000579833984 25.969999313354492
vt 54.6510009765625 13.229999542236328
vt 40.88199996948242 0
vt 47.448001861572266 0
vt 58.17900085449219 10.583999633789062
vt 68.86100006103516 0
vt 75.427001953125 0
vt 61.65800094604492 13.279000282287598
vt 68.3219985961914 25.969999313354492
vt 58.17900085449219 15.87600040435791
vt 58.17900085449219 15.87600040435791
vt 41.617000579833984 25.969999313354492
vt 54.6510009765625 13.229999542236328
vt 54.6510009765625 13.229999542236328
vt 47.448001861572266 0
vt 58.17900085449219 10.583999633789062
vt 58.17900085449219 10.583999633789062
vt 75.427001953125 0
vt 61.65800094604492 13.279000282287598
vt 61.65800094604492 13.279000282287598
vt 58.17900085449219 15.87600040435791
vt 54.6510009765625 13.229999542236328
vt 54.6510009765625 13.229999542236328
vt 58.17900085449219 10.583999633789062
vt 61.65800094604492 13.279000282287598
vt 74.79000091552734 1
vt 68.3219985961914 1
vt 74.79000091552734 -9
vt 68.3219985961914 1
vt 68.3219985961914 -9
vt 74.79000091552734 -9
vt 68.3219985961914 1
vt 58.17900085449219 1
vt 68.3219985961914 -9
vt 58.17900085449219 1
vt 58.17900085449219 -9
vt 68.3219985961914 -9
vt 58.17900085449219 1
vt 48.0359992980957 1
vt 58.17900085449219 -9
vt 48.0359992980957 1
vt 48.0359992980957 -9
vt 58.17900085449219 -9
vt 48.0359992980957 1
vt 41.617000579833984 1
vt 48.0359992980957 -9
vt 41.617000579833984 1
vt 41.617000579833984 -9
vt 48.0359992980957 -9
vt 41.617000579833984 1
vt 54.6510009765625 1
vt 41.617000579833984 -9
vt 54.6510009765625 1
vt 54.6510009765625 -9
vt 41.617000579833984 -9
vt 54.6510009765625 1
vt 40.88199996948242 1
vt 54.6510009765625 -9
vt 40.88199996948242 1
vt 40.88199996948242 -9
vt 54.6510009765625 -9
vt 40.88199996948242 1
vt 47.448001861572266 1
vt 40.88199996948242 -9
vt 47.448001861572266 1
vt 47.448001861572266 -9
vt 40.88199996948242 -9
vt 47.448001861572266 1
vt 58.17900085449219 1
vt 47.448001861572266 -9
vt 58.17900085449219 1
vt 58.17900085449219 -9
vt 47.448001861572266 -9
vt 58.17900085449219 1
vt 68.86100006103516 1
vt 58.17900085449219 -9
vt 68.86100006103516 1
vt 68.86100006103516 -9
vt 58.17900085449219 -9
vt 68.86100006103516 1
vt 75.427001953125 1
vt 68.86100006103516 -9
vt 75.427001953125 1
vt 75.427001953125 -9
vt 68.86100006103516 -9
vt 75.427001953125 1
vt 61.65800094604492 1
vt 75.427001953125 -9
vt 61.65800094604492 1
vt 61.65800094604492 -9
vt 75.427001953125 -9
vt 61.65800094604492 1
vt 74.79000091552734 1
vt 61.65800094604492 -9
vt 74.79000091552734 1
vt 74.79000091552734 -9
vt 61.65800094604492 -9
vt 85.57777404785156 33.65233612060547
vt 85.60399627685547 33.22200012207031
vt 85.57777404785156 32.78040313720703
vt 85.37355041503906 34.44087600708008
vt 85.50032806396484 34.05953598022461
vt 85.57777404785156 33.65233612060547
vt 84.97944641113281 35.11507797241211
vt 85.19929504394531 34.79362869262695
vt 85.37355041503906 34.44087600708008
vt 84.41044616699219 35.65317153930664
vt 84.71587371826172 35.40250015258789
vt 84.97944641113281 35.11507797241211
vt 83.6815185546875 36.03337478637695
vt 84.0650405883789 35.86437225341797
vt 84.41044616699219 35.65317153930664
vt 82.80762481689453 36.23391342163086
vt 83.26175689697266 36.15746307373047
vt 83.6815185546875 36.03337478637695
vt 81.8231201171875 36.23391342163086
vt 82.32099914550781 36.2599983215332
vt 82.80762481689453 36.23391342163086
vt 80.93215942382812 36.03337478637695
vt 81.35960388183594 36.15746307373047
vt 81.8231201171875 36.23391342163086
vt 80.19227600097656 35.65317153930664
vt 80.54248046875 35.86437225341797
vt 80.93215942382812 36.03337478637695
vt 79.61709594726562 35.11507797241211
vt 79.88324737548828 35.40250015258789
vt 80.19227600097656 35.65317153930664
vt 79.22022247314453 34.44087600708008
vt 79.39551544189453 34.79362869262695
vt 79.61709594726562 35.11507797241211
vt 79.0152587890625 33.65233612060547
vt 79.0928955078125 34.05953598022461
vt 79.22022247314453 34.44087600708008
vt 79.0152587890625 32.78040313720703
vt 78.98899841308594 33.22200012207031
vt 79.0152587890625 33.65233612060547
vt 79.22022247314453 31.974796295166016
vt 79.0928955078125 32.36381912231445
vt 79.0152587890625 32.78040313720703
vt 79.61709594726562 31.289648056030273
vt 79.39551544189453 31.615888595581055
vt 79.22022247314453 31.974796295166016
vt 80.19227600097656 30.745372772216797
vt 79.88324737548828 30.998624801635742
vt 79.61709594726562 31.289648056030273
vt 80.93215942382812 30.362390518188477
vt 80.54248046875 30.53244400024414
vt 80.19227600097656 30.745372772216797
vt 81.8231201171875 30.161115646362305
vt 81.35960388183594 30.237764358520508
vt 80.93215942382812 30.362390518188477
vt 82.80762481689453 30.161115646362305
vt 82.32099914550781 30.135000228881836
vt 81.8231201171875 30.161115646362305
vt 83.6815185546875 30.362390518188477
vt 83.26175689697266 30.237764358520508
vt 82.80762481689453 30.161115646362305
vt 84.41044616699219 30.745372772216797
vt 84.0650405883789 30.53244400024414
vt 83.6815185546875 30.362390518188477
vt 84.97944641113281 31.289648056030273
vt 84.71587371826172 30.998624801635742
vt 84.41044616699219 30.745372772216797
vt 85.37355041503906 31.974796295166016
vt 85.19929504394531 31.615888595581055
vt 84.97944641113281 31.289648056030273
vt 85.57777404785156 32.78040313720703
vt 85.50032806396484 32.36381912231445
vt 85.37355041503906 31.974796295166016
vt 85.37355041503906 34.44087600708008
vt 85.57777404785156 33.65233612060547
vt 85.57777404785156 32.78040313720703
vt 84.41044616699219 35.65317153930664
vt 84.97944641113281 35.11507797241211
vt 85.37355041503906 34.44087600708008
vt 82.80762481689453 36.23391342163086
vt 83.6815185546875 36.03337478637695
vt 84.41044616699219 35.65317153930664
vt 80.93215942382812 36.03337478637695
vt 81.8231201171875 36.23391342163086
vt 82.80762481689453 36.23391342163086
vt 79.61709594726562 35.11507797241211
vt 80.19227600097656 35.65317153930664
vt 80.93215942382812 36.03337478637695
vt 79.0152587890625 33.65233612060547
vt 79.22022247314453 34.44087600708008
vt 79.61709594726562 35.11507797241211
vt 79.22022247314453 31.974796295166016
vt 79.0152587890625 32.78040313720703
vt 79.0152587890625 33.65233612060547
vt 80.19227600097656 30.745372772216797
vt 79.61709594726562 31.289648056030273
vt 79.22022247314453 31.974796295166016
vt 81.8231201171875 30.161115646362305
vt 80.93215942382812 30.362390518188477
vt 80.19227600097656 30.745372772216797
vt 83.6815185546875 30.362390518188477
vt 82.80762481689453 30.161115646362305
vt 81.8231201171875 30.161115646362305
vt 84.97944641113281 31.289648056030273
vt 84.41044616699219 30.745372772216797
vt 83.6815185546875 30.362390518188477
vt 85.57777404785156 32.78040313720703
vt 85.37355041503906 31.974796295166016
vt 84.97944641113281 31.289648056030273
vt 84.41044616699219 35.65317153930664
vt 85.37355041503906 34.44087600708008
vt 85.57777404785156 32.78040313720703
vt 80.93215942382812 36.03337478637695
vt 82.80762481689453 36.23391342163086
vt 84.41044616699219 35.65317153930664
vt 79.0152587890625 33.65233612060547
vt 79.61709594726562 35.11507797241211
vt 80.93215942382812 36.03337478637695
vt 80.19227600097656 30.745372772216797
vt 79.22022247314453 31.974796295166016
vt 79.0152587890625 33.65233612060547
vt 83.6815185546875 30.362390518188477
vt 81.8231201171875 30.161115646362305
vt 80.19227600097656 30.745372772216797
vt 85.57777404785156 32.78040313720703
vt 84.97944641113281 31.289648056030273
vt 83.6815185546875 30.362390518188477
vt 80.93215942382812 36.03337478637695
vt 84.41044616699219 35.65317153930664
vt 85.57777404785156 32.78040313720703
vt 80.19227600097656 30.745372772216797
vt 79.0152587890625 33.65233612060547
vt 80.93215942382812 36.03337478637695
vt 85.57777404785156 32.78040313720703
vt 83.6815185546875 30.362390518188477
vt 80.19227600097656 30.745372772216797
vt 80.19227600097656 30.745372772216797
vt 80.93215942382812 36.03337478637695
vt 85.57777404785156 32.78040313720703
vt 85.57777404785156 32.78040313720703
vt 85.60399627685547 33.22200012207031
vt 85.57777404785156 33.65233612060547
vt 85.57777404785156 33.65233612060547
vt 85.50032806396484 34.05953598022461
vt 85.37355041503906 34.44087600708008
vt 85.37355041503906 34.44087600708008
vt 85.19929504394531 34.79362869262695
vt 84.97944641113281 35.11507797241211
vt 84.97944641113281 35.11507797241211
vt 84.71587371826172 35.40250015258789
vt 84.41044616699219 35.65317153930664
vt 84.41044616699219 35.65317153930664
vt 84.0650405883789 35.86437225341797
vt 83.6815185546875 36.03337478637695
vt 83.6815185546875 36.03337478637695
vt 83.26175689697266 36.15746307373047
vt 82.80762481689453 36.23391342163086
vt 82.80762481689453 36.23391342163086
vt 82.32099914550781 36.2599983215332
vt 81.8231201171875 36.23391342163086
vt 81.8231201171875 36.23391342163086
vt 81.35960388183594 36.15746307373047
vt 80.93215942382812 36.03337478637695
vt 80.93215942382812 36.03337478637695
vt 80.54248046875 35.86437225341797
vt 80.19227600097656 35.65317153930664
vt 80.19227600097656 35.65317153930664
vt 79.88324737548828 35.40250015258789
vt 79.61709594726562 35.11507797241211
vt 79.61709594726562 35.11507797241211
vt 79.39551544189453 34.79362869262695
vt 79.22022247314453 34.44087600708008
vt 79.22022247314453 34.44087600708008
vt 79.0928955078125 34.05953598022461
vt 79.0152587890625 33.65233612060547
vt 79.0152587890625 33.65233612060547
vt 78.98899841308594 33.22200012207031
vt 79.0152587890625 32.78040313720703
vt 79.0152587890625 32.78040313720703
vt 79.0928955078125 32.36381912231445
vt 79.22022247314453 31.974796295166016
vt 79.22022247314453 31.974796295166016
vt 79.39551544189453 31.615888595581055
vt 79.61709594726562 31.289648056030273
vt 79.61709594726562 31.289648056030273
vt 79.88324737548828 30.998624801635742
vt 80.19227600097656 30.745372772216797
vt 80.19227600097656 30.745372772216797
vt 80.54248046875 30.53244400024414
vt 80.93215942382812 30.362390518188477
vt 80.93215942382812 30.362390518188477
vt 81.35960388183594 30.237764358520508
vt 81.8231201171875 30.161115646362305
vt 81.8231201171875 30.161115646362305
vt 82.32099914550781 30.135000228881836
vt 82.80762481689453 30.161115646362305
vt 82.80762481689453 30.161115646362305
vt 83.26175689697266 30.237764358520508
vt 83.6815185546875 30.362390518188477
vt 83.6815185546875 30.362390518188477
vt 84.0650405883789 30.53244400024414
vt 84.41044616699219 30.745372772216797
vt 84.41044616699219 30.745372772216797
vt 84.71587371826172 30.998624801635742
vt 84.97944641113281 31.289648056030273
vt 84.97944641113281 31.289648056030273
vt 85.19929504394531 31.615888595581055
vt 85.37355041503906 31.974796295166016
vt 85.37355041503906 31.974796295166016
vt 85.50032806396484 32.36381912231445
vt 85.57777404785156 32.78040313720703
vt 85.57777404785156 32.78040313720703
vt 85.57777404785156 33.65233612060547
vt 85.37355041503906 34.44087600708008
vt 85.37355041503906 34.44087600708008
vt 84.97944641113281 35.11507797241211
vt 84.41044616699219 35.65317153930664
vt 84.41044616699219 35.65317153930664
vt 83.6815185546875 36.03337478637695
vt 82.80762481689453 36.23391342163086
vt 82.80762481689453 36.23391342163086
vt 81.8231201171875 36.23391342163086
vt 80.93215942382812 36.03337478637695
vt 80.93215942382812 36.03337478637695
vt 80.19227600097656 35.65317153930664
vt 79.61709594726562 35.11507797241211
vt 79.61709594726562 35.11507797241211
vt 79.22022247314453 34.44087600708008
vt 79.0152587890625 33.65233612060547
vt 79.0152587890625 33.65233612060547
vt 79.0152587890625 32.78040313720703
vt 79.22022247314453 31.974796295166016
vt 79.22022247314453 31.974796295166016
vt 79.61709594726562 31.289648056030273
vt 80.19227600097656 30.745372772216797
vt 80.19227600097656 30.745372772216797
vt 80.93215942382812 30.362390518188477
vt 81.8231201171875 30.161115646362305
vt 81.8231201171875 30.161115646362305
vt 82.80762481689453 30.161115646362305
vt 83.6815185546875 30.362390518188477
vt 83.6815185546875 30.362390518188477
vt 84.41044616699219 30.745372772216797
vt 84.97944641113281 31.289648056030273
vt 84.97944641113281 31.289648056030273
vt 85.37355041503906 31.974796295166016
vt 85.57777404785156 32.78040313720703
vt 85.57777404785156 32.78040313720703
vt 85.37355041503906 34.44087600708008
vt 84.41044616699219 35.65317153930664
vt 84.41044616699219 35.65317153930664
vt 82.80762481689453 36.23391342163086
vt 80.93215942382812 36.03337478637695
vt 80.93215942382812 36.03337478637695
vt 79.61709594726562 35.11507797241211
vt 79.0152587890625 33.65233612060547
vt 79.0152587890625 33.65233612060547
vt 79.22022247314453 31.974796295166016
vt 80.19227600097656 30.745372772216797
vt 80.19227600097656 30.745372772216797
vt 81.8231201171875 30.161115646362305
vt 83.6815185546875 30.362390518188477
vt 83.6815185546875 30.362390518188477
vt 84.97944641113281 31.289648056030273
vt 85.57777404785156 32.78040313720703
vt 85.57777404785156 32.78040313720703
vt 84.41044616699219 35.65317153930664
vt 80.93215942382812 36.03337478637695
vt 80.93215942382812 36.03337478637695
vt 79.0152587890625 33.65233612060547
vt 80.19227600097656 30.745372772216797
vt 80.19227600097656 30.745372772216797
vt 83.6815185546875 30.362390518188477
vt 85.57777404785156 32.78040313720703
vt 85.57777404785156 32.78040313720703
vt 80.93215942382812 36.03337478637695
vt 80.19227600097656 30.745372772216797
vt 33.65233612060547 1
vt 34.05953598022461 1
vt 33.65233612060547 -9
vt 34.05953598022461 1
vt 34.05953598022461 -9
vt 33.65233612060547 -9
vt 34.05953598022461 1
vt 34.44087600708008 1
vt 34.05953598022461 -9
vt 34.44087600708008 1
vt 34.44087600708008 -9
vt 34.05953598022461 -9
vt 34.44087600708008 1
vt 34.79362869262695 1
vt 34.44087600708008 -9
vt 34.79362869262695 1
vt 34.79362869262695 -9
vt 34.44087600708008 -9
vt 34.79362869262695 1
vt 35.11507797241211 1
vt 34.79362869262695 -9
vt 35.11507797241211 1
vt 35.11507797241211 -9
vt 34.79362869262695 -9
vt 35.11507797241211 1
vt 35.40250015258789 1
vt 35.11507797241211 -9
vt 35.40250015258789 1
vt 35.40250015258789 -9
vt 35.11507797241211 -9
vt 84.71587371826172 1
vt 84.41044616699219 1
vt 84.71587371826172 -9
vt 84.41044616699219 1
vt 84.41044616699219 -9
vt 84.71587371826172 -9
vt 84.41044616699219 1
vt 84.0650405883789 1
vt 84.41044616699219 -9
vt 84.0650405883789 1
vt 84.0650405883789 -9
vt 84.41044616699219 -9
vt 84.0650405883789 1
vt 83.6815185546875 1
vt 84.0650405883789 -9
vt 83.6815185546875 1
vt 83.6815185546875 -9
vt 84.0650405883789 -9
vt 83.6815185546875 1
vt 83.26175689697266 1
vt 83.6815185546875 -9
vt 83.26175689697266 1
vt 83.26175689697266 -9
vt 83.6815185546875 -9
vt 83.26175689697266 1
vt 82.80762481689453 1
vt 83.26175689697266 -9
vt 82.80762481689453 1
vt 82.80762481689453 -9
vt 83.26175689697266 -9
vt 82.80762481689453 1
vt 82.32099914550781 1
vt 82.80762481689453 -9
vt 82.32099914550781 1
vt 82.32099914550781 -9
vt 82.80762481689453 -9
vt 82.32099914550781 1
vt 81.8231201171875 1
vt 82.32099914550781 -9
vt 81.8231201171875 1
vt 81.8231201171875 -9
vt 82.32099914550781 -9
vt 81.8231201171875 1
vt 81.35960388183594 1
vt 81.8231201171875 -9
vt 81.35960388183594 1
vt 81.35960388183594 -9
vt 81.8231201171875 -9
vt 81.35960388183594 1
vt 80.93215942382812 1
vt 81.35960388183594 -9
vt 80.93215942382812 1
vt 80.93215942382812 -9
vt 81.35960388183594 -9
vt 80.93215942382812 1
vt 80.54248046875 1
vt 80.93215942382812 -9
vt 80.54248046875 1
vt 80.54248046875 -9
vt 80.93215942382812 -9
vt 80.54248046875 1
vt 80.19227600097656 1
vt 80.54248046875 -9
vt 80.19227600097656 1
vt 80.19227600097656 -9
vt 80.54248046875 -9
vt 80.19227600097656 1
vt 79.88324737548828 1
vt 80.19227600097656 -9
vt 79.88324737548828 1
vt 79.88324737548828 -9
vt 80.19227600097656 -9
vt 35.40250015258789 1
vt 35.11507797241211 1
vt 35.40250015258789 -9
vt 35.11507797241211 1
vt 35.11507797241211 -9
vt 35.40250015258789 -9
vt 35.11507797241211 1
vt 34.79362869262695 1
vt 35.11507797241211 -9
vt 34.79362869262695 1
vt 34.79362869262695 -9
vt 35.11507797241211 -9
vt 34.79362869262695 1
vt 34.44087600708008 1
vt 34.79362869262695 -9
vt 34.44087600708008 1
vt 34.44087600708008 -9
vt 34.79362869262695 -9
vt 34.44087600708008 1
vt 34.05953598022461 1
vt 34.44087600708008 -9
vt 34.05953598022461 1
vt 34.05953598022461 -9
vt 34.44087600708008 -9
vt 34.05953598022461 1
vt 33.65233612060547 1
vt 34.05953598022461 -9
vt 33.65233612060547 1
vt 33.65233612060547 -9
vt 34.05953598022461 -9
vt 33.65233612060547 1
vt 33.22200012207031 1
vt 33.65233612060547 -9
vt 33.22200012207031 1
vt 33.22200012207031 -9
vt 33.65233612060547 -9
vt 33.22200012207031 1
vt 32.78040313720703 1
vt 33.22200012207031 -9
vt 32.78040313720703 1
vt 32.78040313720703 -9
vt 33.22200012207031 -9
vt 32.78040313720703 1
vt 32.36381912231445 1
vt 32.78040313720703 -9
vt 32.36381912231445 1
vt 32.36381912231445 -9
vt 32.78040313720703 -9
vt 32.36381912231445 1
vt 31.974796295166016 1
vt 32.36381912231445 -9
vt 31.974796295166016 1
vt 31.974796295166016 -9
vt 32.36381912231445 -9
vt 31.974796295166016 1
vt 31.615888595581055 1
vt 31.974796295166016 -9
vt 31.615888595581055 1
vt 31.615888595581055 -9
vt 31.974796295166016 -9
vt 31.615888595581055 1
vt 31.289648056030273 1
vt 31.615888595581055 -9
vt 31.289648056030273 1
vt 31.289648056030273 -9
vt 31.615888595581055 -9
vt 31.289648056030273 1
vt 30.998624801635742 1
vt 31.289648056030273 -9
vt 30.998624801635742 1
vt 30.998624801635742 -9
vt 31.289648056030273 -9
vt 79.88324737548828 1
vt 80.19227600097656 1
vt 79.88324737548828 -9
vt 80.19227600097656 1
vt 80.19227600097656 -9
vt 79.88324737548828 -9
vt 80.19227600097656 1
vt 80.54248046875 1
vt 80.19227600097656 -9
vt 80.54248046875 1
vt 80.54248046875 -9
vt 80.19227600097656 -9
vt 80.54248046875 1
vt 80.93215942382812 1
vt 80.54248046875 -9
vt 80.93215942382812 1
vt 80.93215942382812 -9
vt 80.54248046875 -9
vt 80.93215942382812 1
vt 81.35960388183594 1
vt 80.93215942382812 -9
vt 81.35960388183594 1
vt 81.35960388183594 -9
vt 80.93215942382812 -9
vt 81.35960388183594 1
vt 81.8231201171875 1
vt 81.35960388183594 -9
vt 81.8231201171875 1
vt 81.8231201171875 -9
vt 81.35960388183594 -9
vt 81.8231201171875 1
vt 82.32099914550781 1
vt 81.8231201171875 -9
vt 82.32099914550781 1
vt 82.32099914550781 -9
vt 81.8231201171875 -9
vt 82.32099914550781 1
vt 82.80762481689453 1
vt 82.32099914550781 -9
vt 82.80762481689453 1
vt 82.80762481689453 -9
vt 82.32099914550781 -9
vt 82.80762481689453 1
vt 83.26175689697266 1
vt 82.80762481689453 -9
vt 83.26175689697266 1
vt 83.26175689697266 -9
vt 82.80762481689453 -9
vt 83.26175689697266 1
vt 83.6815185546875 1
vt 83.26175689697266 -9
vt 83.6815185546875 1
vt 83.6815185546875 -9
vt 83.26175689697266 -9
vt 83.6815185546875 1
vt 84.0650405883789 1
vt 83.6815185546875 -9
vt 84.0650405883789 1
vt 84.0650405883789 -9
vt 83.6815185546875 -9
vt 84.0650405883789 1
vt 84.41044616699219 1
vt 84.0650405883789 -9
vt 84.41044616699219 1
vt 84.41044616699219 -9
vt 84.0650405883789 -9
vt 84.41044616699219 1
vt 84.71587371826172 1
vt 84.41044616699219 -9
vt 84.71587371826172 1
vt 84.71587371826172 -9
vt 84.41044616699219 -9
vt 30.998624801635742 1
vt 31.289648056030273 1
vt 30.998624801635742 -9
vt 31.289648056030273 1
vt 31.289648056030273 -9
vt 30.998624801635742 -9
vt 31.289648056030273 1
vt 31.615888595581055 1
vt 31.289648056030273 -9
vt 31.615888595581055 1
vt 31.615888595581055 -9
vt 31.289648056030273 -9
vt 31.615888595581055 1
vt 31.974796295166016 1
vt 31.615888595581055 -9
vt 31.974796295166016 1
vt 31.974796295166016 -9
vt 31.615888595581055 -9
vt 31.974796295166016 1
vt 32.36381912231445 1
vt 31.974796295166016 -9
vt 32.36381912231445 1
vt 32.36381912231445 -9
vt 31.974796295166016 -9
vt 32.36381912231445 1
vt 32.78040313720703 1
vt 32.36381912231445 -9
vt 32.78040313720703 1
vt 32.78040313720703 -9
vt 32.36381912231445 -9
vt 32.78040313720703 1
vt 33.22200012207031 1
vt 32.78040313720703 -9
vt 33.22200012207031 1
vt 33.22200012207031 -9
vt 32.78040313720703 -9
vt 33.22200012207031 1
vt 33.65233612060547 1
vt 33.22200012207031 -9
vt 33.65233612060547 1
vt 33.65233612060547 -9
vt 33.22200012207031 -9
vt 84.6240005493164 25.969999313354492
vt 84.6240005493164 0
vt 79.96900177001953 0
vt 79.96900177001953 0
vt 79.96900177001953 25.969999313354492
vt 84.6240005493164 25.969999313354492
vt 79.96900177001953 0
vt 84.6240005493164 0
vt 84.6240005493164 25.969999313354492
vt 84.6240005493164 25.969999313354492
vt 79.96900177001953 25.969999313354492
vt 79.96900177001953 0
vt 84.6240005493164 1
vt 79.96900177001953 1
vt 84.6240005493164 -9
vt 79.96900177001953 1
vt 79.96900177001953 -9
vt 84.6240005493164 -9
vt 25.969999313354492 1
vt 0 1
vt 25.969999313354492 -9
vt 0 1
vt 0 -9
vt 25.969999313354492 -9
vt 79.96900177001953 1
vt 84.6240005493164 1
vt 79.96900177001953 -9
vt 84.6240005493164 1
vt 84.6240005493164 -9
vt 79.96900177001953 -9
vt 0 1
vt 25.969999313354492 1
vt 0 -9
vt 25.969999313354492 1
vt 25.969999313354492 -9
vt 0 -9
vt 102.62200164794922 25.969999313354492
vt 115.06800079345703 25.969999313354492
vt 115.06800079345703 22.049999237060547
vt 99.38800048828125 34.05500030517578
vt 102.62200164794922 34.05500030517578
vt 102.62200164794922 25.969999313354492
vt 90.71499633789062 22.049999237060547
vt 90.71499633789062 25.969999313354492
vt 98.11399841308594 25.969999313354492
vt 98.0370101928711 7.909416675567627
vt 97.96700286865234 9.505999565124512
vt 97.96700286865234 22.049999237060547
vt 98.60782623291016 5.132750034332275
vt 98.24942779541016 6.451666831970215
vt 98.0370101928711 7.909416675567627
vt 99.77685546875 2.91141676902771
vt 99.11577606201172 3.952666759490967
vt 98.60782623291016 5.132750034332275
vt 101.57266998291016 1.2454166412353516
vt 100.5946273803711 2.009000062942505
vt 99.77685546875 2.91141676902771
vt 104.02385711669922 0.13474999368190765
vt 102.71455383300781 0.6206666827201843
vt 101.57266998291016 1.2454166412353516
vt 107.15901184082031 -0.4205833375453949
vt 105.504150390625 -0.2123333364725113
vt 104.02385711669922 0.13474999368190765
vt 109.65902709960938 -0.48597338795661926
vt 108.99199676513672 -0.49000000953674316
vt 107.15901184082031 -0.4205833375453949
vt 110.88692474365234 -0.45478126406669617
vt 110.2898178100586 -0.4741203784942627
vt 109.65902709960938 -0.48597338795661926
vt 111.99027252197266 -0.3950057923793793
vt 111.45288848876953 -0.42829629778862
vt 110.88692474365234 -0.45478126406669617
vt 112.989501953125 -0.30936920642852783
vt 112.50162506103516 -0.3552500009536743
vt 111.99027252197266 -0.3950057923793793
vt 113.90501403808594 -0.2005937546491623
vt 113.4564437866211 -0.2577036917209625
vt 112.989501953125 -0.30936920642852783
vt 114.75724029541016 -0.07140161842107773
vt 114.33776092529297 -0.13837963342666626
vt 113.90501403808594 -0.2005937546491623
vt 115.16600036621094 4.066999912261963
vt 115.16600036621094 0
vt 114.75724029541016 -0.07140161842107773
vt 102.62200164794922 25.969999313354492
vt 115.06800079345703 22.049999237060547
vt 102.62200164794922 22.049999237060547
vt 98.11399841308594 25.969999313354492
vt 99.38800048828125 34.05500030517578
vt 102.62200164794922 25.969999313354492
vt 97.96700286865234 22.049999237060547
vt 90.71499633789062 22.049999237060547
vt 98.11399841308594 25.969999313354492
vt 98.60782623291016 5.132750034332275
vt 98.0370101928711 7.909416675567627
vt 97.96700286865234 22.049999237060547
vt 101.57266998291016 1.2454166412353516
vt 99.77685546875 2.91141676902771
vt 98.60782623291016 5.132750034332275
vt 107.15901184082031 -0.4205833375453949
vt 104.02385711669922 0.13474999368190765
vt 101.57266998291016 1.2454166412353516
vt 110.88692474365234 -0.45478126406669617
vt 109.65902709960938 -0.48597338795661926
vt 107.15901184082031 -0.4205833375453949
vt 112.989501953125 -0.30936920642852783
vt 111.99027252197266 -0.3950057923793793
vt 110.88692474365234 -0.45478126406669617
vt 114.75724029541016 -0.07140161842107773
vt 113.90501403808594 -0.2005937546491623
vt 112.989501953125 -0.30936920642852783
vt 114.69454193115234 4.0068559646606445
vt 115.16600036621094 4.066999912261963
vt 114.75724029541016 -0.07140161842107773
vt 98.11399841308594 25.969999313354492
vt 102.62200164794922 25.969999313354492
vt 102.62200164794922 22.049999237060547
vt 98.60782623291016 5.132750034332275
vt 97.96700286865234 22.049999237060547
vt 98.11399841308594 25.969999313354492
vt 107.15901184082031 -0.4205833375453949
vt 101.57266998291016 1.2454166412353516
vt 98.60782623291016 5.132750034332275
vt 112.989501953125 -0.30936920642852783
vt 110.88692474365234 -0.45478126406669617
vt 107.15901184082031 -0.4205833375453949
vt 114.69454193115234 4.0068559646606445
vt 114.75724029541016 -0.07140161842107773
vt 112.989501953125 -0.30936920642852783
vt 98.11399841308594 25.969999313354492
vt 102.62200164794922 22.049999237060547
vt 102.62200164794922 9.996000289916992
vt 112.989501953125 -0.30936920642852783
vt 107.15901184082031 -0.4205833375453949
vt 98.60782623291016 5.132750034332275
vt 114.2322769165039 3.94926381111145
vt 114.69454193115234 4.0068559646606445
vt 112.989501953125 -0.30936920642852783
vt 98.11399841308594 25.969999313354492
vt 102.62200164794922 9.996000289916992
vt 102.65656280517578 8.872203826904297
vt 113.77409362792969 3.8947343826293945
vt 114.2322769165039 3.94926381111145
vt 112.989501953125 -0.30936920642852783
vt 98.11399841308594 25.969999313354492
vt 102.65656280517578 8.872203826904297
vt 102.76377868652344 7.873800754547119
vt 113.31488800048828 3.843777894973755
vt 113.77409362792969 3.8947343826293945
vt 112.989501953125 -0.30936920642852783
vt 98.11399841308594 25.969999313354492
vt 102.76377868652344 7.873800754547119
vt 102.94892120361328 6.995515823364258
vt 112.84955596923828 3.7969045639038086
vt 113.31488800048828 3.843777894973755
vt 112.989501953125 -0.30936920642852783
vt 98.60782623291016 5.132750034332275
vt 98.11399841308594 25.969999313354492
vt 102.94892120361328 6.995515823364258
vt 112.37300109863281 3.754625082015991
vt 112.84955596923828 3.7969045639038086
vt 112.989501953125 -0.30936920642852783
vt 98.60782623291016 5.132750034332275
vt 102.94892120361328 6.995515823364258
vt 103.2172622680664 6.23207426071167
vt 111.8801040649414 3.71744966506958
vt 112.37300109863281 3.754625082015991
vt 112.989501953125 -0.30936920642852783
vt 98.60782623291016 5.132750034332275
vt 103.2172622680664 6.23207426071167
vt 103.57406616210938 5.578201770782471
vt 111.36577606201172 3.6858890056610107
vt 111.8801040649414 3.71744966506958
vt 112.989501953125 -0.30936920642852783
vt 98.60782623291016 5.132750034332275
vt 103.57406616210938 5.578201770782471
vt 104.02462768554688 5.028625011444092
vt 110.82490539550781 3.6604530811309814
vt 111.36577606201172 3.6858890056610107
vt 112.989501953125 -0.30936920642852783
vt 98.60782623291016 5.132750034332275
vt 104.02462768554688 5.028625011444092
vt 104.57420349121094 4.578068733215332
vt 110.25238800048828 3.641652822494507
vt 110.82490539550781 3.6604530811309814
vt 112.989501953125 -0.30936920642852783
vt 98.60782623291016 5.132750034332275
vt 104.57420349121094 4.578068733215332
vt 105.22807312011719 4.221259117126465
vt 109.64311981201172 3.629998207092285
vt 110.25238800048828 3.641652822494507
vt 112.989501953125 -0.30936920642852783
vt 98.60782623291016 5.132750034332275
vt 105.22807312011719 4.221259117126465
vt 105.99151611328125 3.9529218673706055
vt 108.99199676513672 3.625999927520752
vt 109.64311981201172 3.629998207092285
vt 112.989501953125 -0.30936920642852783
vt 98.60782623291016 5.132750034332275
vt 105.99151611328125 3.9529218673706055
vt 106.86980438232422 3.76778244972229
vt 107.86820220947266 3.660566568374634
vt 108.99199676513672 3.625999927520752
vt 112.989501953125 -0.30936920642852783
vt 112.989501953125 -0.30936920642852783
vt 98.60782623291016 5.132750034332275
vt 106.86980438232422 3.76778244972229
vt 106.86980438232422 3.76778244972229
vt 107.86820220947266 3.660566568374634
vt 112.989501953125 -0.30936920642852783
vt 115.06800079345703 22.049999237060547
vt 115.06800079345703 25.969999313354492
vt 102.62200164794922 25.969999313354492
vt 102.62200164794922 25.969999313354492
vt 102.62200164794922 34.05500030517578
vt 99.38800048828125 34.05500030517578
vt 98.11399841308594 25.969999313354492
vt 90.71499633789062 25.969999313354492
vt 90.71499633789062 22.049999237060547
vt 97.96700286865234 22.049999237060547
vt 97.96700286865234 9.505999565124512
vt 98.0370101928711 7.909416675567627
vt 98.0370101928711 7.909416675567627
vt 98.24942779541016 6.451666831970215
vt 98.60782623291016 5.132750034332275
vt 98.60782623291016 5.132750034332275
vt 99.11577606201172 3.952666759490967
vt 99.77685546875 2.91141676902771
vt 99.77685546875 2.91141676902771
vt 100.5946273803711 2.009000062942505
vt 101.57266998291016 1.2454166412353516
vt 101.57266998291016 1.2454166412353516
vt 102.71455383300781 0.6206666827201843
vt 104.02385711669922 0.13474999368190765
vt 104.02385711669922 0.13474999368190765
vt 105.504150390625 -0.2123333364725113
vt 107.15901184082031 -0.4205833375453949
vt 107.15901184082031 -0.4205833375453949
vt 108.99199676513672 -0.49000000953674316
vt 109.65902709960938 -0.48597338795661926
vt 109.65902709960938 -0.48597338795661926
vt 110.2898178100586 -0.4741203784942627
vt 110.88692474365234 -0.45478126406669617
vt 110.88692474365234 -0.45478126406669617
vt 111.45288848876953 -0.42829629778862
vt 111.99027252197266 -0.3950057923793793
vt 111.99027252197266 -0.3950057923793793
vt 112.50162506103516 -0.3552500009536743
vt 112.989501953125 -0.30936920642852783
vt 112.989501953125 -0.30936920642852783
vt 113.4564437866211 -0.2577036917209625
vt 113.90501403808594 -0.2005937546491623
vt 113.90501403808594 -0.2005937546491623
vt 114.33776092529297 -0.13837963342666626
vt 114.75724029541016 -0.07140161842107773
vt 114.75724029541016 -0.07140161842107773
vt 115.16600036621094 0
vt 115.16600036621094 4.066999912261963
vt 102.62200164794922 22.049999237060547
vt 115.06800079345703 22.049999237060547
vt 102.62200164794922 25.969999313354492
vt 102.62200164794922 25.969999313354492
vt 99.38800048828125 34.05500030517578
vt 98.11399841308594 25.969999313354492
vt 98.11399841308594 25.969999313354492
vt 90.71499633789062 22.049999237060547
vt 97.96700286865234 22.049999237060547
vt 97.96700286865234 22.049999237060547
vt 98.0370101928711 7.909416675567627
vt 98.60782623291016 5.132750034332275
vt 98.60782623291016 5.132750034332275
vt 99.77685546875 2.91141676902771
vt 101.57266998291016 1.2454166412353516
vt 101.57266998291016 1.2454166412353516
vt 104.02385711669922 0.13474999368190765
vt 107.15901184082031 -0.4205833375453949
vt 107.15901184082031 -0.4205833375453949
vt 109.65902709960938 -0.48597338795661926
vt 110.88692474365234 -0.45478126406669617
vt 110.88692474365234 -0.45478126406669617
vt 111.99027252197266 -0.3950057923793793
vt 112.989501953125 -0.30936920642852783
vt 112.989501953125 -0.30936920642852783
vt 113.90501403808594 -0.2005937546491623
vt 114.75724029541016 -0.07140161842107773
vt 114.75724029541016 -0.07140161842107773
vt 115.16600036621094 4.066999912261963
vt 114.69454193115234 4.0068559646606445
vt 102.62200164794922 22.049999237060547
vt 102.62200164794922 25.969999313354492
vt 98.11399841308594 25.969999313354492
vt 98.11399841308594 25.969999313354492
vt 97.96700286865234 22.049999237060547
vt 98.60782623291016 5.132750034332275
vt 98.60782623291016 5.132750034332275
vt 101.57266998291016 1.2454166412353516
vt 107.15901184082031 -0.4205833375453949
vt 107.15901184082031 -0.4205833375453949
vt 110.88692474365234 -0.45478126406669617
vt 112.989501953125 -0.30936920642852783
vt 112.989501953125 -0.30936920642852783
vt 114.75724029541016 -0.07140161842107773
vt 114.69454193115234 4.0068559646606445
vt 102.62200164794922 9.996000289916992
vt 102.62200164794922 22.049999237060547
vt 98.11399841308594 25.969999313354492
vt 98.60782623291016 5.132750034332275
vt 107.15901184082031 -0.4205833375453949
vt 112.989501953125 -0.30936920642852783
vt 112.989501953125 -0.30936920642852783
vt 114.69454193115234 4.0068559646606445
vt 114.2322769165039 3.94926381111145
vt 102.65656280517578 8.872203826904297
vt 102.62200164794922 9.996000289916992
vt 98.11399841308594 25.969999313354492
vt 112.989501953125 -0.30936920642852783
vt 114.2322769165039 3.94926381111145
vt 113.77409362792969 3.8947343826293945
vt 102.76377868652344 7.873800754547119
vt 102.65656280517578 8.872203826904297
vt 98.11399841308594 25.969999313354492
vt 112.989501953125 -0.30936920642852783
vt 113.77409362792969 3.8947343826293945
vt 113.31488800048828 3.843777894973755
vt 102.94892120361328 6.995515823364258
vt 102.76377868652344 7.873800754547119
vt 98.11399841308594 25.969999313354492
vt 112.989501953125 -0.30936920642852783
vt 113.31488800048828 3.843777894973755
vt 112.84955596923828 3.7969045639038086
vt 102.94892120361328 6.995515823364258
vt 98.11399841308594 25.969999313354492
vt 98.60782623291016 5.132750034332275
vt 112.989501953125 -0.30936920642852783
vt 112.84955596923828 3.7969045639038086
vt 112.37300109863281 3.754625082015991
vt 103.2172622680664 6.23207426071167
vt 102.94892120361328 6.995515823364258
vt 98.60782623291016 5.132750034332275
vt 112.989501953125 -0.30936920642852783
vt 112.37300109863281 3.754625082015991
vt 111.8801040649414 3.71744966506958
vt 103.57406616210938 5.578201770782471
vt 103.2172622680664 6.23207426071167
vt 98.60782623291016 5.132750034332275
vt 112.989501953125 -0.30936920642852783
vt 111.8801040649414 3.71744966506958
vt 111.36577606201172 3.6858890056610107
vt 104.02462768554688 5.028625011444092
vt 103.57406616210938 5.578201770782471
vt 98.60782623291016 5.132750034332275
vt 112.989501953125 -0.30936920642852783
vt 111.36577606201172 3.6858890056610107
vt 110.82490539550781 3.6604530811309814
vt 104.57420349121094 4.578068733215332
vt 104.02462768554688 5.028625011444092
vt 98.60782623291016 5.132750034332275
vt 112.989501953125 -0.30936920642852783
vt 110.82490539550781 3.6604530811309814
vt 110.25238800048828 3.641652822494507
vt 105.22807312011719 4.221259117126465
vt 104.57420349121094 4.578068733215332
vt 98.60782623291016 5.132750034332275
vt 112.989501953125 -0.30936920642852783
vt 110.25238800048828 3.641652822494507
vt 109.64311981201172 3.629998207092285
vt 105.99151611328125 3.9529218673706055
vt 105.22807312011719 4.221259117126465
vt 98.60782623291016 5.132750034332275
vt 112.989501953125 -0.30936920642852783
vt 109.64311981201172 3.629998207092285
vt 108.99199676513672 3.625999927520752
vt 106.86980438232422 3.76778244972229
vt 105.99151611328125 3.9529218673706055
vt 98.60782623291016 5.132750034332275
vt 112.989501953125 -0.30936920642852783
vt 108.99199676513672 3.625999927520752
vt 107.86820220947266 3.660566568374634
vt 106.86980438232422 3.76778244972229
vt 98.60782623291016 5.132750034332275
vt 112.989501953125 -0.30936920642852783
vt 112.989501953125 -0.30936920642852783
vt 107.86820220947266 3.660566568374634
vt 106.86980438232422 3.76778244972229
vt 25.969999313354492 1
vt 34.05500030517578 1
vt 25.969999313354492 -9
vt 34.05500030517578 1
vt 34.05500030517578 -9
vt 25.969999313354492 -9
vt 102.62200164794922 1
vt 99.38800048828125 1
vt 102.62200164794922 -9
vt 99.38800048828125 1
vt 99.38800048828125 -9
vt 102.62200164794922 -9
vt 34.05500030517578 1
vt 25.969999313354492 1
vt 34.05500030517578 -9
vt 25.969999313354492 1
vt 25.969999313354492 -9
vt 34.05500030517578 -9
vt 98.11399841308594 1
vt 90.71499633789062 1
vt 98.11399841308594 -9
vt 90.71499633789062 1
vt 90.71499633789062 -9
vt 98.11399841308594 -9
vt 25.969999313354492 1
vt 22.049999237060547 1
vt 25.969999313354492 -9
vt 22.049999237060547 1
vt 22.049999237060547 -9
vt 25.969999313354492 -9
vt 90.71499633789062 1
vt 97.96700286865234 1
vt 90.71499633789062 -9
vt 97.96700286865234 1
vt 97.96700286865234 -9
vt 90.71499633789062 -9
vt 22.049999237060547 1
vt 9.505999565124512 1
vt 22.049999237060547 -9
vt 9.505999565124512 1
vt 9.505999565124512 -9
vt 22.049999237060547 -9
vt 9.505999565124512 1
vt 7.909416675567627 1
vt 9.505999565124512 -9
vt 7.909416675567627 1
vt 7.909416675567627 -9
vt 9.505999565124512 -9
vt 7.909416675567627 1
vt 6.451666831970215 1
vt 7.909416675567627 -9
vt 6.451666831970215 1
vt 6.451666831970215 -9
vt 7.909416675567627 -9
vt 6.451666831970215 1
vt 5.132750034332275 1
vt 6.451666831970215 -9
vt 5.132750034332275 1
vt 5.132750034332275 -9
vt 6.451666831970215 -9
vt 5.132750034332275 1
vt 3.952666759490967 1
vt 5.132750034332275 -9
vt 3.952666759490967 1
vt 3.952666759490967 -9
vt 5.132750034332275 -9
vt 3.952666759490967 1
vt 2.91141676902771 1
vt 3.952666759490967 -9
vt 2.91141676902771 1
vt 2.91141676902771 -9
vt 3.952666759490967 -9
vt 2.91141676902771 1
vt 2.009000062942505 1
vt 2.91141676902771 -9
vt 2.009000062942505 1
vt 2.009000062942505 -9
vt 2.91141676902771 -9
vt 100.5946273803711 1
vt 101.57266998291016 1
vt 100.5946273803711 -9
vt 101.57266998291016 1
vt 101.57266998291016 -9
vt 100.5946273803711 -9
vt 101.57266998291016 1
vt 102.71455383300781 1
vt 101.57266998291016 -9
vt 102.71455383300781 1
vt 102.71455383300781 -9
vt 101.57266998291016 -9
vt 102.71455383300781 1
vt 104.02385711669922 1
vt 102.71455383300781 -9
vt 104.02385711669922 1
vt 104.02385711669922 -9
vt 102.71455383300781 -9
vt 104.02385711669922 1
vt 105.504150390625 1
vt 104.02385711669922 -9
vt 105.504150390625 1
vt 105.504150390625 -9
vt 104.02385711669922 -9
vt 105.504150390625 1
vt 107.15901184082031 1
vt 105.504150390625 -9
vt 107.15901184082031 1
vt 107.15901184082031 -9
vt 105.504150390625 -9
vt 107.15901184082031 1
vt 108.99199676513672 1
vt 107.15901184082031 -9
vt 108.99199676513672 1
vt 108.99199676513672 -9
vt 107.15901184082031 -9
vt 108.99199676513672 1
vt 109.65902709960938 1
vt 108.99199676513672 -9
vt 109.65902709960938 1
vt 109.65902709960938 -9
vt 108.99199676513672 -9
vt 109.65902709960938 1
vt 110.2898178100586 1
vt 109.65902709960938 -9
vt 110.2898178100586 1
vt 110.2898178100586 -9
vt 109.65902709960938 -9
vt 110.2898178100586 1
vt 110.88692474365234 1
vt 110.2898178100586 -9
vt 110.88692474365234 1
vt 110.88692474365234 -9
vt 110.2898178100586 -9
vt 110.88692474365234 1
vt 111.45288848876953 1
vt 110.88692474365234 -9
vt 111.45288848876953 1
vt 111.45288848876953 -9
vt 110.88692474365234 -9
vt 111.45288848876953 1
vt 111.99027252197266 1
vt 111.45288848876953 -9
vt 111.99027252197266 1
vt 111.99027252197266 -9
vt 111.45288848876953 -9
vt 111.99027252197266 1
vt 112.50162506103516 1
vt 111.99027252197266 -9
vt 112.50162506103516 1
vt 112.50162506103516 -9
vt 111.99027252197266 -9
vt 112.50162506103516 1
vt 112.989501953125 1
vt 112.50162506103516 -9
vt 112.989501953125 1
vt 112.989501953125 -9
vt 112.50162506103516 -9
vt 112.989501953125 1
vt 113.4564437866211 1
vt 112.989501953125 -9
vt 113.4564437866211 1
vt 113.4564437866211 -9
vt 112.989501953125 -9
vt 113.4564437866211 1
vt 113.90501403808594 1
vt 113.4564437866211 -9
vt 113.90501403808594 1
vt 113.90501403808594 -9
vt 113.4564437866211 -9
vt 113.90501403808594 1
vt 114.33776092529297 1
vt 113.90501403808594 -9
vt 114.33776092529297 1
vt 114.33776092529297 -9
vt 113.90501403808594 -9
vt 114.33776092529297 1
vt 114.75724029541016 1
vt 114.33776092529297 -9
vt 114.75724029541016 1
vt 114.75724029541016 -9
vt 114.33776092529297 -9
vt 114.75724029541016 1
vt 115.16600036621094 1
vt 114.75724029541016 -9
vt 115.16600036621094 1
vt 115.16600036621094 -9
vt 114.75724029541016 -9
vt 0 1
vt 4.066999912261963 1
vt 0 -9
vt 4.066999912261963 1
vt 4.066999912261963 -9
vt 0 -9
vt 115.16600036621094 1
vt 114.69454193115234 1
vt 115.16600036621094 -9
vt 114.69454193115234 1
vt 114.69454193115234 -9
vt 115.16600036621094 -9
vt 114.69454193115234 1
vt 114.2322769165039 1
vt 114.69454193115234 -9
vt 114.2322769165039 1
vt 114.2322769165039 -9
vt 114.69454193115234 -9
vt 114.2322769165039 1
vt 113.77409362792969 1
vt 114.2322769165039 -9
vt 113.77409362792969 1
vt 113.77409362792969 -9
vt 114.2322769165039 -9
vt 113.77409362792969 1
vt 113.31488800048828 1
vt 113.77409362792969 -9
vt 113.31488800048828 1
vt 113.31488800048828 -9
vt 113.77409362792969 -9
vt 113.31488800048828 1
vt 112.84955596923828 1
vt 113.31488800048828 -9
vt 112.84955596923828 1
vt 112.84955596923828 -9
vt 113.31488800048828 -9
vt 112.84955596923828 1
vt 112.37300109863281 1
vt 112.84955596923828 -9
vt 112.37300109863281 1
vt 112.37300109863281 -9
vt 112.84955596923828 -9
vt 112.37300109863281 1
vt 111.8801040649414 1
vt 112.37300109863281 -9
vt 111.8801040649414 1
vt 111.8801040649414 -9
vt 112.37300109863281 -9
vt 111.8801040649414 1
vt 111.36577606201172 1
vt 111.8801040649414 -9
vt 111.36577606201172 1
vt 111.36577606201172 -9
vt 111.8801040649414 -9
vt 111.36577606201172 1
vt 110.82490539550781 1
vt 111.36577606201172 -9
vt 110.82490539550781 1
vt 110.82490539550781 -9
vt 111.36577606201172 -9
vt 110.82490539550781 1
vt 110.25238800048828 1
vt 110.82490539550781 -9
vt 110.25238800048828 1
vt 110.25238800048828 -9
vt 110.82490539550781 -9
vt 110.25238800048828 1
vt 109.64311981201172 1
vt 110.25238800048828 -9
vt 109.64311981201172 1
vt 109.64311981201172 -9
vt 110.25238800048828 -9
vt 109.64311981201172 1
vt 108.99199676513672 1
vt 109.64311981201172 -9
vt 108.99199676513672 1
vt 108.99199676513672 -9
vt 109.64311981201172 -9
vt 108.99199676513672 1
vt 107.86820220947266 1
vt 108.99199676513672 -9
vt 107.86820220947266 1
vt 107.86820220947266 -9
vt 108.99199676513672 -9
vt 107.86820220947266 1
vt 106.86980438232422 1
vt 107.86820220947266 -9
vt 106.86980438232422 1
vt 106.86980438232422 -9
vt 107.86820220947266 -9
vt 106.86980438232422 1
vt 105.99151611328125 1
vt 106.86980438232422 -9
vt 105.99151611328125 1
vt 105.99151611328125 -9
vt 106.86980438232422 -9
vt 105.99151611328125 1
vt 105.22807312011719 1
vt 105.99151611328125 -9
vt 105.22807312011719 1
vt 105.22807312011719 -9
vt 105.99151611328125 -9
vt 105.22807312011719 1
vt 104.57420349121094 1
vt 105.22807312011719 -9
vt 104.57420349121094 1
vt 104.57420349121094 -9
vt 105.22807312011719 -9
vt 104.57420349121094 1
vt 104.02462768554688 1
vt 104.57420349121094 -9
vt 104.02462768554688 1
vt 104.02462768554688 -9
vt 104.57420349121094 -9
vt 5.028625011444092 1
vt 5.578201770782471 1
vt 5.028625011444092 -9
vt 5.578201770782471 1
vt 5.578201770782471 -9
vt 5.028625011444092 -9
vt 5.578201770782471 1
vt 6.23207426071167 1
vt 5.578201770782471 -9
vt 6.23207426071167 1
vt 6.23207426071167 -9
vt 5.578201770782471 -9
vt 6.23207426071167 1
vt 6.995515823364258 1
vt 6.23207426071167 -9
vt 6.995515823364258 1
vt 6.995515823364258 -9
vt 6.23207426071167 -9
vt 6.995515823364258 1
vt 7.873800754547119 1
vt 6.995515823364258 -9
vt 7.873800754547119 1
vt 7.873800754547119 -9
vt 6.995515823364258 -9
vt 7.873800754547119 1
vt 8.872203826904297 1
vt 7.873800754547119 -9
vt 8.872203826904297 1
vt 8.872203826904297 -9
vt 7.873800754547119 -9
vt 8.872203826904297 1
vt 9.996000289916992 1
vt 8.872203826904297 -9
vt 9.996000289916992 1
vt 9.996000289916992 -9
vt 8.872203826904297 -9
vt 9.996000289916992 1
vt 22.049999237060547 1
vt 9.996000289916992 -9
vt 22.049999237060547 1
vt 22.049999237060547 -9
vt 9.996000289916992 -9
vt 102.62200164794922 1
vt 115.06800079345703 1
vt 102.62200164794922 -9
vt 115.06800079345703 1
vt 115.06800079345703 -9
vt 102.62200164794922 -9
vt 22.049999237060547 1
vt 25.969999313354492 1
vt 22.049999237060547 -9
vt 25.969999313354492 1
vt 25.969999313354492 -9
vt 22.049999237060547 -9
vt 115.06800079345703 1
vt 102.62200164794922 1
vt 115.06800079345703 -9
vt 102.62200164794922 1
vt 102.62200164794922 -9
vt 115.06800079345703 -9
vn 0 0 -1
vn 0 0 -1
vn 0 0 -1
vn 0 0 -1
vn 0 0 -1
vn 0 0 -1
vn 0 0 -1
vn 0 0 -1
vn 0 0 -1
vn 0 0 -1
vn 0 0 -1
vn 0 0 -1
vn 0 0 -1
vn 0 0 -1
vn 0 0 -1
vn 0 0 -1
vn 0 0 -1
vn 0 0 -1
vn 0 0 -1
vn 0 0 -1
vn 0 0 -1
vn 0 0 -1
vn 0 0 -1
vn 0 0 -1
vn 0 0 -1
vn 0 0 -1
vn 0 0 -1
vn 0 0 -1
vn 0 0 -1
vn 0 0 -1
vn 0 0 1
vn 0 0 1
vn 0 0 1
vn 0 0 1
vn 0 0 1
vn 0 0 1
vn 0 0 1
vn 0 0 1
vn 0 0 1
vn 0 0 1
vn 0 0 1
vn 0 0 1
vn 0 0 1
vn 0 0 1
vn 0 0 1
vn 0 0 1
vn 0 0 1
vn 0 0 1
vn 0 0 1
vn 0 0 1
vn 0 0 1
vn 0 0 1
vn 0 0 1
vn 0 0 1
vn 0 0 1
vn 0 0 1
vn 0 0 1
vn 0 0 1
vn 0 0 1
vn 0 0 1
vn 0 1 0
vn 0 1 0
vn 0 1 0
vn 0 1 0
vn 0 1 0
vn 0 1 0
vn 1 0 0
vn 1 0 0
vn 1 0 0
vn 1 0 0
vn 1 0 0
vn 1 0 0
vn 0 -1 0
vn 0 -1 0
vn 0 -1 0
vn 0 -1 0
vn 0 -1 0
vn 0 -1 0
vn 1 0 0
vn 1 0 0
vn 1 0 0
vn 1 0 0
vn 1 0 0
vn 1 0 0
vn 0 1 0
vn 0 1 0
vn 0 1 0
vn 0 1 0
vn 0 1 0
vn 0 1 0
vn 1 0 0
vn 1 0 0
vn 1 0 0
vn 1 0 0
vn 1 0 0
vn 1 0 0
vn 0 -1 0
vn 0 -1 0
vn 0 -1 0
vn 0 -1 0
vn 0 -1 0
vn 0 -1 0
vn 1 0 0
vn 1 0 0
vn 1 0 0
vn 1 0 0
vn 1 0 0
vn 1 0 0
vn 0 1 0
vn 0 1 0
vn 0 1 0
vn 0 1 0
vn 0 1 0
vn 0 1 0
vn -1 0 0
vn -1 0 0
vn -1 0 0
vn -1 0 0
vn -1 0 0
vn -1 0 0
vn 0 -1 0
vn 0 -1 0
vn 0 -1 0
vn 0 -1 0
vn 0 -1 0
vn 0 -1 0
vn 1 0 0
vn 1 0 0
vn 1 0 0
vn 1 0 0
vn 1 0 0
vn 1 0 0
vn 0 0 -1
vn 0 0 -1
vn 0 0 -1
vn 0 0 -1
vn 0 0 -1
vn 0 0 -1
vn 0 0 -1
vn 0 0 -1
vn 0 0 -1
vn 0 0 -1
vn 0 0 -1
vn 0 0 -1
vn 0 0 -1
vn 0 0 -1
vn 0 0 -1
vn 0 0 -1
vn 0 0 -1
vn 0 0 -1
vn 0 0 -1
vn 0 0 -1
vn 0 0 -1
vn 0 0 -1
vn 0 0 -1
vn 0 0 -1
vn 0 0 -1
vn 0 0 -1
vn 0 0 -1
vn 0 0 -1
vn 0 0 -1
vn 0 0 -1
vn 0 0 1
vn 0 0 1
vn 0 0 1
vn 0 0 1
vn 0 0 1
vn 0 0 1
vn 0 0 1
vn 0 0 1
vn 0 0 1
vn 0 0 1
vn 0 0 1
vn 0 0 1
vn 0 0 1
vn 0 0 1
vn 0 0 1
vn 0 0 1
vn 0 0 1
vn 0 0 1
vn 0 0 1
vn 0 0 1
vn 0 0 1
vn 0 0 1
vn 0 0 1
vn 0 0 1
vn 0 0 1
vn 0 0 1
vn 0 0 1
vn 0 0 1
vn 0 0 1
vn 0 0 1
vn 0 1 0
vn 0 1 0
vn 0 1 0
vn 0 1 0
vn 0 1 0
vn 0 1 0
vn -0.7053926246116119 0.7088167923684805 0
vn -0.7053926246116119 0.7088167923684805 0
vn -0.7053926246116119 0.7088167923684805 0
vn -0.7053926246116119 0.7088167923684805 0
vn -0.7053926246116119 0.7088167923684805 0
vn -0.7053926246116119 0.7088167923684805 0
vn 0.7053924753123986 0.7088169409464244 0
vn 0.7053924753123986 0.7088169409464244 0
vn 0.7053924753123986 0.7088169409464244 0
vn 0.7053924753123986 0.7088169409464244 0
vn 0.7053924753123986 0.7088169409464244 0
vn 0.7053924753123986 0.7088169409464244 0
vn 0 1 0
vn 0 1 0
vn 0 1 0
vn 0 1 0
vn 0 1 0
vn 0 1 0
vn -0.6989954698196328 -0.7151260959940078 0
vn -0.6989954698196328 -0.7151260959940078 0
vn -0.6989954698196328 -0.7151260959940078 0
vn -0.6989954698196328 -0.7151260959940078 0
vn -0.6989954698196328 -0.7151260959940078 0
vn -0.6989954698196328 -0.7151260959940078 0
vn -0.6928522192031603 0.7210796088818877 0
vn -0.6928522192031603 0.7210796088818877 0
vn -0.6928522192031603 0.7210796088818877 0
vn -0.6928522192031603 0.7210796088818877 0
vn -0.6928522192031603 0.7210796088818877 0
vn -0.6928522192031603 0.7210796088818877 0
vn 0 -1 0
vn 0 -1 0
vn 0 -1 0
vn 0 -1 0
vn 0 -1 0
vn 0 -1 0
vn 0.7022135016166561 -0.711966430491828 0
vn 0.7022135016166561 -0.711966430491828 0
vn 0.7022135016166561 -0.711966430491828 0
vn 0.7022135016166561 -0.711966430491828 0
vn 0.7022135016166561 -0.711966430491828 0
vn 0.7022135016166561 -0.711966430491828 0
vn -0.7038407767773261 -0.7103577696805251 0
vn -0.7038407767773261 -0.7103577696805251 0
vn -0.7038407767773261 -0.7103577696805251 0
vn -0.7038407767773261 -0.7103577696805251 0
vn -0.7038407767773261 -0.7103577696805251 0
vn -0.7038407767773261 -0.7103577696805251 0
vn 0 -1 0
vn 0 -1 0
vn 0 -1 0
vn 0 -1 0
vn 0 -1 0
vn 0 -1 0
vn 0.694182991841222 0.7197985647654278 0
vn 0.694182991841222 0.7197985647654278 0
vn 0.694182991841222 0.7197985647654278 0
vn 0.694182991841222 0.7197985647654278 0
vn 0.694182991841222 0.7197985647654278 0
vn 0.694182991841222 0.7197985647654278 0
vn 0.6949295453777657 -0.719077830948119 0
vn 0.6949295453777657 -0.719077830948119 0
vn 0.6949295453777657 -0.719077830948119 0
vn 0.6949295453777657 -0.719077830948119 0
vn 0.6949295453777657 -0.719077830948119 0
vn 0.6949295453777657 -0.719077830948119 0
vn 0 0 -1
vn 0 0 -1
vn 0 0 -1
vn 0 0 -1
vn 0 0 -1
vn 0 0 -1
vn 0 0 -1
vn 0 0 -1
vn 0 0 -1
vn 0 0 -1
vn 0 0 -1
vn 0 0 -1
vn 0 0 -1
vn 0 0 -1
vn 0 0 -1
vn 0 0 -1
vn 0 0 -1
vn 0 0 -1
vn 0 0 -1
vn 0 0 -1
vn 0 0 -1
vn 0 0 -1
vn 0 0 -1
vn 0 0 -1
vn 0 0 -1
vn 0 0 -1
vn 0 0 -1
vn 0 0 -1
vn 0 0 -1
vn 0 0 -1
vn 0 0 -1
vn 0 0 -1
vn 0 0 -1
vn 0 0 -1
vn 0 0 -1
vn 0 0 -1
vn 0 0 -1
vn 0 0 -1
vn 0 0 -1
vn 0 0 -1
vn 0 0 -1
vn 0 0 -1
vn 0 0 -1
vn 0 0 -1
vn 0 0 -1
vn 0 0 -1
vn 0 0 -1
vn 0 0 -1
vn 0 0 -1
vn 0 0 -1
vn 0 0 -1
vn 0 0 -1
vn 0 0 -1
vn 0 0 -1
vn 0 0 -1
vn 0 0 -1
vn 0 0 -1
vn 0 0 -1
vn 0 0 -1
vn 0 0 -1
vn 0 0 -1
vn 0 0 -1
vn 0 0 -1
vn 0 0 -1
vn 0 0 -1
vn 0 0 -1
vn 0 0 -1
vn 0 0 -1
vn 0 0 -1
vn 0 0 -1
vn 0 0 -1
vn 0 0 -1
vn 0 0 -1
vn 0 0 -1
vn 0 0 -1
vn 0 0 -1
vn 0 0 -1
vn 0 0 -1
vn 0 0 -1
vn 0 0 -1
vn 0 0 -1
vn 0 0 -1
vn 0 0 -1
vn 0 0 -1
vn 0 0 -1
vn 0 0 -1
vn 0 0 -1
vn 0 0 -1
vn 0 0 -1
vn 0 0 -1
vn 0 0 -1
vn 0 0 -1
vn 0 0 -1
vn 0 0 -1
vn 0 0 -1
vn 0 0 -1
vn 0 0 -1
vn 0 0 -1
vn 0 0 -1
vn 0 0 -1
vn 0 0 -1
vn 0 0 -1
vn 0 0 -1
vn 0 0 -1
vn 0 0 -1
vn 0 0 -1
vn 0 0 -1
vn 0 0 -1
vn 0 0 -1
vn 0 0 -1
vn 0 0 -1
vn 0 0 -1
vn 0 0 -1
vn 0 0 -1
vn 0 0 -1
vn 0 0 -1
vn 0 0 -1
vn 0 0 -1
vn 0 0 -1
vn 0 0 -1
vn 0 0 -1
vn 0 0 -1
vn 0 0 -1
vn 0 0 -1
vn 0 0 -1
vn 0 0 -1
vn 0 0 -1
vn 0 0 -1
vn 0 0 -1
vn 0 0 -1
vn 0 0 -1
vn 0 0 -1
vn 0 0 -1
vn 0 0 -1
vn 0 0 -1
vn 0 0 -1
vn 0 0 -1
vn 0 0 -1
vn 0 0 1
vn 0 0 1
vn 0 0 1
vn 0 0 1
vn 0 0 1
vn 0 0 1
vn 0 0 1
vn 0 0 1
vn 0 0 1
vn 0 0 1
vn 0 0 1
vn 0 0 1
vn 0 0 1
vn 0 0 1
vn 0 0 1
vn 0 0 1
vn 0 0 1
vn 0 0 1
vn 0 0 1
vn 0 0 1
vn 0 0 1
vn 0 0 1
vn 0 0 1
vn 0 0 1
vn 0 0 1
vn 0 0 1
vn 0 0 1
vn 0 0 1
vn 0 0 1
vn 0 0 1
vn 0 0 1
vn 0 0 1
vn 0 0 1
vn 0 0 1
vn 0 0 1
vn 0 0 1
vn 0 0 1
vn 0 0 1
vn 0 0 1
vn 0 0 1
vn 0 0 1
vn 0 0 1
vn 0 0 1
vn 0 0 1
vn 0 0 1
vn 0 0 1
vn 0 0 1
vn 0 0 1
vn 0 0 1
vn 0 0 1
vn 0 0 1
vn 0 0 1
vn 0 0 1
vn 0 0 1
vn 0 0 1
vn 0 0 1
vn 0 0 1
vn 0 0 1
vn 0 0 1
vn 0 0 1
vn 0 0 1
vn 0 0 1
vn 0 0 1
vn 0 0 1
vn 0 0 1
vn 0 0 1
vn 0 0 1
vn 0 0 1
vn 0 0 1
vn 0 0 1
vn 0 0 1
vn 0 0 1
vn 0 0 1
vn 0 0 1
vn 0 0 1
vn 0 0 1
vn 0 0 1
vn 0 0 1
vn 0 0 1
vn 0 0 1
vn 0 0 1
vn 0 0 1
vn 0 0 1
vn 0 0 1
vn 0 0 1
vn 0 0 1
vn 0 0 1
vn 0 0 1
vn 0 0 1
vn 0 0 1
vn 0 0 1
vn 0 0 1
vn 0 0 1
vn 0 0 1
vn 0 0 1
vn 0 0 1
vn 0 0 1
vn 0 0 1
vn 0 0 1
vn 0 0 1
vn 0 0 1
vn 0 0 1
vn 0 0 1
vn 0 0 1
vn 0 0 1
vn 0 0 1
vn 0 0 1
vn 0 0 1
vn 0 0 1
vn 0 0 1
vn 0 0 1
vn 0 0 1
vn 0 0 1
vn 0 0 1
vn 0 0 1
vn 0 0 1
vn 0 0 1
vn 0 0 1
vn 0 0 1
vn 0 0 1
vn 0 0 1
vn 0 0 1
vn 0 0 1
vn 0 0 1
vn 0 0 1
vn 0 0 1
vn 0 0 1
vn 0 0 1
vn 0 0 1
vn 0 0 1
vn 0 0 1
vn 0 0 1
vn 0 0 1
vn 0 0 1
vn 0 0 1
vn 0 0 1
vn 0 0 1
vn 0 0 1
vn 0.9823899216156502 0.18684229154020907 0
vn 0.9823899216156502 0.18684229154020907 0
vn 0.9823899216156502 0.18684229154020907 0
vn 0.9823899216156502 0.18684229154020907 0
vn 0.9823899216156502 0.18684229154020907 0
vn 0.9823899216156502 0.18684229154020907 0
vn 0.9489336049005677 0.3154758524680032 0
vn 0.9489336049005677 0.3154758524680032 0
vn 0.9489336049005677 0.3154758524680032 0
vn 0.9489336049005677 0.3154758524680032 0
vn 0.9489336049005677 0.3154758524680032 0
vn 0.9489336049005677 0.3154758524680032 0
vn 0.8965730992488347 0.4428957865043867 0
vn 0.8965730992488347 0.4428957865043867 0
vn 0.8965730992488347 0.4428957865043867 0
vn 0.8965730992488347 0.4428957865043867 0
vn 0.8965730992488347 0.4428957865043867 0
vn 0.8965730992488347 0.4428957865043867 0
vn 0.8254153596130424 0.5645258932191438 0
vn 0.8254153596130424 0.5645258932191438 0
vn 0.8254153596130424 0.5645258932191438 0
vn 0.8254153596130424 0.5645258932191438 0
vn 0.8254153596130424 0.5645258932191438 0
vn 0.8254153596130424 0.5645258932191438 0
vn 0.7370233623528817 0.6758672675504066 0
vn 0.7370233623528817 0.6758672675504066 0
vn 0.7370233623528817 0.6758672675504066 0
vn 0.7370233623528817 0.6758672675504066 0
vn 0.7370233623528817 0.6758672675504066 0
vn 0.7370233623528817 0.6758672675504066 0
vn 0.6344136536033336 0.7729937361464642 0
vn 0.6344136536033336 0.7729937361464642 0
vn 0.6344136536033336 0.7729937361464642 0
vn 0.6344136536033336 0.7729937361464642 0
vn 0.6344136536033336 0.7729937361464642 0
vn 0.6344136536033336 0.7729937361464642 0
vn 0.5216649770793582 0.8531504273507649 0
vn 0.5216649770793582 0.8531504273507649 0
vn 0.5216649770793582 0.8531504273507649 0
vn 0.5216649770793582 0.8531504273507649 0
vn 0.5216649770793582 0.8531504273507649 0
vn 0.5216649770793582 0.8531504273507649 0
vn 0.4032439788684986 0.915092505436637 0
vn 0.4032439788684986 0.915092505436637 0
vn 0.4032439788684986 0.915092505436637 0
vn 0.4032439788684986 0.915092505436637 0
vn 0.4032439788684986 0.915092505436637 0
vn 0.4032439788684986 0.915092505436637 0
vn 0.2834885995037673 0.958975606546586 0
vn 0.2834885995037673 0.958975606546586 0
vn 0.2834885995037673 0.958975606546586 0
vn 0.2834885995037673 0.958975606546586 0
vn 0.2834885995037673 0.958975606546586 0
vn 0.2834885995037673 0.958975606546586 0
vn 0.1660079972962079 0.9861244063675242 0
vn 0.1660079972962079 0.9861244063675242 0
vn 0.1660079972962079 0.9861244063675242 0
vn 0.1660079972962079 0.9861244063675242 0
vn 0.1660079972962079 0.9861244063675242 0
vn 0.1660079972962079 0.9861244063675242 0
vn 0.05352677912974524 0.9985664143741243 0
vn 0.05352677912974524 0.9985664143741243 0
vn 0.05352677912974524 0.9985664143741243 0
vn 0.05352677912974524 0.9985664143741243 0
vn 0.05352677912974524 0.9985664143741243 0
vn 0.05352677912974524 0.9985664143741243 0
vn -0.05232028720491498 0.9986303558107953 0
vn -0.05232028720491498 0.9986303558107953 0
vn -0.05232028720491498 0.9986303558107953 0
vn -0.05232028720491498 0.9986303558107953 0
vn -0.05232028720491498 0.9986303558107953 0
vn -0.05232028720491498 0.9986303558107953 0
vn -0.16273696843964602 0.9866694882801808 0
vn -0.16273696843964602 0.9866694882801808 0
vn -0.16273696843964602 0.9866694882801808 0
vn -0.16273696843964602 0.9866694882801808 0
vn -0.16273696843964602 0.9866694882801808 0
vn -0.16273696843964602 0.9866694882801808 0
vn -0.27879258716474253 0.9603513384912781 0
vn -0.27879258716474253 0.9603513384912781 0
vn -0.27879258716474253 0.9603513384912781 0
vn -0.27879258716474253 0.9603513384912781 0
vn -0.27879258716474253 0.9603513384912781 0
vn -0.27879258716474253 0.9603513384912781 0
vn -0.3978881836605778 0.9174339176765193 0
vn -0.3978881836605778 0.9174339176765193 0
vn -0.3978881836605778 0.9174339176765193 0
vn -0.3978881836605778 0.9174339176765193 0
vn -0.3978881836605778 0.9174339176765193 0
vn -0.3978881836605778 0.9174339176765193 0
vn -0.5164327052285363 0.8563277765962842 0
vn -0.5164327052285363 0.8563277765962842 0
vn -0.5164327052285363 0.8563277765962842 0
vn -0.5164327052285363 0.8563277765962842 0
vn -0.5164327052285363 0.8563277765962842 0
vn -0.5164327052285363 0.8563277765962842 0
vn -0.6299651235732477 0.7766234242419827 0
vn -0.6299651235732477 0.7766234242419827 0
vn -0.6299651235732477 0.7766234242419827 0
vn -0.6299651235732477 0.7766234242419827 0
vn -0.6299651235732477 0.7766234242419827 0
vn -0.6299651235732477 0.7766234242419827 0
vn -0.7337355132231077 0.6794352041476972 0
vn -0.7337355132231077 0.6794352041476972 0
vn -0.7337355132231077 0.6794352041476972 0
vn -0.7337355132231077 0.6794352041476972 0
vn -0.7337355132231077 0.6794352041476972 0
vn -0.7337355132231077 0.6794352041476972 0
vn -0.8233428417165423 0.5675443286599988 0
vn -0.8233428417165423 0.5675443286599988 0
vn -0.8233428417165423 0.5675443286599988 0
vn -0.8233428417165423 0.5675443286599988 0
vn -0.8233428417165423 0.5675443286599988 0
vn -0.8233428417165423 0.5675443286599988 0
vn -0.8955246195379051 0.44501197264960224 0
vn -0.8955246195379051 0.44501197264960224 0
vn -0.8955246195379051 0.44501197264960224 0
vn -0.8955246195379051 0.44501197264960224 0
vn -0.8955246195379051 0.44501197264960224 0
vn -0.8955246195379051 0.44501197264960224 0
vn -0.9485237708541571 0.31670594583084566 0
vn -0.9485237708541571 0.31670594583084566 0
vn -0.9485237708541571 0.31670594583084566 0
vn -0.9485237708541571 0.31670594583084566 0
vn -0.9485237708541571 0.31670594583084566 0
vn -0.9485237708541571 0.31670594583084566 0
vn -0.9823053642263705 0.1872863353587161 0
vn -0.9823053642263705 0.1872863353587161 0
vn -0.9823053642263705 0.1872863353587161 0
vn -0.9823053642263705 0.1872863353587161 0
vn -0.9823053642263705 0.1872863353587161 0
vn -0.9823053642263705 0.1872863353587161 0
vn -0.9981432831664818 0.060909656620574154 0
vn -0.9981432831664818 0.060909656620574154 0
vn -0.9981432831664818 0.060909656620574154 0
vn -0.9981432831664818 0.060909656620574154 0
vn -0.9981432831664818 0.060909656620574154 0
vn -0.9981432831664818 0.060909656620574154 0
vn -0.998236523489256 -0.05936196738724537 0
vn -0.998236523489256 -0.05936196738724537 0
vn -0.998236523489256 -0.05936196738724537 0
vn -0.998236523489256 -0.05936196738724537 0
vn -0.998236523489256 -0.05936196738724537 0
vn -0.998236523489256 -0.05936196738724537 0
vn -0.9830736840631729 -0.18321062115079725 0
vn -0.9830736840631729 -0.18321062115079725 0
vn -0.9830736840631729 -0.18321062115079725 0
vn -0.9830736840631729 -0.18321062115079725 0
vn -0.9830736840631729 -0.18321062115079725 0
vn -0.9830736840631729 -0.18321062115079725 0
vn -0.9503896190630152 -0.31106200664378264 0
vn -0.9503896190630152 -0.31106200664378264 0
vn -0.9503896190630152 -0.31106200664378264 0
vn -0.9503896190630152 -0.31106200664378264 0
vn -0.9503896190630152 -0.31106200664378264 0
vn -0.9503896190630152 -0.31106200664378264 0
vn -0.8985552077295206 -0.4388605002300365 0
vn -0.8985552077295206 -0.4388605002300365 0
vn -0.8985552077295206 -0.4388605002300365 0
vn -0.8985552077295206 -0.4388605002300365 0
vn -0.8985552077295206 -0.4388605002300365 0
vn -0.8985552077295206 -0.4388605002300365 0
vn -0.8272365316572032 -0.5618538250219188 0
vn -0.8272365316572032 -0.5618538250219188 0
vn -0.8272365316572032 -0.5618538250219188 0
vn -0.8272365316572032 -0.5618538250219188 0
vn -0.8272365316572032 -0.5618538250219188 0
vn -0.8272365316572032 -0.5618538250219188 0
vn -0.7379365917192046 -0.674870051640939 0
vn -0.7379365917192046 -0.674870051640939 0
vn -0.7379365917192046 -0.674870051640939 0
vn -0.7379365917192046 -0.674870051640939 0
vn -0.7379365917192046 -0.674870051640939 0
vn -0.7379365917192046 -0.674870051640939 0
vn -0.6338529122007358 -0.7734536092712002 0
vn -0.6338529122007358 -0.7734536092712002 0
vn -0.6338529122007358 -0.7734536092712002 0
vn -0.6338529122007358 -0.7734536092712002 0
vn -0.6338529122007358 -0.7734536092712002 0
vn -0.6338529122007358 -0.7734536092712002 0
vn -0.519521114575021 -0.8544576124716357 0
vn -0.519521114575021 -0.8544576124716357 0
vn -0.519521114575021 -0.8544576124716357 0
vn -0.519521114575021 -0.8544576124716357 0
vn -0.519521114575021 -0.8544576124716357 0
vn -0.519521114575021 -0.8544576124716357 0
vn -0.3999676740569297 -0.9165292465107098 0
vn -0.3999676740569297 -0.9165292465107098 0
vn -0.3999676740569297 -0.9165292465107098 0
vn -0.3999676740569297 -0.9165292465107098 0
vn -0.3999676740569297 -0.9165292465107098 0
vn -0.3999676740569297 -0.9165292465107098 0
vn -0.2799065782616177 -0.9600272430748374 0
vn -0.2799065782616177 -0.9600272430748374 0
vn -0.2799065782616177 -0.9600272430748374 0
vn -0.2799065782616177 -0.9600272430748374 0
vn -0.2799065782616177 -0.9600272430748374 0
vn -0.2799065782616177 -0.9600272430748374 0
vn -0.16314798879878858 -0.9866016084270846 0
vn -0.16314798879878858 -0.9866016084270846 0
vn -0.16314798879878858 -0.9866016084270846 0
vn -0.16314798879878858 -0.9866016084270846 0
vn -0.16314798879878858 -0.9866016084270846 0
vn -0.16314798879878858 -0.9866016084270846 0
vn -0.052381330787095434 -0.9986271557418078 0
vn -0.052381330787095434 -0.9986271557418078 0
vn -0.052381330787095434 -0.9986271557418078 0
vn -0.052381330787095434 -0.9986271557418078 0
vn -0.052381330787095434 -0.9986271557418078 0
vn -0.052381330787095434 -0.9986271557418078 0
vn 0.05358922184337303 -0.9985630652603878 0
vn 0.05358922184337303 -0.9985630652603878 0
vn 0.05358922184337303 -0.9985630652603878 0
vn 0.05358922184337303 -0.9985630652603878 0
vn 0.05358922184337303 -0.9985630652603878 0
vn 0.05358922184337303 -0.9985630652603878 0
vn 0.16642680539816984 -0.9860538111304877 0
vn 0.16642680539816984 -0.9860538111304877 0
vn 0.16642680539816984 -0.9860538111304877 0
vn 0.16642680539816984 -0.9860538111304877 0
vn 0.16642680539816984 -0.9860538111304877 0
vn 0.16642680539816984 -0.9860538111304877 0
vn 0.2846180516988193 -0.9586409988348965 0
vn 0.2846180516988193 -0.9586409988348965 0
vn 0.2846180516988193 -0.9586409988348965 0
vn 0.2846180516988193 -0.9586409988348965 0
vn 0.2846180516988193 -0.9586409988348965 0
vn 0.2846180516988193 -0.9586409988348965 0
vn 0.4053406361961143 -0.9141657227484135 0
vn 0.4053406361961143 -0.9141657227484135 0
vn 0.4053406361961143 -0.9141657227484135 0
vn 0.4053406361961143 -0.9141657227484135 0
vn 0.4053406361961143 -0.9141657227484135 0
vn 0.4053406361961143 -0.9141657227484135 0
vn 0.5247613250270083 -0.8512494063175013 0
vn 0.5247613250270083 -0.8512494063175013 0
vn 0.5247613250270083 -0.8512494063175013 0
vn 0.5247613250270083 -0.8512494063175013 0
vn 0.5247613250270083 -0.8512494063175013 0
vn 0.5247613250270083 -0.8512494063175013 0
vn 0.6382920345208413 -0.7697943093237601 0
vn 0.6382920345208413 -0.7697943093237601 0
vn 0.6382920345208413 -0.7697943093237601 0
vn 0.6382920345208413 -0.7697943093237601 0
vn 0.6382920345208413 -0.7697943093237601 0
vn 0.6382920345208413 -0.7697943093237601 0
vn 0.7411987124447381 -0.6712856833496916 0
vn 0.7411987124447381 -0.6712856833496916 0
vn 0.7411987124447381 -0.6712856833496916 0
vn 0.7411987124447381 -0.6712856833496916 0
vn 0.7411987124447381 -0.6712856833496916 0
vn 0.7411987124447381 -0.6712856833496916 0
vn 0.8292771608071301 -0.5588375350347051 0
vn 0.8292771608071301 -0.5588375350347051 0
vn 0.8292771608071301 -0.5588375350347051 0
vn 0.8292771608071301 -0.5588375350347051 0
vn 0.8292771608071301 -0.5588375350347051 0
vn 0.8292771608071301 -0.5588375350347051 0
vn 0.8995783152034342 -0.4367594931031845 0
vn 0.8995783152034342 -0.4367594931031845 0
vn 0.8995783152034342 -0.4367594931031845 0
vn 0.8995783152034342 -0.4367594931031845 0
vn 0.8995783152034342 -0.4367594931031845 0
vn 0.8995783152034342 -0.4367594931031845 0
vn 0.9507857432799391 -0.3098491090444083 0
vn 0.9507857432799391 -0.3098491090444083 0
vn 0.9507857432799391 -0.3098491090444083 0
vn 0.9507857432799391 -0.3098491090444083 0
vn 0.9507857432799391 -0.3098491090444083 0
vn 0.9507857432799391 -0.3098491090444083 0
vn 0.9831546621864679 -0.18277557337076616 0
vn 0.9831546621864679 -0.18277557337076616 0
vn 0.9831546621864679 -0.18277557337076616 0
vn 0.9831546621864679 -0.18277557337076616 0
vn 0.9831546621864679 -0.18277557337076616 0
vn 0.9831546621864679 -0.18277557337076616 0
vn 0.9982416294774923 -0.059276042193462275 0
vn 0.9982416294774923 -0.059276042193462275 0
vn 0.9982416294774923 -0.059276042193462275 0
vn 0.9982416294774923 -0.059276042193462275 0
vn 0.9982416294774923 -0.059276042193462275 0
vn 0.9982416294774923 -0.059276042193462275 0
vn 0.9981486587076661 0.06082150211962151 0
vn 0.9981486587076661 0.06082150211962151 0
vn 0.9981486587076661 0.06082150211962151 0
vn 0.9981486587076661 0.06082150211962151 0
vn 0.9981486587076661 0.06082150211962151 0
vn 0.9981486587076661 0.06082150211962151 0
vn 0 0 -1
vn 0 0 -1
vn 0 0 -1
vn 0 0 -1
vn 0 0 -1
vn 0 0 -1
vn 0 0 1
vn 0 0 1
vn 0 0 1
vn 0 0 1
vn 0 0 1
vn 0 0 1
vn 0 1 0
vn 0 1 0
vn 0 1 0
vn 0 1 0
vn 0 1 0
vn 0 1 0
vn -1 0 0
vn -1 0 0
vn -1 0 0
vn -1 0 0
vn -1 0 0
vn -1 0 0
vn 0 -1 0
vn 0 -1 0
vn 0 -1 0
vn 0 -1 0
vn 0 -1 0
vn 0 -1 0
vn 1 0 0
vn 1 0 0
vn 1 0 0
vn 1 0 0
vn 1 0 0
vn 1 0 0
vn 0 0 -1
vn 0 0 -1
vn 0 0 -1
vn 0 0 -1
vn 0 0 -1
vn 0 0 -1
vn 0 0 -1
vn 0 0 -1
vn 0 0 -1
vn 0 0 -1
vn 0 0 -1
vn 0 0 -1
vn 0 0 -1
vn 0 0 -1
vn 0 0 -1
vn 0 0 -1
vn 0 0 -1
vn 0 0 -1
vn 0 0 -1
vn 0 0 -1
vn 0 0 -1
vn 0 0 -1
vn 0 0 -1
vn 0 0 -1
vn 0 0 -1
vn 0 0 -1
vn 0 0 -1
vn 0 0 -1
vn 0 0 -1
vn 0 0 -1
vn 0 0 -1
vn 0 0 -1
vn 0 0 -1
vn 0 0 -1
vn 0 0 -1
vn 0 0 -1
vn 0 0 -1
vn 0 0 -1
vn 0 0 -1
vn 0 0 -1
vn 0 0 -1
vn 0 0 -1
vn 0 0 -1
vn 0 0 -1
vn 0 0 -1
vn 0 0 -1
vn 0 0 -1
vn 0 0 -1
vn 0 0 -1
vn 0 0 -1
vn 0 0 -1
vn 0 0 -1
vn 0 0 -1
vn 0 0 -1
vn 0 0 -1
vn 0 0 -1
vn 0 0 -1
vn 0 0 -1
vn 0 0 -1
vn 0 0 -1
vn 0 0 -1
vn 0 0 -1
vn 0 0 -1
vn 0 0 -1
vn 0 0 -1
vn 0 0 -1
vn 0 0 -1
vn 0 0 -1
vn 0 0 -1
vn 0 0 -1
vn 0 0 -1
vn 0 0 -1
vn 0 0 -1
vn 0 0 -1
vn 0 0 -1
vn 0 0 -1
vn 0 0 -1
vn 0 0 -1
vn 0 0 -1
vn 0 0 -1
vn 0 0 -1
vn 0 0 -1
vn 0 0 -1
vn 0 0 -1
vn 0 0 -1
vn 0 0 -1
vn 0 0 -1
vn 0 0 -1
vn 0 0 -1
vn 0 0 -1
vn 0 0 -1
vn 0 0 -1
vn 0 0 -1
vn 0 0 -1
vn 0 0 -1
vn 0 0 -1
vn 0 0 -1
vn 0 0 -1
vn 0 0 -1
vn 0 0 -1
vn 0 0 -1
vn 0 0 -1
vn 0 0 -1
vn 0 0 -1
vn 0 0 -1
vn 0 0 -1
vn 0 0 -1
vn 0 0 -1
vn 0 0 -1
vn 0 0 -1
vn 0 0 -1
vn 0 0 -1
vn 0 0 -1
vn 0 0 -1
vn 0 0 -1
vn 0 0 -1
vn 0 0 -1
vn 0 0 -1
vn 0 0 -1
vn 0 0 -1
vn 0 0 -1
vn 0 0 -1
vn 0 0 -1
vn 0 0 -1
vn 0 0 -1
vn 0 0 -1
vn 0 0 -1
vn 0 0 -1
vn 0 0 -1
vn 0 0 -1
vn 0 0 -1
vn 0 0 -1
vn 0 0 -1
vn 0 0 -1
vn 0 0 -1
vn 0 0 -1
vn 0 0 -1
vn 0 0 -1
vn 0 0 -1
vn 0 0 -1
vn 0 0 -1
vn 0 0 -1
vn 0 0 -1
vn 0 0 -1
vn 0 0 -1
vn 0 0 -1
vn 0 0 -1
vn 0 0 -1
vn 0 0 -1
vn 0 0 -1
vn 0 0 -1
vn 0 0 -1
vn 0 0 -1
vn 0 0 -1
vn 0 0 -1
vn 0 0 -1
vn 0 0 -1
vn 0 0 -1
vn 0 0 -1
vn 0 0 -1
vn 0 0 -1
vn 0 0 -1
vn 0 0 -1
vn 0 0 -1
vn 0 0 -1
vn 0 0 -1
vn 0 0 -1
vn 0 0 -1
vn 0 0 -1
vn 0 0 -1
vn 0 0 -1
vn 0 0 -1
vn 0 0 -1
vn 0 0 -1
vn 0 0 1
vn 0 0 1
vn 0 0 1
vn 0 0 1
vn 0 0 1
vn 0 0 1
vn 0 0 1
vn 0 0 1
vn 0 0 1
vn 0 0 1
vn 0 0 1
vn 0 0 1
vn 0 0 1
vn 0 0 1
vn 0 0 1
vn 0 0 1
vn 0 0 1
vn 0 0 1
vn 0 0 1
vn 0 0 1
vn 0 0 1
vn 0 0 1
vn 0 0 1
vn 0 0 1
vn 0 0 1
vn 0 0 1
vn 0 0 1
vn 0 0 1
vn 0 0 1
vn 0 0 1
vn 0 0 1
vn 0 0 1
vn 0 0 1
vn 0 0 1
vn 0 0 1
vn 0 0 1
vn 0 0 1
vn 0 0 1
vn 0 0 1
vn 0 0 1
vn 0 0 1
vn 0 0 1
vn 0 0 1
vn 0 0 1
vn 0 0 1
vn 0 0 1
vn 0 0 1
vn 0 0 1
vn 0 0 1
vn 0 0 1
vn 0 0 1
vn 0 0 1
vn 0 0 1
vn 0 0 1
vn 0 0 1
vn 0 0 1
vn 0 0 1
vn 0 0 1
vn 0 0 1
vn 0 0 1
vn 0 0 1
vn 0 0 1
vn 0 0 1
vn 0 0 1
vn 0 0 1
vn 0 0 1
vn 0 0 1
vn 0 0 1
vn 0 0 1
vn 0 0 1
vn 0 0 1
vn 0 0 1
vn 0 0 1
vn 0 0 1
vn 0 0 1
vn 0 0 1
vn 0 0 1
vn 0 0 1
vn 0 0 1
vn 0 0 1
vn 0 0 1
vn 0 0 1
vn 0 0 1
vn 0 0 1
vn 0 0 1
vn 0 0 1
vn 0 0 1
vn 0 0 1
vn 0 0 1
vn 0 0 1
vn 0 0 1
vn 0 0 1
vn 0 0 1
vn 0 0 1
vn 0 0 1
vn 0 0 1
vn 0 0 1
vn 0 0 1
vn 0 0 1
vn 0 0 1
vn 0 0 1
vn 0 0 1
vn 0 0 1
vn 0 0 1
vn 0 0 1
vn 0 0 1
vn 0 0 1
vn 0 0 1
vn 0 0 1
vn 0 0 1
vn 0 0 1
vn 0 0 1
vn 0 0 1
vn 0 0 1
vn 0 0 1
vn 0 0 1
vn 0 0 1
vn 0 0 1
vn 0 0 1
vn 0 0 1
vn 0 0 1
vn 0 0 1
vn 0 0 1
vn 0 0 1
vn 0 0 1
vn 0 0 1
vn 0 0 1
vn 0 0 1
vn 0 0 1
vn 0 0 1
vn 0 0 1
vn 0 0 1
vn 0 0 1
vn 0 0 1
vn 0 0 1
vn 0 0 1
vn 0 0 1
vn 0 0 1
vn 0 0 1
vn 0 0 1
vn 0 0 1
vn 0 0 1
vn 0 0 1
vn 0 0 1
vn 0 0 1
vn 0 0 1
vn 0 0 1
vn 0 0 1
vn 0 0 1
vn 0 0 1
vn 0 0 1
vn 0 0 1
vn 0 0 1
vn 0 0 1
vn 0 0 1
vn 0 0 1
vn 0 0 1
vn 0 0 1
vn 0 0 1
vn 0 0 1
vn 0 0 1
vn 0 0 1
vn 0 0 1
vn 0 0 1
vn 0 0 1
vn 0 0 1
vn 0 0 1
vn 0 0 1
vn 0 0 1
vn 0 0 1
vn 0 0 1
vn 0 0 1
vn 0 0 1
vn 0 0 1
vn 1 0 0
vn 1 0 0
vn 1 0 0
vn 1 0 0
vn 1 0 0
vn 1 0 0
vn 0 1 0
vn 0 1 0
vn 0 1 0
vn 0 1 0
vn 0 1 0
vn 0 1 0
vn -0.987811422890928 0.15565536549120396 0
vn -0.987811422890928 0.15565536549120396 0
vn -0.987811422890928 0.15565536549120396 0
vn -0.987811422890928 0.15565536549120396 0
vn -0.987811422890928 0.15565536549120396 0
vn -0.987811422890928 0.15565536549120396 0
vn 0 1 0
vn 0 1 0
vn 0 1 0
vn 0 1 0
vn 0 1 0
vn 0 1 0
vn -1 0 0
vn -1 0 0
vn -1 0 0
vn -1 0 0
vn -1 0 0
vn -1 0 0
vn 0 -1 0
vn 0 -1 0
vn 0 -1 0
vn 0 -1 0
vn 0 -1 0
vn 0 -1 0
vn -1 0 0
vn -1 0 0
vn -1 0 0
vn -1 0 0
vn -1 0 0
vn -1 0 0
vn -0.9990400506830752 -0.043806131205101476 0
vn -0.9990400506830752 -0.043806131205101476 0
vn -0.9990400506830752 -0.043806131205101476 0
vn -0.9990400506830752 -0.043806131205101476 0
vn -0.9990400506830752 -0.043806131205101476 0
vn -0.9990400506830752 -0.043806131205101476 0
vn -0.989549540784155 -0.14419329503783354 0
vn -0.989549540784155 -0.14419329503783354 0
vn -0.989549540784155 -0.14419329503783354 0
vn -0.989549540784155 -0.14419329503783354 0
vn -0.989549540784155 -0.14419329503783354 0
vn -0.989549540784155 -0.14419329503783354 0
vn -0.9650059991192058 -0.26222780490242303 0
vn -0.9650059991192058 -0.26222780490242303 0
vn -0.9650059991192058 -0.26222780490242303 0
vn -0.9650059991192058 -0.26222780490242303 0
vn -0.9650059991192058 -0.26222780490242303 0
vn -0.9650059991192058 -0.26222780490242303 0
vn -0.9185239267931531 -0.3953653954362804 0
vn -0.9185239267931531 -0.3953653954362804 0
vn -0.9185239267931531 -0.3953653954362804 0
vn -0.9185239267931531 -0.3953653954362804 0
vn -0.9185239267931531 -0.3953653954362804 0
vn -0.9185239267931531 -0.3953653954362804 0
vn -0.844224446570539 -0.5359898168926974 0
vn -0.844224446570539 -0.5359898168926974 0
vn -0.844224446570539 -0.5359898168926974 0
vn -0.844224446570539 -0.5359898168926974 0
vn -0.844224446570539 -0.5359898168926974 0
vn -0.844224446570539 -0.5359898168926974 0
vn -0.7410046146732344 -0.6714999337550015 0
vn -0.7410046146732344 -0.6714999337550015 0
vn -0.7410046146732344 -0.6714999337550015 0
vn -0.7410046146732344 -0.6714999337550015 0
vn -0.7410046146732344 -0.6714999337550015 0
vn -0.7410046146732344 -0.6714999337550015 0
vn -0.6153876184710455 -0.7882246374178714 0
vn -0.6153876184710455 -0.7882246374178714 0
vn -0.6153876184710455 -0.7882246374178714 0
vn -0.6153876184710455 -0.7882246374178714 0
vn -0.6153876184710455 -0.7882246374178714 0
vn -0.6153876184710455 -0.7882246374178714 0
vn -0.47997923217627503 -0.8772798508340843 0
vn -0.47997923217627503 -0.8772798508340843 0
vn -0.47997923217627503 -0.8772798508340843 0
vn -0.47997923217627503 -0.8772798508340843 0
vn -0.47997923217627503 -0.8772798508340843 0
vn -0.47997923217627503 -0.8772798508340843 0
vn -0.34793738025712817 -0.9375177755220465 0
vn -0.34793738025712817 -0.9375177755220465 0
vn -0.34793738025712817 -0.9375177755220465 0
vn -0.34793738025712817 -0.9375177755220465 0
vn -0.34793738025712817 -0.9375177755220465 0
vn -0.34793738025712817 -0.9375177755220465 0
vn -0.22827835188645937 -0.9735959090197545 0
vn -0.22827835188645937 -0.9735959090197545 0
vn -0.22827835188645937 -0.9735959090197545 0
vn -0.22827835188645937 -0.9735959090197545 0
vn -0.22827835188645937 -0.9735959090197545 0
vn -0.22827835188645937 -0.9735959090197545 0
vn -0.12485661257354912 -0.9921747962413976 0
vn -0.12485661257354912 -0.9921747962413976 0
vn -0.12485661257354912 -0.9921747962413976 0
vn -0.12485661257354912 -0.9921747962413976 0
vn -0.12485661257354912 -0.9921747962413976 0
vn -0.12485661257354912 -0.9921747962413976 0
vn -0.03784370790888077 -0.9992836703217497 0
vn -0.03784370790888077 -0.9992836703217497 0
vn -0.03784370790888077 -0.9992836703217497 0
vn -0.03784370790888077 -0.9992836703217497 0
vn -0.03784370790888077 -0.9992836703217497 0
vn -0.03784370790888077 -0.9992836703217497 0
vn 0.00603652943226392 -0.9999817799902223 0
vn 0.00603652943226392 -0.9999817799902223 0
vn 0.00603652943226392 -0.9999817799902223 0
vn 0.00603652943226392 -0.9999817799902223 0
vn 0.00603652943226392 -0.9999817799902223 0
vn 0.00603652943226392 -0.9999817799902223 0
vn 0.01878740061974246 -0.9998235012130658 0
vn 0.01878740061974246 -0.9998235012130658 0
vn 0.01878740061974246 -0.9998235012130658 0
vn 0.01878740061974246 -0.9998235012130658 0
vn 0.01878740061974246 -0.9998235012130658 0
vn 0.01878740061974246 -0.9998235012130658 0
vn 0.03237105238020758 -0.9994759201540565 0
vn 0.03237105238020758 -0.9994759201540565 0
vn 0.03237105238020758 -0.9994759201540565 0
vn 0.03237105238020758 -0.9994759201540565 0
vn 0.03237105238020758 -0.9994759201540565 0
vn 0.03237105238020758 -0.9994759201540565 0
vn 0.046745069369121525 -0.9989068517582989 0
vn 0.046745069369121525 -0.9989068517582989 0
vn 0.046745069369121525 -0.9989068517582989 0
vn 0.046745069369121525 -0.9989068517582989 0
vn 0.046745069369121525 -0.9989068517582989 0
vn 0.046745069369121525 -0.9989068517582989 0
vn 0.06183065989075218 -0.9980866543028587 0
vn 0.06183065989075218 -0.9980866543028587 0
vn 0.06183065989075218 -0.9980866543028587 0
vn 0.06183065989075218 -0.9980866543028587 0
vn 0.06183065989075218 -0.9980866543028587 0
vn 0.06183065989075218 -0.9980866543028587 0
vn 0.0775124347905652 -0.996991385345349 0
vn 0.0775124347905652 -0.996991385345349 0
vn 0.0775124347905652 -0.996991385345349 0
vn 0.0775124347905652 -0.996991385345349 0
vn 0.0775124347905652 -0.996991385345349 0
vn 0.0775124347905652 -0.996991385345349 0
vn 0.09362863688201899 -0.9956071907914361 0
vn 0.09362863688201899 -0.9956071907914361 0
vn 0.09362863688201899 -0.9956071907914361 0
vn 0.09362863688201899 -0.9956071907914361 0
vn 0.09362863688201899 -0.9956071907914361 0
vn 0.09362863688201899 -0.9956071907914361 0
vn 0.10997542444232546 -0.9939343066917101 0
vn 0.10997542444232546 -0.9939343066917101 0
vn 0.10997542444232546 -0.9939343066917101 0
vn 0.10997542444232546 -0.9939343066917101 0
vn 0.10997542444232546 -0.9939343066917101 0
vn 0.10997542444232546 -0.9939343066917101 0
vn 0.12629601439927154 -0.9919925991391563 0
vn 0.12629601439927154 -0.9919925991391563 0
vn 0.12629601439927154 -0.9919925991391563 0
vn 0.12629601439927154 -0.9919925991391563 0
vn 0.12629601439927154 -0.9919925991391563 0
vn 0.12629601439927154 -0.9919925991391563 0
vn 0.14230254115671753 -0.9898232098614078 0
vn 0.14230254115671753 -0.9898232098614078 0
vn 0.14230254115671753 -0.9898232098614078 0
vn 0.14230254115671753 -0.9898232098614078 0
vn 0.14230254115671753 -0.9898232098614078 0
vn 0.14230254115671753 -0.9898232098614078 0
vn 0.15767217061118782 -0.9874915121735257 0
vn 0.15767217061118782 -0.9874915121735257 0
vn 0.15767217061118782 -0.9874915121735257 0
vn 0.15767217061118782 -0.9874915121735257 0
vn 0.15767217061118782 -0.9874915121735257 0
vn 0.15767217061118782 -0.9874915121735257 0
vn 0.1720730829268302 -0.9850841863171168 0
vn 0.1720730829268302 -0.9850841863171168 0
vn 0.1720730829268302 -0.9850841863171168 0
vn 0.1720730829268302 -0.9850841863171168 0
vn 0.1720730829268302 -0.9850841863171168 0
vn 0.1720730829268302 -0.9850841863171168 0
vn 1 0 0
vn 1 0 0
vn 1 0 0
vn 1 0 0
vn 1 0 0
vn 1 0 0
vn -0.12654444520370975 0.9919609384386491 0
vn -0.12654444520370975 0.9919609384386491 0
vn -0.12654444520370975 0.9919609384386491 0
vn -0.12654444520370975 0.9919609384386491 0
vn -0.12654444520370975 0.9919609384386491 0
vn -0.12654444520370975 0.9919609384386491 0
vn -0.12363107799471869 0.9923282504060156 0
vn -0.12363107799471869 0.9923282504060156 0
vn -0.12363107799471869 0.9923282504060156 0
vn -0.12363107799471869 0.9923282504060156 0
vn -0.12363107799471869 0.9923282504060156 0
vn -0.12363107799471869 0.9923282504060156 0
vn -0.11817827002642671 0.9929923949827415 0
vn -0.11817827002642671 0.9929923949827415 0
vn -0.11817827002642671 0.9929923949827415 0
vn -0.11817827002642671 0.9929923949827415 0
vn -0.11817827002642671 0.9929923949827415 0
vn -0.11817827002642671 0.9929923949827415 0
vn -0.11028965080889173 0.9938994883409755 0
vn -0.11028965080889173 0.9938994883409755 0
vn -0.11028965080889173 0.9938994883409755 0
vn -0.11028965080889173 0.9938994883409755 0
vn -0.11028965080889173 0.9938994883409755 0
vn -0.11028965080889173 0.9938994883409755 0
vn -0.10022375250387618 0.9949649237204505 0
vn -0.10022375250387618 0.9949649237204505 0
vn -0.10022375250387618 0.9949649237204505 0
vn -0.10022375250387618 0.9949649237204505 0
vn -0.10022375250387618 0.9949649237204505 0
vn -0.10022375250387618 0.9949649237204505 0
vn -0.08837190997831601 0.9960875491274773 0
vn -0.08837190997831601 0.9960875491274773 0
vn -0.08837190997831601 0.9960875491274773 0
vn -0.08837190997831601 0.9960875491274773 0
vn -0.08837190997831601 0.9960875491274773 0
vn -0.08837190997831601 0.9960875491274773 0
vn -0.07520867075694937 0.9971678172920408 0
vn -0.07520867075694937 0.9971678172920408 0
vn -0.07520867075694937 0.9971678172920408 0
vn -0.07520867075694937 0.9971678172920408 0
vn -0.07520867075694937 0.9971678172920408 0
vn -0.07520867075694937 0.9971678172920408 0
vn -0.06124770045840405 0.9981225972737806 0
vn -0.06124770045840405 0.9981225972737806 0
vn -0.06124770045840405 0.9981225972737806 0
vn -0.06124770045840405 0.9981225972737806 0
vn -0.06124770045840405 0.9981225972737806 0
vn -0.06124770045840405 0.9981225972737806 0
vn -0.04697582238096723 0.9988960266772673 0
vn -0.04697582238096723 0.9988960266772673 0
vn -0.04697582238096723 0.9988960266772673 0
vn -0.04697582238096723 0.9988960266772673 0
vn -0.04697582238096723 0.9988960266772673 0
vn -0.04697582238096723 0.9988960266772673 0
vn -0.03282019055171168 0.9994612724323785 0
vn -0.03282019055171168 0.9994612724323785 0
vn -0.03282019055171168 0.9994612724323785 0
vn -0.03282019055171168 0.9994612724323785 0
vn -0.03282019055171168 0.9994612724323785 0
vn -0.03282019055171168 0.9994612724323785 0
vn -0.019125378139674576 0.9998170932280637 0
vn -0.019125378139674576 0.9998170932280637 0
vn -0.019125378139674576 0.9998170932280637 0
vn -0.019125378139674576 0.9998170932280637 0
vn -0.019125378139674576 0.9998170932280637 0
vn -0.019125378139674576 0.9998170932280637 0
vn -0.006140474120618486 0.9999811471110713 0
vn -0.006140474120618486 0.9999811471110713 0
vn -0.006140474120618486 0.9999811471110713 0
vn -0.006140474120618486 0.9999811471110713 0
vn -0.006140474120618486 0.9999811471110713 0
vn -0.006140474120618486 0.9999811471110713 0
vn 0.030744321830211942 0.9995272816062603 0
vn 0.030744321830211942 0.9995272816062603 0
vn 0.030744321830211942 0.9995272816062603 0
vn 0.030744321830211942 0.9995272816062603 0
vn 0.030744321830211942 0.9995272816062603 0
vn 0.030744321830211942 0.9995272816062603 0
vn 0.10677403150622303 0.9942833128419223 0
vn 0.10677403150622303 0.9942833128419223 0
vn 0.10677403150622303 0.9942833128419223 0
vn 0.10677403150622303 0.9942833128419223 0
vn 0.10677403150622303 0.9942833128419223 0
vn 0.10677403150622303 0.9942833128419223 0
vn 0.2062629011701692 0.9784966099077018 0
vn 0.2062629011701692 0.9784966099077018 0
vn 0.2062629011701692 0.9784966099077018 0
vn 0.2062629011701692 0.9784966099077018 0
vn 0.2062629011701692 0.9784966099077018 0
vn 0.2062629011701692 0.9784966099077018 0
vn 0.33159654811216094 0.9434212893930789 0
vn 0.33159654811216094 0.9434212893930789 0
vn 0.33159654811216094 0.9434212893930789 0
vn 0.33159654811216094 0.9434212893930789 0
vn 0.33159654811216094 0.9434212893930789 0
vn 0.33159654811216094 0.9434212893930789 0
vn 0.4790109177857659 0.8778089431317263 0
vn 0.4790109177857659 0.8778089431317263 0
vn 0.4790109177857659 0.8778089431317263 0
vn 0.4790109177857659 0.8778089431317263 0
vn 0.4790109177857659 0.8778089431317263 0
vn 0.4790109177857659 0.8778089431317263 0
vn 0.6339989089240868 0.7733339404701358 0
vn 0.6339989089240868 0.7733339404701358 0
vn 0.6339989089240868 0.7733339404701358 0
vn 0.6339989089240868 0.7733339404701358 0
vn 0.6339989089240868 0.7733339404701358 0
vn 0.6339989089240868 0.7733339404701358 0
vn 0.773330853531038 0.6340026742664074 0
vn 0.773330853531038 0.6340026742664074 0
vn 0.773330853531038 0.6340026742664074 0
vn 0.773330853531038 0.6340026742664074 0
vn 0.773330853531038 0.6340026742664074 0
vn 0.773330853531038 0.6340026742664074 0
vn 0.877813057183623 0.4790033785245583 0
vn 0.877813057183623 0.4790033785245583 0
vn 0.877813057183623 0.4790033785245583 0
vn 0.877813057183623 0.4790033785245583 0
vn 0.877813057183623 0.4790033785245583 0
vn 0.877813057183623 0.4790033785245583 0
vn 0.9434196141570698 0.33160131426718686 0
vn 0.9434196141570698 0.33160131426718686 0
vn 0.9434196141570698 0.33160131426718686 0
vn 0.9434196141570698 0.33160131426718686 0
vn 0.9434196141570698 0.33160131426718686 0
vn 0.9434196141570698 0.33160131426718686 0
vn 0.9784957533595805 0.2062669645320522 0
vn 0.9784957533595805 0.2062669645320522 0
vn 0.9784957533595805 0.2062669645320522 0
vn 0.9784957533595805 0.2062669645320522 0
vn 0.9784957533595805 0.2062669645320522 0
vn 0.9784957533595805 0.2062669645320522 0
vn 0.9942833720538782 0.10677348012109221 0
vn 0.9942833720538782 0.10677348012109221 0
vn 0.9942833720538782 0.10677348012109221 0
vn 0.9942833720538782 0.10677348012109221 0
vn 0.9942833720538782 0.10677348012109221 0
vn 0.9942833720538782 0.10677348012109221 0
vn 0.9995274331022375 0.030739396156273035 0
vn 0.9995274331022375 0.030739396156273035 0
vn 0.9995274331022375 0.030739396156273035 0
vn 0.9995274331022375 0.030739396156273035 0
vn 0.9995274331022375 0.030739396156273035 0
vn 0.9995274331022375 0.030739396156273035 0
vn 1 0 0
vn 1 0 0
vn 1 0 0
vn 1 0 0
vn 1 0 0
vn 1 0 0
vn 0 -1 0
vn 0 -1 0
vn 0 -1 0
vn 0 -1 0
vn 0 -1 0
vn 0 -1 0
vn 1 0 0
vn 1 0 0
vn 1 0 0
vn 1 0 0
vn 1 0 0
vn 1 0 0
vn 0 1 0
vn 0 1 0
vn 0 1 0
vn 0 1 0
vn 0 1 0
vn 0 1 0
f 1/1/1 2/2/2 3/3/3
f 4/4/4 5/5/5 6/6/6
f 7/7/7 8/8/8 9/9/9
f 10/10/10 11/11/11 12/12/12
f 13/13/13 14/14/14 15/15/15
f 16/16/16 17/17/17 18/18/18
f 19/19/19 20/20/20 21/21/21
f 22/22/22 23/23/23 24/24/24
f 25/25/25 26/26/26 27/27/27
f 28/28/28 29/29/29 30/30/30
f 31/31/31 32/32/32 33/33/33
f 34/34/34 35/35/35 36/36/36
f 37/37/37 38/38/38 39/39/39
f 40/40/40 41/41/41 42/42/42
f 43/43/43 44/44/44 45/45/45
f 46/46/46 47/47/47 48/48/48
f 49/49/49 50/50/50 51/51/51
f 52/52/52 53/53/53 54/54/54
f 55/55/55 56/56/56 57/57/57
f 58/58/58 59/59/59 60/60/60
f 61/61/61 62/62/62 63/63/63
f 64/64/64 65/65/65 66/66/66
f 67/67/67 68/68/68 69/69/69
f 70/70/70 71/71/71 72/72/72
f 73/73/73 74/74/74 75/75/75
f 76/76/76 77/77/77 78/78/78
f 79/79/79 80/80/80 81/81/81
f 82/82/82 83/83/83 84/84/84
f 85/85/85 86/86/86 87/87/87
f 88/88/88 89/89/89 90/90/90
f 91/91/91 92/92/92 93/93/93
f 94/94/94 95/95/95 96/96/96
f 97/97/97 98/98/98 99/99/99
f 100/100/100 101/101/101 102/102/102
f 103/103/103 104/104/104 105/105/105
f 106/106/106 107/107/107 108/108/108
f 109/109/109 110/110/110 111/111/111
f 112/112/112 113/113/113 114/114/114
f 115/115/115 116/116/116 117/117/117
f 118/118/118 119/119/119 120/120/120
f 121/121/121 122/122/122 123/123/123
f 124/124/124 125/125/125 126/126/126
f 127/127/127 128/128/128 129/129/129
f 130/130/130 131/131/131 132/132/132
f 133/133/133 134/134/134 135/135/135
f 136/136/136 137/137/137 138/138/138
f 139/139/139 140/140/140 141/141/141
f 142/142/142 143/143/143 144/144/144
f 145/145/145 146/146/146 147/147/147
f 148/148/148 149/149/149 150/150/150
f 151/151/151 152/152/152 153/153/153
f 154/154/154 155/155/155 156/156/156
f 157/157/157 158/158/158 159/159/159
f 160/160/160 161/161/161 162/162/162
f 163/163/163 164/164/164 165/165/165
f 166/166/166 167/167/167 168/168/168
f 169/169/169 170/170/170 171/171/171
f 172/172/172 173/173/173 174/174/174
f 175/175/175 176/176/176 177/177/177
f 178/178/178 179/179/179 180/180/180
f 181/181/181 182/182/182 183/183/183
f 184/184/184 185/185/185 186/186/186
f 187/187/187 188/188/188 189/189/189
f 190/190/190 191/191/191 192/192/192
f 193/193/193 194/194/194 195/195/195
f 196/196/196 197/197/197 198/198/198
f 199/199/199 200/200/200 201/201/201
f 202/202/202 203/203/203 204/204/204
f 205/205/205 206/206/206 207/207/207
f 208/208/208 209/209/209 210/210/210
f 211/211/211 212/212/212 213/213/213
f 214/214/214 215/215/215 216/216/216
f 217/217/217 218/218/218 219/219/219
f 220/220/220 221/221/221 222/222/222
f 223/223/223 224/224/224 225/225/225
f 226/226/226 227/227/227 228/228/228
f 229/229/229 230/230/230 231/231/231
f 232/232/232 233/233/233 234/234/234
f 235/235/235 236/236/236 237/237/237
f 238/238/238 239/239/239 240/240/240
f 241/241/241 242/242/242 243/243/243
f 244/244/244 245/245/245 246/246/246
f 247/247/247 248/248/248 249/249/249
f 250/250/250 251/251/251 252/252/252
f 253/253/253 254/254/254 255/255/255
f 256/256/256 257/257/257 258/258/258
f 259/259/259 260/260/260 261/261/261
f 262/262/262 263/263/263 264/264/264
f 265/265/265 266/266/266 267/267/267
f 268/268/268 269/269/269 270/270/270
f 271/271/271 272/272/272 273/273/273
f 274/274/274 275/275/275 276/276/276
f 277/277/277 278/278/278 279/279/279
f 280/280/280 281/281/281 282/282/282
f 283/283/283 284/284/284 285/285/285
f 286/286/286 287/287/287 288/288/288
f 289/289/289 290/290/290 291/291/291
f 292/292/292 293/293/293 294/294/294
f 295/295/295 296/296/296 297/297/297
f 298/298/298 299/299/299 300/300/300
f 301/301/301 302/302/302 303/303/303
f 304/304/304 305/305/305 306/306/306
f 307/307/307 308/308/308 309/309/309
f 310/310/310 311/311/311 312/312/312
f 313/313/313 314/314/314 315/315/315
f 316/316/316 317/317/317 318/318/318
f 319/319/319 320/320/320 321/321/321
f 322/322/322 323/323/323 324/324/324
f 325/325/325 326/326/326 327/327/327
f 328/328/328 329/329/329 330/330/330
f 331/331/331 332/332/332 333/333/333
f 334/334/334 335/335/335 336/336/336
f 337/337/337 338/338/338 339/339/339
f 340/340/340 341/341/341 342/342/342
f 343/343/343 344/344/344 345/345/345
f 346/346/346 347/347/347 348/348/348
f 349/349/349 350/350/350 351/351/351
f 352/352/352 353/353/353 354/354/354
f 355/355/355 356/356/356 357/357/357
f 358/358/358 359/359/359 360/360/360
f 361/361/361 362/362/362 363/363/363
f 364/364/364 365/365/365 366/366/366
f 367/367/367 368/368/368 369/369/369
f 370/370/370 371/371/371 372/372/372
f 373/373/373 374/374/374 375/375/375
f 376/376/376 377/377/377 378/378/378
f 379/379/379 380/380/380 381/381/381
f 382/382/382 383/383/383 384/384/384
f 385/385/385 386/386/386 387/387/387
f 388/388/388 389/389/389 390/390/390
f 391/391/391 392/392/392 393/393/393
f 394/394/394 395/395/395 396/396/396
f 397/397/397 398/398/398 399/399/399
f 400/400/400 401/401/401 402/402/402
f 403/403/403 404/404/404 405/405/405
f 406/406/406 407/407/407 408/408/408
f 409/409/409 410/410/410 411/411/411
f 412/412/412 413/413/413 414/414/414
f 415/415/415 416/416/416 417/417/417
f 418/418/418 419/419/419 420/420/420
f 421/421/421 422/422/422 423/423/423
f 424/424/424 425/425/425 426/426/426
f 427/427/427 428/428/428 429/429/429
f 430/430/430 431/431/431 432/432/432
f 433/433/433 434/434/434 435/435/435
f 436/436/436 437/437/437 438/438/438
f 439/439/439 440/440/440 441/441/441
f 442/442/442 443/443/443 444/444/444
f 445/445/445 446/446/446 447/447/447
f 448/448/448 449/449/449 450/450/450
f 451/451/451 452/452/452 453/453/453
f 454/454/454 455/455/455 456/456/456
f 457/457/457 458/458/458 459/459/459
f 460/460/460 461/461/461 462/462/462
f 463/463/463 464/464/464 465/465/465
f 466/466/466 467/467/467 468/468/468
f 469/469/469 470/470/470 471/471/471
f 472/472/472 473/473/473 474/474/474
f 475/475/475 476/476/476 477/477/477
f 478/478/478 479/479/479 480/480/480
f 481/481/481 482/482/482 483/483/483
f 484/484/484 485/485/485 486/486/486
f 487/487/487 488/488/488 489/489/489
f 490/490/490 491/491/491 492/492/492
f 493/493/493 494/494/494 495/495/495
f 496/496/496 497/497/497 498/498/498
f 499/499/499 500/500/500 501/501/501
f 502/502/502 503/503/503 504/504/504
f 505/505/505 506/506/506 507/507/507
f 508/508/508 509/509/509 510/510/510
f 511/511/511 512/512/512 513/513/513
f 514/514/514 515/515/515 516/516/516
f 517/517/517 518/518/518 519/519/519
f 520/520/520 521/521/521 522/522/522
f 523/523/523 524/524/524 525/525/525
f 526/526/526 527/527/527 528/528/528
f 529/529/529 530/530/530 531/531/531
f 532/532/532 533/533/533 534/534/534
f 535/535/535 536/536/536 537/537/537
f 538/538/538 539/539/539 540/540/540
f 541/541/541 542/542/542 543/543/543
f 544/544/544 545/545/545 546/546/546
f 547/547/547 548/548/548 549/549/549
f 550/550/550 551/551/551 552/552/552
f 553/553/553 554/554/554 555/555/555
f 556/556/556 557/557/557 558/558/558
f 559/559/559 560/560/560 561/561/561
f 562/562/562 563/563/563 564/564/564
f 565/565/565 566/566/566 567/567/567
f 568/568/568 569/569/569 570/570/570
f 571/571/571 572/572/572 573/573/573
f 574/574/574 575/575/575 576/576/576
f 577/577/577 578/578/578 579/579/579
f 580/580/580 581/581/581 582/582/582
f 583/583/583 584/584/584 585/585/585
f 586/586/586 587/587/587 588/588/588
f 589/589/589 590/590/590 591/591/591
f 592/592/592 593/593/593 594/594/594
f 595/595/595 596/596/596 597/597/597
f 598/598/598 599/599/599 600/600/600
f 601/601/601 602/602/602 603/603/603
f 604/604/604 605/605/605 606/606/606
f 607/607/607 608/608/608 609/609/609
f 610/610/610 611/611/611 612/612/612
f 613/613/613 614/614/614 615/615/615
f 616/616/616 617/617/617 618/618/618
f 619/619/619 620/620/620 621/621/621
f 622/622/622 623/623/623 624/624/624
f 625/625/625 626/626/626 627/627/627
f 628/628/628 629/629/629 630/630/630
f 631/631/631 632/632/632 633/633/633
f 634/634/634 635/635/635 636/636/636
f 637/637/637 638/638/638 639/639/639
f 640/640/640 641/641/641 642/642/642
f 643/643/643 644/644/644 645/645/645
f 646/646/646 647/647/647 648/648/648
f 649/649/649 650/650/650 651/651/651
f 652/652/652 653/653/653 654/654/654
f 655/655/655 656/656/656 657/657/657
f 658/658/658 659/659/659 660/660/660
f 661/661/661 662/662/662 663/663/663
f 664/664/664 665/665/665 666/666/666
f 667/667/667 668/668/668 669/669/669
f 670/670/670 671/671/671 672/672/672
f 673/673/673 674/674/674 675/675/675
f 676/676/676 677/677/677 678/678/678
f 679/679/679 680/680/680 681/681/681
f 682/682/682 683/683/683 684/684/684
f 685/685/685 686/686/686 687/687/687
f 688/688/688 689/689/689 690/690/690
f 691/691/691 692/692/692 693/693/693
f 694/694/694 695/695/695 696/696/696
f 697/697/697 698/698/698 699/699/699
f 700/700/700 701/701/701 702/702/702
f 703/703/703 704/704/704 705/705/705
f 706/706/706 707/707/707 708/708/708
f 709/709/709 710/710/710 711/711/711
f 712/712/712 713/713/713 714/714/714
f 715/715/715 716/716/716 717/717/717
f 718/718/718 719/719/719 720/720/720
f 721/721/721 722/722/722 723/723/723
f 724/724/724 725/725/725 726/726/726
f 727/727/727 728/728/728 729/729/729
f 730/730/730 731/731/731 732/732/732
f 733/733/733 734/734/734 735/735/735
f 736/736/736 737/737/737 738/738/738
f 739/739/739 740/740/740 741/741/741
f 742/742/742 743/743/743 744/744/744
f 745/745/745 746/746/746 747/747/747
f 748/748/748 749/749/749 750/750/750
f 751/751/751 752/752/752 753/753/753
f 754/754/754 755/755/755 756/756/756
f 757/757/757 758/758/758 759/759/759
f 760/760/760 761/761/761 762/762/762
f 763/763/763 764/764/764 765/765/765
f 766/766/766 767/767/767 768/768/768
f 769/769/769 770/770/770 771/771/771
f 772/772/772 773/773/773 774/774/774
f 775/775/775 776/776/776 777/777/777
f 778/778/778 779/779/779 780/780/780
f 781/781/781 782/782/782 783/783/783
f 784/784/784 785/785/785 786/786/786
f 787/787/787 788/788/788 789/789/789
f 790/790/790 791/791/791 792/792/792
f 793/793/793 794/794/794 795/795/795
f 796/796/796 797/797/797 798/798/798
f 799/799/799 800/800/800 801/801/801
f 802/802/802 803/803/803 804/804/804
f 805/805/805 806/806/806 807/807/807
f 808/808/808 809/809/809 810/810/810
f 811/811/811 812/812/812 813/813/813
f 814/814/814 815/815/815 816/816/816
f 817/817/817 818/818/818 819/819/819
f 820/820/820 821/821/821 822/822/822
f 823/823/823 824/824/824 825/825/825
f 826/826/826 827/827/827 828/828/828
f 829/829/829 830/830/830 831/831/831
f 832/832/832 833/833/833 834/834/834
f 835/835/835 836/836/836 837/837/837
f 838/838/838 839/839/839 840/840/840
f 841/841/841 842/842/842 843/843/843
f 844/844/844 845/845/845 846/846/846
f 847/847/847 848/848/848 849/849/849
f 850/850/850 851/851/851 852/852/852
f 853/853/853 854/854/854 855/855/855
f 856/856/856 857/857/857 858/858/858
f 859/859/859 860/860/860 861/861/861
f 862/862/862 863/863/863 864/864/864
f 865/865/865 866/866/866 867/867/867
f 868/868/868 869/869/869 870/870/870
f 871/871/871 872/872/872 873/873/873
f 874/874/874 875/875/875 876/876/876
f 877/877/877 878/878/878 879/879/879
f 880/880/880 881/881/881 882/882/882
f 883/883/883 884/884/884 885/885/885
f 886/886/886 887/887/887 888/888/888
f 889/889/889 890/890/890 891/891/891
f 892/892/892 893/893/893 894/894/894
f 895/895/895 896/896/896 897/897/897
f 898/898/898 899/899/899 900/900/900
f 901/901/901 902/902/902 903/903/903
f 904/904/904 905/905/905 906/906/906
f 907/907/907 908/908/908 909/909/909
f 910/910/910 911/911/911 912/912/912
f 913/913/913 914/914/914 915/915/915
f 916/916/916 917/917/917 918/918/918
f 919/919/919 920/920/920 921/921/921
f 922/922/922 923/923/923 924/924/924
f 925/925/925 926/926/926 927/927/927
f 928/928/928 929/929/929 930/930/930
f 931/931/931 932/932/932 933/933/933
f 934/934/934 935/935/935 936/936/936
f 937/937/937 938/938/938 939/939/939
f 940/940/940 941/941/941 942/942/942
f 943/943/943 944/944/944 945/945/945
f 946/946/946 947/947/947 948/948/948
f 949/949/949 950/950/950 951/951/951
f 952/952/952 953/953/953 954/954/954
f 955/955/955 956/956/956 957/957/957
f 958/958/958 959/959/959 960/960/960
f 961/961/961 962/962/962 963/963/963
f 964/964/964 965/965/965 966/966/966
f 967/967/967 968/968/968 969/969/969
f 970/970/970 971/971/971 972/972/972
f 973/973/973 974/974/974 975/975/975
f 976/976/976 977/977/977 978/978/978
f 979/979/979 980/980/980 981/981/981
f 982/982/982 983/983/983 984/984/984
f 985/985/985 986/986/986 987/987/987
f 988/988/988 989/989/989 990/990/990
f 991/991/991 992/992/992 993/993/993
f 994/994/994 995/995/995 996/996/996
f 997/997/997 998/998/998 999/999/999
f 1000/1000/1000 1001/1001/1001 1002/1002/1002
f 1003/1003/1003 1004/1004/1004 1005/1005/1005
f 1006/1006/1006 1007/1007/1007 1008/1008/1008
f 1009/1009/1009 1010/1010/1010 1011/1011/1011
f 1012/1012/1012 1013/1013/1013 1014/1014/1014
f 1015/1015/1015 1016/1016/1016 1017/1017/1017
f 1018/1018/1018 1019/1019/1019 1020/1020/1020
f 1021/1021/1021 1022/1022/1022 1023/1023/1023
f 1024/1024/1024 1025/1025/1025 1026/1026/1026
f 1027/1027/1027 1028/1028/1028 1029/1029/1029
f 1030/1030/1030 1031/1031/1031 1032/1032/1032
f 1033/1033/1033 1034/1034/1034 1035/1035/1035
f 1036/1036/1036 1037/1037/1037 1038/1038/1038
f 1039/1039/1039 1040/1040/1040 1041/1041/1041
f 1042/1042/1042 1043/1043/1043 1044/1044/1044
f 1045/1045/1045 1046/1046/1046 1047/1047/1047
f 1048/1048/1048 1049/1049/1049 1050/1050/1050
f 1051/1051/1051 1052/1052/1052 1053/1053/1053
f 1054/1054/1054 1055/1055/1055 1056/1056/1056
f 1057/1057/1057 1058/1058/1058 1059/1059/1059
f 1060/1060/1060 1061/1061/1061 1062/1062/1062
f 1063/1063/1063 1064/1064/1064 1065/1065/1065
f 1066/1066/1066 1067/1067/1067 1068/1068/1068
f 1069/1069/1069 1070/1070/1070 1071/1071/1071
f 1072/1072/1072 1073/1073/1073 1074/1074/1074
f 1075/1075/1075 1076/1076/1076 1077/1077/1077
f 1078/1078/1078 1079/1079/1079 1080/1080/1080
f 1081/1081/1081 1082/1082/1082 1083/1083/1083
f 1084/1084/1084 1085/1085/1085 1086/1086/1086
f 1087/1087/1087 1088/1088/1088 1089/1089/1089
f 1090/1090/1090 1091/1091/1091 1092/1092/1092
f 1093/1093/1093 1094/1094/1094 1095/1095/1095
f 1096/1096/1096 1097/1097/1097 1098/1098/1098
f 1099/1099/1099 1100/1100/1100 1101/1101/1101
f 1102/1102/1102 1103/1103/1103 1104/1104/1104
f 1105/1105/1105 1106/1106/1106 1107/1107/1107
f 1108/1108/1108 1109/1109/1109 1110/1110/1110
f 1111/1111/1111 1112/1112/1112 1113/1113/1113
f 1114/1114/1114 1115/1115/1115 1116/1116/1116
f 1117/1117/1117 1118/1118/1118 1119/1119/1119
f 1120/1120/1120 1121/1121/1121 1122/1122/1122
f 1123/1123/1123 1124/1124/1124 1125/1125/1125
f 1126/1126/1126 1127/1127/1127 1128/1128/1128
f 1129/1129/1129 1130/1130/1130 1131/1131/1131
f 1132/1132/1132 1133/1133/1133 1134/1134/1134
f 1135/1135/1135 1136/1136/1136 1137/1137/1137
f 1138/1138/1138 1139/1139/1139 1140/1140/1140
f 1141/1141/1141 1142/1142/1142 1143/1143/1143
f 1144/1144/1144 1145/1145/1145 1146/1146/1146
f 1147/1147/1147 1148/1148/1148 1149/1149/1149
f 1150/1150/1150 1151/1151/1151 1152/1152/1152
f 1153/1153/1153 1154/1154/1154 1155/1155/1155
f 1156/1156/1156 1157/1157/1157 1158/1158/1158
f 1159/1159/1159 1160/1160/1160 1161/1161/1161
f 1162/1162/1162 1163/1163/1163 1164/1164/1164
f 1165/1165/1165 1166/1166/1166 1167/1167/1167
f 1168/1168/1168 1169/1169/1169 1170/1170/1170
f 1171/1171/1171 1172/1172/1172 1173/1173/1173
f 1174/1174/1174 1175/1175/1175 1176/1176/1176
f 1177/1177/1177 1178/1178/1178 1179/1179/1179
f 1180/1180/1180 1181/1181/1181 1182/1182/1182
f 1183/1183/1183 1184/1184/1184 1185/1185/1185
f 1186/1186/1186 1187/1187/1187 1188/1188/1188
f 1189/1189/1189 1190/1190/1190 1191/1191/1191
f 1192/1192/1192 1193/1193/1193 1194/1194/1194
f 1195/1195/1195 1196/1196/1196 1197/1197/1197
f 1198/1198/1198 1199/1199/1199 1200/1200/1200
f 1201/1201/1201 1202/1202/1202 1203/1203/1203
f 1204/1204/1204 1205/1205/1205 1206/1206/1206
f 1207/1207/1207 1208/1208/1208 1209/1209/1209
f 1210/1210/1210 1211/1211/1211 1212/1212/1212
f 1213/1213/1213 1214/1214/1214 1215/1215/1215
f 1216/1216/1216 1217/1217/1217 1218/1218/1218
f 1219/1219/1219 1220/1220/1220 1221/1221/1221
f 1222/1222/1222 1223/1223/1223 1224/1224/1224
f 1225/1225/1225 1226/1226/1226 1227/1227/1227
f 1228/1228/1228 1229/1229/1229 1230/1230/1230
f 1231/1231/1231 1232/1232/1232 1233/1233/1233
f 1234/1234/1234 1235/1235/1235 1236/1236/1236
f 1237/1237/1237 1238/1238/1238 1239/1239/1239
f 1240/1240/1240 1241/1241/1241 1242/1242/1242
f 1243/1243/1243 1244/1244/1244 1245/1245/1245
f 1246/1246/1246 1247/1247/1247 1248/1248/1248
f 1249/1249/1249 1250/1250/1250 1251/1251/1251
f 1252/1252/1252 1253/1253/1253 1254/1254/1254
f 1255/1255/1255 1256/1256/1256 1257/1257/1257
f 1258/1258/1258 1259/1259/1259 1260/1260/1260
f 1261/1261/1261 1262/1262/1262 1263/1263/1263
f 1264/1264/1264 1265/1265/1265 1266/1266/1266
f 1267/1267/1267 1268/1268/1268 1269/1269/1269
f 1270/1270/1270 1271/1271/1271 1272/1272/1272
f 1273/1273/1273 1274/1274/1274 1275/1275/1275
f 1276/1276/1276 1277/1277/1277 1278/1278/1278
f 1279/1279/1279 1280/1280/1280 1281/1281/1281
f 1282/1282/1282 1283/1283/1283 1284/1284/1284
f 1285/1285/1285 1286/1286/1286 1287/1287/1287
f 1288/1288/1288 1289/1289/1289 1290/1290/1290
f 1291/1291/1291 1292/1292/1292 1293/1293/1293
f 1294/1294/1294 1295/1295/1295 1296/1296/1296
f 1297/1297/1297 1298/1298/1298 1299/1299/1299
f 1300/1300/1300 1301/1301/1301 1302/1302/1302
f 1303/1303/1303 1304/1304/1304 1305/1305/1305
f 1306/1306/1306 1307/1307/1307 1308/1308/1308
f 1309/1309/1309 1310/1310/1310 1311/1311/1311
f 1312/1312/1312 1313/1313/1313 1314/1314/1314
f 1315/1315/1315 1316/1316/1316 1317/1317/1317
f 1318/1318/1318 1319/1319/1319 1320/1320/1320
f 1321/1321/1321 1322/1322/1322 1323/1323/1323
f 1324/1324/1324 1325/1325/1325 1326/1326/1326
f 1327/1327/1327 1328/1328/1328 1329/1329/1329
f 1330/1330/1330 1331/1331/1331 1332/1332/1332
f 1333/1333/1333 1334/1334/1334 1335/1335/1335
f 1336/1336/1336 1337/1337/1337 1338/1338/1338
f 1339/1339/1339 1340/1340/1340 1341/1341/1341
f 1342/1342/1342 1343/1343/1343 1344/1344/1344
f 1345/1345/1345 1346/1346/1346 1347/1347/1347
f 1348/1348/1348 1349/1349/1349 1350/1350/1350
f 1351/1351/1351 1352/1352/1352 1353/1353/1353
f 1354/1354/1354 1355/1355/1355 1356/1356/1356
f 1357/1357/1357 1358/1358/1358 1359/1359/1359
f 1360/1360/1360 1361/1361/1361 1362/1362/1362
f 1363/1363/1363 1364/1364/1364 1365/1365/1365
f 1366/1366/1366 1367/1367/1367 1368/1368/1368
f 1369/1369/1369 1370/1370/1370 1371/1371/1371
f 1372/1372/1372 1373/1373/1373 1374/1374/1374
f 1375/1375/1375 1376/1376/1376 1377/1377/1377
f 1378/1378/1378 1379/1379/1379 1380/1380/1380
f 1381/1381/1381 1382/1382/1382 1383/1383/1383
f 1384/1384/1384 1385/1385/1385 1386/1386/1386
f 1387/1387/1387 1388/1388/1388 1389/1389/1389
f 1390/1390/1390 1391/1391/1391 1392/1392/1392
f 1393/1393/1393 1394/1394/1394 1395/1395/1395
f 1396/1396/1396 1397/1397/1397 1398/1398/1398
f 1399/1399/1399 1400/1400/1400 1401/1401/1401
f 1402/1402/1402 1403/1403/1403 1404/1404/1404
f 1405/1405/1405 1406/1406/1406 1407/1407/1407
f 1408/1408/1408 1409/1409/1409 1410/1410/1410
f 1411/1411/1411 1412/1412/1412 1413/1413/1413
f 1414/1414/1414 1415/1415/1415 1416/1416/1416
f 1417/1417/1417 1418/1418/1418 1419/1419/1419
f 1420/1420/1420 1421/1421/1421 1422/1422/1422
f 1423/1423/1423 1424/1424/1424 1425/1425/1425
f 1426/1426/1426 1427/1427/1427 1428/1428/1428
f 1429/1429/1429 1430/1430/1430 1431/1431/1431
f 1432/1432/1432 1433/1433/1433 1434/1434/1434
f 1435/1435/1435 1436/1436/1436 1437/1437/1437
f 1438/1438/1438 1439/1439/1439 1440/1440/1440
f 1441/1441/1441 1442/1442/1442 1443/1443/1443
f 1444/1444/1444 1445/1445/1445 1446/1446/1446
f 1447/1447/1447 1448/1448/1448 1449/1449/1449
f 1450/1450/1450 1451/1451/1451 1452/1452/1452
f 1453/1453/1453 1454/1454/1454 1455/1455/1455
f 1456/1456/1456 1457/1457/1457 1458/1458/1458
f 1459/1459/1459 1460/1460/1460 1461/1461/1461
f 1462/1462/1462 1463/1463/1463 1464/1464/1464
f 1465/1465/1465 1466/1466/1466 1467/1467/1467
f 1468/1468/1468 1469/1469/1469 1470/1470/1470
f 1471/1471/1471 1472/1472/1472 1473/1473/1473
f 1474/1474/1474 1475/1475/1475 1476/1476/1476
f 1477/1477/1477 1478/1478/1478 1479/1479/1479
f 1480/1480/1480 1481/1481/1481 1482/1482/1482
f 1483/1483/1483 1484/1484/1484 1485/1485/1485
f 1486/1486/1486 1487/1487/1487 1488/1488/1488
f 1489/1489/1489 1490/1490/1490 1491/1491/1491
f 1492/1492/1492 1493/1493/1493 1494/1494/1494
f 1495/1495/1495 1496/1496/1496 1497/1497/1497
f 1498/1498/1498 1499/1499/1499 1500/1500/1500
f 1501/1501/1501 1502/1502/1502 1503/1503/1503
f 1504/1504/1504 1505/1505/1505 1506/1506/1506
f 1507/1507/1507 1508/1508/1508 1509/1509/1509
f 1510/1510/1510 1511/1511/1511 1512/1512/1512
f 1513/1513/1513 1514/1514/1514 1515/1515/1515
f 1516/1516/1516 1517/1517/1517 1518/1518/1518
f 1519/1519/1519 1520/1520/1520 1521/1521/1521
f 1522/1522/1522 1523/1523/1523 1524/1524/1524
f 1525/1525/1525 1526/1526/1526 1527/1527/1527
f 1528/1528/1528 1529/1529/1529 1530/1530/1530
f 1531/1531/1531 1532/1532/1532 1533/1533/1533
f 1534/1534/1534 1535/1535/1535 1536/1536/1536
f 1537/1537/1537 1538/1538/1538 1539/1539/1539
f 1540/1540/1540 1541/1541/1541 1542/1542/1542
f 1543/1543/1543 1544/1544/1544 1545/1545/1545
f 1546/1546/1546 1547/1547/1547 1548/1548/1548
f 1549/1549/1549 1550/1550/1550 1551/1551/1551
f 1552/1552/1552 1553/1553/1553 1554/1554/1554
f 1555/1555/1555 1556/1556/1556 1557/1557/1557
f 1558/1558/1558 1559/1559/1559 1560/1560/1560
f 1561/1561/1561 1562/1562/1562 1563/1563/1563
f 1564/1564/1564 1565/1565/1565 1566/1566/1566
f 1567/1567/1567 1568/1568/1568 1569/1569/1569
f 1570/1570/1570 1571/1571/1571 1572/1572/1572
